# Blender v3.6.2 OBJ File: ''
# www.blender.org
mtllib mazda.mtl
o Low_Poly_Rx7_Mesh
v -1.870548 0.336392 -0.119886
v -1.838255 0.412600 -0.119886
v -1.761533 0.443652 -0.119886
v -1.685325 0.411359 -0.119886
v -1.654272 0.334637 -0.119886
v -1.686566 0.258429 -0.119886
v -1.763287 0.227377 -0.119886
v -1.839495 0.259670 -0.119886
v -1.815433 0.335945 -0.221506
v -1.799599 0.373312 -0.221506
v -1.761980 0.388538 -0.221506
v -1.724613 0.372703 -0.221506
v -1.709387 0.335084 -0.221506
v -1.725221 0.297717 -0.221506
v -1.762840 0.282491 -0.221506
v -1.800207 0.298326 -0.221506
v -1.815433 0.335945 -0.699887
v -1.799599 0.373312 -0.699886
v -1.761980 0.388538 -0.699887
v -1.724613 0.372703 -0.699887
v -1.709387 0.335084 -0.699887
v -1.725221 0.297717 -0.699887
v -1.762840 0.282491 -0.699887
v -1.800207 0.298326 -0.699887
v -1.870548 0.336392 0.000005
v -1.838255 0.412600 0.000005
v -1.761533 0.443652 0.000005
v -1.685325 0.411359 0.000005
v -1.654272 0.334637 0.000005
v -1.686566 0.258429 0.000005
v -1.763287 0.227377 0.000005
v -1.839495 0.259670 0.000005
v -1.800206 0.298326 0.699896
v -1.815432 0.335945 0.699896
v -1.799598 0.373313 0.699896
v -1.761979 0.388538 0.699896
v -1.724612 0.372704 0.699896
v -1.709386 0.335085 0.699896
v -1.725220 0.297718 0.699896
v -1.762839 0.282492 0.699896
v -1.870548 0.336392 0.119895
v -1.838255 0.412600 0.119895
v -1.761533 0.443652 0.119895
v -1.685325 0.411359 0.119895
v -1.654272 0.334637 0.119895
v -1.686565 0.258429 0.119895
v -1.763287 0.227377 0.119895
v -1.839495 0.259670 0.119895
v -1.799599 0.373312 0.221515
v -1.815433 0.335945 0.221516
v -1.761980 0.388538 0.221516
v -1.724612 0.372704 0.221515
v -1.709387 0.335085 0.221516
v -1.725221 0.297718 0.221516
v -1.762840 0.282492 0.221516
v -1.800207 0.298326 0.221516
v 1.567662 0.271007 -0.699890
v 1.583496 0.308374 -0.699890
v 1.568270 0.345993 -0.699890
v 1.530903 0.361827 -0.699890
v 1.493284 0.346601 -0.699890
v 1.477450 0.309234 -0.699890
v 1.492676 0.271615 -0.699890
v 1.530043 0.255781 -0.699890
v 1.638612 0.307927 -0.119890
v 1.638612 0.307927 0.000001
v 1.607560 0.384649 0.000001
v 1.607560 0.384649 -0.119890
v 1.531352 0.416942 0.000001
v 1.531351 0.416942 -0.119889
v 1.454630 0.385889 0.000001
v 1.454630 0.385889 -0.119889
v 1.422337 0.309681 0.000001
v 1.422337 0.309681 -0.119889
v 1.453389 0.232959 0.000001
v 1.453389 0.232959 -0.119890
v 1.529597 0.200666 0.000001
v 1.529597 0.200666 -0.119890
v 1.606320 0.231719 0.000001
v 1.606319 0.231719 -0.119890
v 1.568272 0.345993 -0.221510
v 1.583497 0.308374 -0.221510
v 1.530904 0.361827 -0.221510
v 1.493285 0.346601 -0.221510
v 1.477451 0.309234 -0.221510
v 1.492677 0.271615 -0.221510
v 1.530044 0.255781 -0.221510
v 1.567663 0.271007 -0.221510
v 1.567664 0.271008 0.699892
v 1.530044 0.255782 0.699893
v 1.492678 0.271616 0.699893
v 1.477451 0.309235 0.699893
v 1.493286 0.346602 0.699892
v 1.530905 0.361828 0.699892
v 1.568272 0.345994 0.699892
v 1.583498 0.308375 0.699892
v 1.638612 0.307927 0.119892
v 1.607560 0.384649 0.119891
v 1.531352 0.416942 0.119891
v 1.454630 0.385889 0.119892
v 1.422337 0.309681 0.119892
v 1.453389 0.232960 0.119892
v 1.529597 0.200666 0.119892
v 1.606319 0.231719 0.119892
v 1.583498 0.308374 0.221512
v 1.568272 0.345993 0.221512
v 1.530905 0.361827 0.221512
v 1.493286 0.346601 0.221512
v 1.477452 0.309234 0.221512
v 1.492678 0.271615 0.221512
v 1.530045 0.255781 0.221512
v 1.567664 0.271007 0.221512
v -1.886034 0.313097 -0.800761
v -1.885683 0.356394 -0.782826
v -1.885537 0.374328 -0.739528
v -1.885683 0.356394 -0.696229
v -1.886034 0.313097 -0.678295
v -1.886385 0.269800 -0.696229
v -1.886531 0.251866 -0.739528
v -1.886385 0.269800 -0.782826
v -1.639167 0.311094 -0.800761
v -1.638816 0.354391 -0.782826
v -1.638670 0.372325 -0.739528
v -1.638815 0.354391 -0.696229
v -1.639166 0.311094 -0.678295
v -1.639518 0.267797 -0.696229
v -1.639663 0.249863 -0.739528
v -1.639518 0.267797 -0.782826
v -1.639516 0.267798 0.782835
v -1.639165 0.311095 0.800770
v -1.638814 0.354392 0.782835
v -1.638668 0.372326 0.739537
v -1.638814 0.354392 0.696238
v -1.639165 0.311095 0.678304
v -1.639516 0.267798 0.696239
v -1.639662 0.249864 0.739537
v -1.886032 0.313098 0.800771
v -1.885681 0.356394 0.782836
v -1.885535 0.374329 0.739537
v -1.885681 0.356394 0.696239
v -1.886032 0.313097 0.678304
v -1.886383 0.269800 0.696239
v -1.886529 0.251866 0.739537
v -1.886383 0.269801 0.782836
v 1.406498 0.243089 -0.782829
v 1.406850 0.286386 -0.800764
v 1.407201 0.329683 -0.782829
v 1.407346 0.347617 -0.739531
v 1.407201 0.329683 -0.696233
v 1.406850 0.286386 -0.678298
v 1.406498 0.243089 -0.696233
v 1.406353 0.225155 -0.739531
v 1.653717 0.284384 -0.800765
v 1.654068 0.327681 -0.782830
v 1.654213 0.345615 -0.739532
v 1.654068 0.327681 -0.696233
v 1.653717 0.284384 -0.678299
v 1.653365 0.241087 -0.696233
v 1.653220 0.223153 -0.739532
v 1.653365 0.241087 -0.782830
v 1.406500 0.243090 0.782832
v 1.406355 0.225156 0.739534
v 1.406500 0.243090 0.696235
v 1.406851 0.286387 0.678300
v 1.407202 0.329684 0.696235
v 1.407348 0.347618 0.739533
v 1.407202 0.329684 0.782832
v 1.406851 0.286387 0.800767
v 1.653718 0.284385 0.800767
v 1.654070 0.327682 0.782832
v 1.654215 0.345616 0.739533
v 1.654070 0.327681 0.696235
v 1.653718 0.284385 0.678300
v 1.653367 0.241088 0.696235
v 1.653222 0.223153 0.739534
v 1.653367 0.241088 0.782832
v -0.201550 0.393919 0.137429
v 0.178017 0.390840 0.137429
v -0.201550 0.393919 -0.137424
v 0.178017 0.390840 -0.137424
v -0.202621 0.261820 -0.119864
v -0.202317 0.299334 -0.137424
v -0.202783 0.241840 -0.086891
v 0.176945 0.258741 -0.119864
v 0.176783 0.238762 -0.086891
v 0.177250 0.296255 -0.137424
v 0.176945 0.258741 0.119869
v 0.177250 0.296255 0.137429
v 0.176783 0.238762 0.086895
v -0.202621 0.261820 0.119869
v -0.202784 0.241840 0.086895
v -0.202317 0.299334 0.137429
v 2.044073 0.318911 -0.516665
v 2.044366 0.299268 -0.521924
v 2.044703 0.284888 -0.536300
v 2.044995 0.279623 -0.555941
v 2.045163 0.284884 -0.575585
v 2.045161 0.299262 -0.589967
v 2.044991 0.318904 -0.595235
v 2.044697 0.338547 -0.589976
v 2.044360 0.352927 -0.575600
v 2.044068 0.358192 -0.555959
v 2.043901 0.352931 -0.536316
v 2.043902 0.338553 -0.521933
v 0.981617 0.307859 -0.528202
v 0.980581 0.288200 -0.533476
v 0.977287 0.273777 -0.547895
v 0.972618 0.268453 -0.567594
v 0.967826 0.273656 -0.587295
v 0.964193 0.287991 -0.601720
v 0.962693 0.307617 -0.607004
v 0.963730 0.327276 -0.601730
v 0.967023 0.341699 -0.587311
v 0.971692 0.347023 -0.567612
v 0.976484 0.341820 -0.547911
v 0.980117 0.327485 -0.533486
v 0.943648 0.305692 -0.500954
v 0.939388 0.285995 -0.504534
v 0.927243 0.271466 -0.514307
v 0.910468 0.265999 -0.527656
v 0.893559 0.271058 -0.541002
v 0.881045 0.285287 -0.550771
v 0.876280 0.304875 -0.554344
v 0.880541 0.324572 -0.550764
v 0.892686 0.339100 -0.540991
v 0.909461 0.344568 -0.527643
v 0.926370 0.339509 -0.514296
v 0.938884 0.325279 -0.504528
v 0.917534 0.305314 -0.442114
v 0.912708 0.285607 -0.443505
v 0.899011 0.271051 -0.447261
v 0.880112 0.265546 -0.452376
v 0.861076 0.270567 -0.457478
v 0.847003 0.284769 -0.461201
v 0.841664 0.304347 -0.462548
v 0.846490 0.324054 -0.461156
v 0.860187 0.338610 -0.457401
v 0.879086 0.344115 -0.452286
v 0.898122 0.339093 -0.447184
v 0.912195 0.324891 -0.443461
v 0.769994 0.303560 -0.029393
v 0.766186 0.283865 -0.032820
v 0.755334 0.269342 -0.042268
v 0.740347 0.263882 -0.055206
v 0.725241 0.268949 -0.068167
v 0.714062 0.283184 -0.077678
v 0.709806 0.302774 -0.081191
v 0.713614 0.322469 -0.077765
v 0.724466 0.336992 -0.068317
v 0.739452 0.342452 -0.055379
v 0.754559 0.337385 -0.042418
v 0.765738 0.323149 -0.032906
v 0.714418 0.303123 0.018856
v 0.712142 0.283440 0.014099
v 0.705575 0.268950 0.000932
v 0.696477 0.263537 -0.017118
v 0.687286 0.268650 -0.035215
v 0.680463 0.282920 -0.048508
v 0.677838 0.302523 -0.053437
v 0.680114 0.322206 -0.048680
v 0.686681 0.336695 -0.035513
v 0.695779 0.342108 -0.017463
v 0.704971 0.336995 0.000634
v 0.711793 0.322725 0.013927
v 0.649785 0.302762 0.033447
v 0.649306 0.283088 0.028289
v 0.647844 0.268624 0.013973
v 0.645789 0.263246 -0.005666
v 0.643691 0.268396 -0.025365
v 0.642114 0.282692 -0.039846
v 0.641480 0.302305 -0.045229
v 0.641958 0.321979 -0.040072
v 0.643421 0.336442 -0.025755
v 0.645476 0.341820 -0.006117
v 0.647573 0.336671 0.013582
v 0.649150 0.322374 0.028064
v -0.965101 0.301053 0.014587
v -0.965020 0.281379 0.009436
v -0.964837 0.266918 -0.004861
v -0.964603 0.261542 -0.024473
v -0.964378 0.266694 -0.044145
v -0.964225 0.280992 -0.058606
v -0.964182 0.300606 -0.063982
v -0.964263 0.320279 -0.058830
v -0.964446 0.334741 -0.044533
v -0.964680 0.340116 -0.024921
v -0.964905 0.334964 -0.005249
v -0.965059 0.320666 0.009212
v 2.060103 0.422005 -0.438821
v 2.439670 0.418926 -0.438821
v 2.060103 0.422005 -0.713675
v 2.439671 0.418926 -0.713675
v 2.059032 0.289906 -0.696114
v 2.059336 0.327421 -0.713675
v 2.058870 0.269927 -0.663141
v 2.438599 0.286827 -0.696114
v 2.438437 0.266848 -0.663141
v 2.438903 0.324342 -0.713675
v 2.438599 0.286827 -0.456382
v 2.438903 0.324342 -0.438821
v 2.438437 0.266848 -0.489355
v 2.059032 0.289906 -0.456382
v 2.058870 0.269927 -0.489355
v 2.059336 0.327421 -0.438821
v 2.329290 0.326314 -0.489528
v 2.329055 0.297336 -0.501532
v 2.328958 0.285333 -0.530510
v 2.329055 0.297336 -0.559489
v 2.329290 0.326314 -0.571492
v 2.329525 0.355292 -0.559489
v 2.329623 0.367295 -0.530510
v 2.329525 0.355292 -0.501532
v 2.599350 0.324123 -0.489528
v 2.599115 0.295146 -0.501532
v 2.599018 0.283143 -0.530510
v 2.599115 0.295146 -0.559489
v 2.599350 0.324123 -0.571492
v 2.599586 0.353101 -0.559489
v 2.599683 0.365104 -0.530510
v 2.599586 0.353101 -0.501532
v 2.599350 0.324123 -0.498871
v 2.599169 0.301752 -0.508138
v 2.599094 0.292485 -0.530510
v 2.599169 0.301752 -0.552882
v 2.599350 0.324123 -0.562149
v 2.599532 0.346495 -0.552882
v 2.599607 0.355761 -0.530510
v 2.599532 0.346495 -0.508138
v 2.329291 0.326314 -0.667989
v 2.329055 0.297336 -0.655985
v 2.599115 0.295146 -0.655985
v 2.599350 0.324123 -0.667989
v 2.328958 0.285333 -0.627007
v 2.599018 0.283143 -0.627007
v 2.329055 0.297336 -0.598028
v 2.599115 0.295146 -0.598028
v 2.329290 0.326314 -0.586025
v 2.599350 0.324123 -0.586025
v 2.329525 0.355292 -0.598028
v 2.599586 0.353101 -0.598028
v 2.329623 0.367295 -0.627007
v 2.599683 0.365104 -0.627007
v 2.329525 0.355292 -0.655985
v 2.599586 0.353101 -0.655985
v 2.599532 0.346495 -0.649379
v 2.599350 0.324123 -0.658646
v 2.599169 0.301752 -0.649379
v 2.599094 0.292485 -0.627007
v 2.599169 0.301752 -0.604635
v 2.599350 0.324123 -0.595368
v 2.599532 0.346495 -0.604635
v 2.599607 0.355761 -0.627007
v -2.868824 0.595032 0.000002
v -2.249053 0.370453 0.000002
v -2.868127 0.666782 0.000002
v 2.456883 1.195545 0.000002
v -2.732247 0.443639 0.000002
v 2.167691 0.351460 0.000002
v -0.394031 0.329925 0.000002
v 2.449899 0.372069 0.000002
v 2.613590 0.450310 0.000002
v -0.107073 1.671046 0.000002
v -1.147032 1.160608 0.000002
v -2.708769 0.865545 0.000002
v -1.705627 0.347626 0.000002
v -0.709569 0.259034 0.000002
v -2.690758 0.334801 0.000002
v 2.537379 0.426459 0.000002
v 2.355838 1.342334 0.000002
v 2.817068 0.677332 0.000002
v 2.863643 0.711819 0.000002
v 2.298114 0.358601 -1.091157
v 2.313976 0.626870 -1.127171
v 2.179591 0.627653 -1.149123
v 2.167691 0.351460 -1.127128
v -2.451018 0.375942 -1.116529
v -2.436881 0.674688 -1.117393
v -2.644707 0.626840 -0.979388
v -2.544249 0.338539 -0.963529
v -0.393298 0.402449 -1.168736
v 0.199502 0.412048 -1.172919
v 0.200651 0.552968 -1.175947
v -0.392473 0.516748 -1.171601
v 0.235529 1.671174 -0.608941
v 0.234950 1.705582 -0.426382
v -0.061309 1.639700 -0.475737
v -0.035865 1.613346 -0.643042
v -0.388014 1.071694 -1.083387
v 0.204896 1.078131 -1.092676
v 0.197119 1.149406 -0.978510
v -0.518618 1.146578 -0.947349
v 1.080740 1.631099 -0.578472
v 1.069677 1.651781 -0.434152
v 0.941657 1.678457 -0.441876
v 0.941416 1.656351 -0.577009
v 0.936023 1.094650 -1.117143
v 1.113314 1.101669 -1.123083
v 1.116585 1.208982 -1.001604
v 0.938479 1.202353 -0.997480
v -0.708180 0.526562 -1.170311
v -0.979258 0.530822 -1.152541
v -0.980319 0.400038 -1.150911
v -0.709467 0.393573 -1.170311
v -0.996178 1.159385 -0.697421
v -1.103933 1.160259 -0.348709
v -1.256351 1.158833 -0.348709
v -1.256296 1.156170 -0.697421
v -0.703372 1.072190 -1.081612
v -0.702203 1.150224 -0.928229
v -0.971124 1.142278 -0.932320
v -0.976541 1.073744 -1.080902
v 0.930619 0.310062 -1.176471
v 0.933348 0.638045 -1.188048
v 0.793146 0.639194 -1.186105
v 0.790465 0.312164 -1.175417
v 0.710924 1.702586 -0.443079
v 0.710775 1.679805 -0.590800
v 0.793729 1.192016 -0.993777
v 0.796301 1.091493 -1.112467
v -2.436599 0.861140 -1.058610
v -2.495373 0.913825 -0.926994
v -2.632854 0.773545 -0.926044
v -2.561233 0.917512 -0.697421
v -2.573369 0.928510 -0.348709
v -2.696449 0.854946 -0.348709
v -2.675503 0.832903 -0.694491
v -1.479115 1.144148 -0.348709
v -1.478636 1.137932 -0.697421
v -1.256246 1.075373 -1.080216
v -1.255842 1.134460 -0.936411
v -1.477678 1.125522 -0.936603
v -1.480240 1.083027 -1.091411
v 2.473760 1.110412 -0.951336
v 2.436207 1.127690 -0.936758
v 2.392419 1.084436 -1.004671
v 2.614502 0.532349 -0.979406
v 2.599234 0.595382 -1.001491
v 2.443174 0.624005 -1.087486
v 2.442984 0.403223 -1.048534
v -2.240026 1.019146 -0.934233
v -2.246107 1.040078 -0.697421
v -2.288995 0.372477 -1.123784
v -2.249174 0.411403 -1.129762
v -2.249969 0.654130 -1.155317
v -2.246646 1.042196 -0.348709
v -2.244969 0.945165 -1.083495
v 0.935981 0.947339 -1.171811
v 1.112471 0.946466 -1.174527
v -2.642737 0.717838 -0.952677
v -2.439195 0.783268 -1.106630
v 2.713718 0.912230 -0.691808
v 2.722446 1.040840 -0.348484
v 2.719937 1.146033 -0.359622
v 2.655304 1.139192 -0.696247
v 2.570507 0.897634 -0.967448
v 2.667191 0.877798 -0.827269
v 2.570335 1.109881 -0.824032
v 2.485314 1.080571 -0.951816
v -0.704353 0.951157 -1.163630
v -0.388962 0.954765 -1.160786
v -1.258136 0.928391 -1.177446
v -0.977979 0.939513 -1.170657
v 0.203863 0.950660 -1.163257
v -2.250291 0.821733 -1.158233
v -2.029054 0.900548 -1.193613
v -2.004467 1.032217 -1.101321
v 2.432532 0.948709 -1.053381
v 2.401897 1.043426 -1.038776
v 1.998409 1.199045 -0.842888
v 2.061431 1.207057 -0.590989
v 1.785177 1.219780 -0.767442
v 1.784863 1.212340 -0.837280
v 1.987367 1.074094 -1.079789
v 1.983631 1.168294 -0.958552
v 1.794612 1.180890 -0.966250
v 1.793083 1.075670 -1.101284
v 1.987528 0.917768 -1.140207
v 2.179565 0.956510 -1.113323
v 2.165295 1.075890 -1.061900
v 1.639683 1.090067 -1.118578
v 1.627517 0.961125 -1.173850
v 1.791170 0.937330 -1.160360
v 1.447237 1.102731 -1.129238
v 1.423093 1.204881 -0.990818
v 1.294691 1.215612 -1.005727
v 1.290605 1.108689 -1.129023
v 1.615381 1.191281 -0.974989
v 1.288962 0.945594 -1.177243
v 1.436017 0.963384 -1.179949
v -1.844154 1.097865 -0.697421
v -1.844655 1.102499 -0.348709
v -2.002404 1.082251 -0.348709
v -2.001795 1.077945 -0.697421
v -1.846114 1.050106 -1.101298
v -1.843730 1.094353 -0.938301
v -2.000942 1.071905 -0.937463
v -1.653531 1.068244 -1.097542
v -1.654531 0.964930 -1.196979
v -1.481705 0.916600 -1.191636
v -1.652422 1.124838 -0.348709
v -1.651844 1.119494 -0.697421
v -1.651325 1.113574 -0.937975
v -1.846682 0.960861 -1.197685
v 2.034467 0.627067 -1.142821
v 2.182129 0.871286 -1.131064
v 2.799572 0.622967 -0.733843
v 2.853468 0.621983 -0.368605
v 2.845400 0.703951 -0.367710
v 2.791760 0.780541 -0.715820
v 2.705186 0.623283 -0.867233
v 2.705922 0.780456 -0.848775
v 2.616566 0.774783 -0.988939
v 0.201722 0.686815 -1.175860
v -0.390508 0.714247 -1.170390
v 1.034674 0.637401 -1.176845
v 0.795713 0.947975 -1.170172
v -2.836846 0.604621 -0.348026
v -2.855753 0.671812 -0.351123
v 2.461268 0.754990 -1.078860
v -0.704565 0.711987 -1.170311
v 2.290206 1.073386 -1.043086
v 2.309260 1.141510 -0.943437
v 2.167192 1.155502 -0.950599
v 2.330496 1.175240 -0.838201
v 2.392928 1.188025 -0.640534
v 2.190818 1.201844 -0.611543
v 2.166682 1.187768 -0.841487
v 2.415033 1.197778 -0.348942
v 2.201991 1.212014 -0.348930
v -2.715546 0.782231 -0.691902
v -2.761651 0.789961 -0.348095
v 1.280399 1.301262 -0.894144
v 1.109797 1.296961 -0.909426
v -0.292867 1.347559 -0.841776
v -0.380068 1.386922 -0.798015
v 2.536477 1.162807 -0.813824
v 2.610014 1.181546 -0.680921
v 2.798851 0.571364 -0.736838
v 2.706676 0.551856 -0.858122
v -2.724704 0.761627 -0.696442
v -2.748356 0.726916 -0.711290
v -2.668834 0.737723 -0.881118
v -2.655137 0.769487 -0.871112
v -2.792806 0.681011 -0.697421
v -2.771084 0.611002 -0.691472
v 0.939911 1.382969 -0.849566
v 1.103009 1.384941 -0.846375
v 0.987205 1.516863 -0.751959
v 0.022660 1.543767 -0.733752
v 0.236167 1.611557 -0.699881
v 2.681289 1.191167 -0.359397
v 2.563199 1.140261 -0.827918
v 1.559555 1.234029 -0.837495
v 1.374751 1.271351 -0.864957
v 2.728960 1.179240 0.000002
v 2.714426 1.177526 -0.367181
v 2.647120 1.170154 -0.695997
v 2.305740 0.830502 -1.109403
v 2.594741 0.840403 -0.972131
v 2.672673 0.838759 -0.837310
v 2.722959 0.837338 -0.695339
v 2.837332 0.785919 -0.366815
v 2.757022 0.836854 -0.347986
v 2.689802 0.474161 -0.695484
v 2.613590 0.450310 -0.819533
v 2.449898 0.372069 -1.007307
v 2.829142 0.574018 -0.370307
v -0.086754 1.666055 -0.308432
v 0.234262 1.726562 -0.285358
v 0.711072 1.725367 -0.295359
v 0.941890 1.699611 -0.294752
v 0.710942 1.717644 0.000002
v 2.745753 1.044573 0.000002
v 2.732293 1.142304 0.000002
v -2.755284 0.744808 -0.616674
v -2.791928 0.711316 -0.551333
v 2.801408 0.678438 -0.347807
v 2.808110 0.606268 -0.348562
v -2.801692 0.793564 0.000002
v 2.775664 0.830997 0.000002
v 2.725801 0.473000 -0.348197
v 0.710355 1.610593 -0.695074
v 0.835884 1.509936 -0.759326
v 0.964458 1.604879 -0.688150
v 2.037436 0.390242 -1.138445
v 2.077804 0.350623 -1.134456
v 1.557542 1.236411 -0.817039
v -1.260508 0.655901 -1.180428
v 2.537379 0.426459 -0.943583
v -1.099367 0.570465 -1.140182
v -1.066192 0.448713 -1.136429
v -0.977808 0.709613 -1.150911
v -2.651261 0.599955 -0.947710
v -2.607111 0.450745 -0.913310
v -2.701485 0.394897 -0.708631
v -2.690758 0.334801 -0.691326
v -2.743710 0.411839 -0.548134
v -2.760955 0.318103 -0.348026
v -2.778383 0.553249 -0.558426
v -2.763742 0.585834 -0.690454
v -2.832790 0.586607 -0.344001
v -2.805929 0.563641 -0.442036
v -2.778344 0.435983 -0.413618
v -2.786480 0.395366 -0.326666
v 2.469826 0.841705 -1.058873
v 2.288918 0.975195 -1.087649
v 2.695041 0.471347 -0.331113
v 2.784441 0.558997 -0.350257
v -0.076883 1.602082 -0.617883
v -0.097097 1.622032 -0.478396
v -0.479468 1.409919 -0.616559
v -0.398970 1.392462 -0.763083
v -1.068910 1.178356 -0.341235
v -0.588741 1.412943 -0.345134
v -0.966740 1.181071 -0.678018
v -0.122549 1.648357 -0.310798
v -0.701298 1.171939 -0.885678
v 1.095878 1.658089 -0.286897
v 1.106821 1.637754 -0.429295
v 2.035098 1.225814 -0.565660
v 2.166603 1.228060 -0.337017
v 2.210674 1.223579 0.000002
v 1.773404 1.243991 -0.736724
v 1.118908 1.621047 -0.569953
v 1.141083 1.581864 -0.659365
v 1.179872 1.502663 -0.716316
v 1.402642 1.322420 -0.782881
v 1.560210 1.262567 -0.786004
v 1.286137 1.400113 -0.765520
v -0.424075 1.181013 -0.930469
v 0.243109 1.577825 -0.721338
v 0.041246 1.513274 -0.752613
v -0.266961 1.321652 -0.858187
v 0.198767 0.321039 -1.170964
v 0.939195 1.292661 -0.913558
v 0.974167 0.324619 -1.176869
v 1.015103 0.377186 -1.177166
v 1.266107 1.386912 -0.797961
v 1.149347 1.496131 -0.742794
v 1.058613 1.672463 -0.289833
v 1.051161 1.673377 0.000002
v 1.104051 1.583401 -0.675585
v 1.389870 1.302393 -0.815432
v 0.196587 1.183314 -0.957236
v 0.694433 1.576968 -0.716855
v -0.973155 0.725236 -1.145988
v -1.104934 0.716409 -1.178187
v -1.168309 0.577406 -1.179529
v -1.158778 0.696556 -1.179389
v -1.260607 0.368338 -1.175105
v -1.232566 0.356857 -1.174521
v -1.133313 0.457730 -1.175075
v -1.227448 0.350696 -1.174344
v -1.094233 0.440451 -1.174260
v -0.981731 0.330126 -1.170962
v -0.709375 0.332103 -1.167440
v -0.982071 0.390859 -1.171920
v -0.394031 0.329925 -1.167354
v -1.093987 0.694951 -1.130453
v -1.145689 0.570883 -1.136801
v -1.143280 0.677529 -1.127457
v -1.119392 0.471954 -1.131857
v -2.589139 0.582926 -0.877913
v -2.684285 0.570517 -0.666770
v -2.689977 0.547798 -0.565899
v -2.672649 0.467559 -0.560953
v -2.645797 0.453200 -0.683914
v -2.561257 0.502194 -0.857618
v -2.725726 0.453472 -0.318496
v -2.714559 0.483999 -0.380391
v -2.726592 0.559874 -0.397008
v -2.750058 0.571538 -0.337898
v -1.099224 0.470166 -1.119543
v -1.122011 0.570478 -1.124784
v -1.140182 0.570667 -1.121403
v -1.114951 0.478039 -1.117038
v -1.119105 0.676878 -1.115420
v -1.137920 0.669228 -1.112904
v -1.220624 0.328600 -1.173877
v 2.298114 0.358601 -0.323724
v 2.167691 0.351460 -0.323833
v 1.997941 0.349769 -0.710596
v 2.037432 0.390248 -0.710596
v 2.034426 0.626189 -0.710596
v 1.790473 0.938291 -0.710596
v 1.628531 0.961636 -0.710596
v 1.437117 0.963866 -0.710596
v 1.289247 0.946522 -0.710596
v 1.034964 0.638746 -0.710596
v 1.014122 0.377723 -0.710596
v 1.050936 0.338333 -0.710596
v -1.300582 0.330095 -0.693471
v -1.260607 0.368345 -0.693471
v -1.260508 0.655901 -0.693471
v -1.481705 0.916600 -0.693471
v -1.654492 0.964918 -0.693471
v -1.846704 0.960853 -0.693471
v -2.029054 0.900548 -0.693471
v -2.249968 0.654130 -0.693471
v -2.249175 0.411623 -0.693471
v -2.209082 0.369873 -0.693471
v -2.249053 0.370453 -0.349979
v -1.260621 0.328345 -0.340571
v -2.448104 0.338559 -0.351250
v 0.930619 0.310062 -0.327103
v 0.931214 0.280068 0.000002
v 1.012103 0.337299 0.000002
v 1.012102 0.337299 -0.328967
v 2.037938 0.350252 0.000002
v 2.037938 0.350252 -0.324359
v 0.790465 0.312164 -0.328050
v 0.791060 0.282170 0.000002
v -0.394031 0.329925 -0.336051
v 0.198768 0.321039 -0.332047
v -0.709375 0.332103 -0.337965
v -0.981731 0.330126 -0.339291
v 2.449899 0.372069 -0.324034
v -2.535844 0.301112 -0.348588
v -2.690758 0.334801 -0.349057
v 2.613591 0.450310 -0.329775
v 2.537379 0.426459 -0.328169
v 2.613591 0.450310 -0.698915
v 2.537379 0.426459 -0.702346
v 2.449899 0.372069 -0.710594
v 2.298114 0.358601 -0.711998
v 2.167691 0.351460 -0.712497
v 2.077934 0.350624 -0.711706
v 0.973164 0.324781 -0.711317
v 0.930619 0.310062 -0.713034
v 0.790465 0.312164 -0.712011
v 0.198767 0.321039 -0.707693
v -0.394031 0.329925 -0.703368
v -0.709375 0.332103 -0.701474
v -0.981731 0.330126 -0.700454
v -1.220625 0.328600 -0.697376
v -2.288986 0.371306 -0.694701
v -2.451028 0.374771 -0.685939
v -2.544249 0.338539 -0.691448
v -2.249053 0.370453 -0.656861
v -1.260621 0.328345 -0.656861
v 1.011061 0.337792 -0.669793
v 2.037938 0.350252 -0.671353
v -1.260770 0.329351 -0.695415
v 1.014056 0.331907 -0.710938
v 2.037364 0.350190 -0.711143
v -2.246752 0.371101 -0.694051
v 0.757573 1.223628 -0.971968
v 0.794044 1.496590 -0.767045
v 2.518964 1.166394 -0.825350
v 2.571173 1.191503 -0.831516
v 2.175962 1.214225 -0.849908
v 2.173236 1.191226 -0.839710
v 2.579797 1.222674 -0.556189
v 2.578120 1.216616 -0.466978
v 2.294094 1.238219 -0.506309
v 2.251690 1.245412 -0.565494
v 2.607711 1.323572 -0.857495
v 2.271050 1.340091 -0.857495
v 2.207727 1.262339 -0.746518
v 2.584268 1.238835 -0.756323
v 2.538224 1.164688 -0.722743
v 2.174583 1.195662 -0.722743
v 2.240094 1.204051 -0.546375
v 2.560640 1.177767 -0.530209
v 2.530210 1.157028 -0.764202
v 2.166687 1.188531 -0.765773
v 2.633392 1.416396 -0.828075
v 2.489515 1.419568 -0.828075
v 2.311673 1.365382 -0.845301
v 2.617563 1.359182 -0.845301
v 2.512983 1.151721 -0.787385
v 2.169330 1.178415 -0.788838
v 2.274225 1.345893 -0.807468
v 2.355838 1.342334 -0.805624
v 2.609397 1.329666 -0.807468
v 2.633170 1.415593 -0.815426
v 2.489206 1.418798 -0.815426
v 2.618330 1.361956 -0.810485
v 2.313739 1.368019 -0.810485
v 2.572000 1.194491 -0.450667
v 2.554561 1.184278 -0.461067
v 2.277424 1.205420 -0.500398
v 2.267028 1.218897 -0.489999
v 2.154179 1.212434 -0.730956
v 2.154607 1.195141 -0.791431
v 2.157663 1.181155 -0.808131
v 2.218523 1.215849 -0.544634
v 2.563195 1.162664 -0.784690
v 2.568280 1.181045 -0.730545
v 2.524761 1.153025 -0.803120
v 2.570935 1.190643 -0.530510
v 2.609397 1.329666 0.000002
v 2.313740 1.368019 0.000002
v 2.291924 0.670709 -1.140895
v 2.275949 0.664814 -1.123194
v 2.377577 0.663990 -1.101310
v 2.370396 0.670072 -1.123998
v 2.292255 0.711536 -1.140895
v 2.370728 0.710899 -1.123998
v 2.378006 0.716864 -1.101310
v 2.276377 0.717689 -1.123194
v -1.020473 0.879940 -1.192574
v -1.032697 0.874015 -1.172111
v -0.928753 0.873172 -1.170430
v -0.940212 0.879289 -1.191277
v -1.020141 0.920768 -1.192574
v -0.939881 0.920117 -1.191277
v -0.928324 0.926047 -1.170430
v -1.032268 0.926890 -1.172111
v -2.690283 0.706091 -0.878283
v -2.818212 0.683429 -0.530710
v -2.774457 0.693029 -0.710375
v 2.803498 0.669608 -0.691218
v 2.797509 0.667560 -0.722975
v 2.741707 0.662647 -0.811256
v 2.684602 0.675537 -0.886230
v 2.686423 0.703696 -0.885146
v 2.737953 0.707035 -0.808826
v 2.796425 0.710799 -0.721119
v 2.799191 0.709683 -0.690620
v 2.298114 0.358601 1.091162
v 2.167691 0.351460 1.127133
v 2.179591 0.627653 1.149128
v 2.313976 0.626870 1.127175
v -2.451018 0.375942 1.116533
v -2.544249 0.338539 0.963534
v -2.644707 0.626840 0.979392
v -2.436881 0.674688 1.117397
v -0.393298 0.402449 1.168741
v -0.392473 0.516748 1.171605
v 0.200651 0.552969 1.175952
v 0.199502 0.412049 1.172924
v 0.235529 1.671174 0.608946
v -0.035865 1.613346 0.643047
v -0.061309 1.639700 0.475742
v 0.234950 1.705582 0.426387
v -0.388014 1.071695 1.083391
v -0.518618 1.146578 0.947354
v 0.197119 1.149406 0.978515
v 0.204896 1.078131 1.092680
v 1.080740 1.631099 0.578476
v 0.941416 1.656351 0.577014
v 0.941657 1.678457 0.441880
v 1.069677 1.651781 0.434157
v 0.936023 1.094650 1.117147
v 0.938479 1.202353 0.997485
v 1.116585 1.208982 1.001608
v 1.113314 1.101669 1.123087
v -0.708180 0.526562 1.170316
v -0.709467 0.393573 1.170316
v -0.980319 0.400039 1.150915
v -0.979258 0.530822 1.152546
v -0.996178 1.159385 0.697425
v -1.256296 1.156170 0.697425
v -1.256351 1.158833 0.348714
v -1.103933 1.160259 0.348714
v -0.703372 1.072190 1.081616
v -0.976541 1.073744 1.080906
v -0.971124 1.142278 0.932325
v -0.702203 1.150224 0.928234
v 0.930619 0.310062 1.176476
v 0.790465 0.312165 1.175421
v 0.793146 0.639194 1.186109
v 0.933348 0.638045 1.188052
v 0.710775 1.679805 0.590804
v 0.710924 1.702586 0.443084
v 0.796301 1.091493 1.112472
v 0.793729 1.192016 0.993781
v -2.436599 0.861140 1.058614
v -2.632854 0.773545 0.926048
v -2.495373 0.913825 0.926998
v -2.561233 0.917512 0.697425
v -2.675503 0.832903 0.694495
v -2.696449 0.854946 0.348714
v -2.573369 0.928510 0.348714
v -1.478636 1.137932 0.697425
v -1.479116 1.144148 0.348714
v -1.256246 1.075374 1.080221
v -1.480240 1.083028 1.091416
v -1.477678 1.125522 0.936608
v -1.255842 1.134460 0.936415
v 2.473760 1.110412 0.951340
v 2.392420 1.084436 1.004675
v 2.436207 1.127690 0.936763
v 2.614502 0.532349 0.979411
v 2.442984 0.403223 1.048539
v 2.443174 0.624005 1.087490
v 2.599234 0.595382 1.001496
v -2.246107 1.040078 0.697425
v -2.240026 1.019146 0.934238
v -2.288995 0.372477 1.123789
v -2.249968 0.654130 1.155322
v -2.249174 0.411403 1.129766
v -2.246646 1.042196 0.348714
v -2.244969 0.945165 1.083499
v 0.935981 0.947339 1.171816
v 1.112471 0.946466 1.174532
v -2.642737 0.717838 0.952682
v -2.439195 0.783268 1.106635
v 2.713718 0.912230 0.691813
v 2.655304 1.139192 0.696252
v 2.719937 1.146034 0.359627
v 2.722446 1.040840 0.348489
v 2.570507 0.897634 0.967453
v 2.485314 1.080572 0.951821
v 2.570335 1.109881 0.824036
v 2.667191 0.877799 0.827274
v -0.704353 0.951157 1.163634
v -0.388963 0.954765 1.160791
v -1.258136 0.928391 1.177451
v -0.977979 0.939513 1.170661
v 0.203862 0.950660 1.163261
v -2.250290 0.821733 1.158237
v -2.004467 1.032217 1.101326
v -2.029054 0.900548 1.193617
v 2.432532 0.948709 1.053385
v 1.998409 1.199045 0.842893
v 1.784863 1.212340 0.837284
v 1.785177 1.219780 0.767446
v 2.061431 1.207057 0.590994
v 1.987367 1.074094 1.079794
v 1.793083 1.075670 1.101289
v 1.794612 1.180890 0.966254
v 1.983631 1.168294 0.958556
v 2.165295 1.075890 1.061905
v 2.179565 0.956510 1.113328
v 1.987528 0.917768 1.140212
v 1.639683 1.090067 1.118582
v 1.791171 0.937330 1.160365
v 1.627517 0.961126 1.173854
v 1.447237 1.102731 1.129243
v 1.290605 1.108689 1.129028
v 1.294691 1.215612 1.005732
v 1.423092 1.204881 0.990822
v 1.615381 1.191281 0.974993
v 1.436016 0.963384 1.179954
v 1.288962 0.945594 1.177247
v -1.844154 1.097865 0.697425
v -2.001795 1.077945 0.697425
v -2.002404 1.082251 0.348713
v -1.844656 1.102499 0.348714
v -1.846114 1.050106 1.101303
v -2.000942 1.071906 0.937467
v -1.843731 1.094353 0.938306
v -1.653531 1.068244 1.097547
v -1.481705 0.916600 1.191641
v -1.654531 0.964930 1.196984
v -1.651844 1.119494 0.697425
v -1.652423 1.124838 0.348714
v -1.651326 1.113574 0.937980
v -1.846683 0.960861 1.197689
v 2.034467 0.627067 1.142826
v 2.182130 0.871286 1.131069
v 2.797509 0.667560 0.722980
v 2.796424 0.710799 0.721124
v 2.799191 0.709683 0.690625
v 2.803498 0.669608 0.691222
v 2.684602 0.675537 0.886235
v 2.686423 0.703697 0.885151
v 2.737953 0.707035 0.808831
v 2.741707 0.662647 0.811261
v -0.390508 0.714247 1.170394
v 0.201722 0.686815 1.175864
v 1.034674 0.637401 1.176849
v 0.795712 0.947975 1.170177
v -2.855753 0.671812 0.351128
v -2.836846 0.604621 0.348031
v 2.461268 0.754990 1.078864
v -0.704565 0.711987 1.170316
v 2.290206 1.073386 1.043091
v 2.167192 1.155502 0.950604
v 2.309261 1.141510 0.943442
v 2.330496 1.175240 0.838206
v 2.166682 1.187768 0.841491
v 2.190818 1.201844 0.611547
v 2.392928 1.188025 0.640538
v 2.201991 1.212014 0.348935
v 2.415032 1.197778 0.348946
v -2.715546 0.782232 0.691906
v -2.761650 0.789961 0.348100
v 1.109797 1.296962 0.909430
v 1.280399 1.301262 0.894148
v -0.380068 1.386922 0.798020
v -0.292867 1.347559 0.841781
v 2.536477 1.162807 0.813829
v 2.610014 1.181546 0.680926
v 2.798851 0.571364 0.736843
v 2.706677 0.551856 0.858127
v 2.705186 0.623283 0.867238
v 2.799571 0.622967 0.733847
v -2.724705 0.761627 0.696447
v -2.655137 0.769487 0.871117
v -2.668834 0.737723 0.881122
v -2.748357 0.726916 0.711295
v -2.792806 0.681011 0.697425
v -2.771084 0.611002 0.691476
v 0.939912 1.382969 0.849571
v 0.987204 1.516863 0.751964
v 1.103009 1.384941 0.846379
v 0.022660 1.543767 0.733757
v 0.236167 1.611558 0.699885
v 2.681289 1.191167 0.359401
v 2.696187 1.195116 0.000002
v 2.563199 1.140261 0.827922
v 1.559556 1.234029 0.837500
v 1.374751 1.271351 0.864962
v 2.714426 1.177526 0.367186
v 2.647120 1.170154 0.696002
v 2.305740 0.830502 1.109408
v 2.594741 0.840404 0.972136
v 2.672673 0.838759 0.837315
v 2.705923 0.780456 0.848780
v 2.616566 0.774783 0.988944
v 2.722959 0.837338 0.695344
v 2.757022 0.836854 0.347991
v 2.837332 0.785919 0.366820
v 2.791760 0.780541 0.715824
v 2.689801 0.474161 0.695489
v 2.613590 0.450310 0.819538
v 2.449899 0.372069 1.007312
v 2.829143 0.574018 0.370312
v 2.853468 0.621983 0.368610
v -0.086754 1.666055 0.308436
v 0.236349 1.730594 0.000002
v 0.234262 1.726562 0.285363
v -1.256407 1.161496 0.000002
v 0.711072 1.725368 0.295363
v 0.941862 1.696129 0.000002
v 0.941890 1.699611 0.294757
v -2.588207 0.945190 0.000002
v -1.479595 1.150363 0.000002
v -2.247185 1.044314 0.000002
v -2.755284 0.744808 0.616678
v -2.791928 0.711316 0.551338
v -2.003025 1.086644 0.000002
v -1.845161 1.107167 0.000002
v -1.653003 1.130180 0.000002
v 2.801407 0.678438 0.347812
v 2.838647 0.608434 0.000002
v 2.808110 0.606268 0.348567
v 2.864190 0.779220 0.000002
v 2.725801 0.473000 0.348202
v 0.710355 1.610594 0.695078
v 0.964458 1.604879 0.688155
v 0.835883 1.509936 0.759330
v 2.077804 0.350623 1.134460
v 2.037436 0.390242 1.138449
v 2.248140 1.208684 0.000002
v 1.557542 1.236412 0.817043
v -1.260508 0.655901 1.180433
v 2.537379 0.426459 0.943587
v -1.066192 0.448713 1.136434
v -1.099367 0.570466 1.140187
v -0.977808 0.709613 1.150915
v 2.401897 1.043426 1.038781
v -2.607111 0.450745 0.913315
v -2.651261 0.599955 0.947715
v -2.690758 0.334801 0.691331
v -2.701485 0.394898 0.708636
v -2.760955 0.318103 0.348030
v -2.743710 0.411839 0.548139
v -2.763742 0.585834 0.690459
v -2.778383 0.553249 0.558431
v -2.805930 0.563641 0.442041
v -2.832790 0.586607 0.344005
v -2.778344 0.435983 0.413623
v -2.786480 0.395366 0.326671
v -2.770477 0.317644 0.000002
v -2.792946 0.385348 0.000002
v 2.469826 0.841705 1.058877
v 2.288918 0.975195 1.087654
v 2.845400 0.703951 0.367715
v 2.784441 0.558997 0.350262
v 2.695041 0.471347 0.331118
v 2.815081 0.560241 0.000002
v 2.712139 0.472016 0.000002
v -0.076883 1.602082 0.617887
v -0.398970 1.392462 0.763088
v -0.528744 1.399543 0.586583
v -0.097097 1.622032 0.478401
v -1.068910 1.178356 0.341240
v -1.111049 1.178627 0.000002
v -0.595343 1.413157 0.328575
v -0.966740 1.181071 0.678022
v -0.122549 1.648357 0.310803
v -0.701298 1.171939 0.885683
v 1.095878 1.658089 0.286901
v 2.166603 1.228060 0.337022
v 2.035098 1.225814 0.565665
v 1.106821 1.637754 0.429299
v 1.088385 1.658702 0.000002
v 1.773404 1.243991 0.736729
v 1.560210 1.262567 0.786009
v 1.402642 1.322420 0.782885
v 1.179872 1.502663 0.716320
v 1.141082 1.581864 0.659369
v 1.118908 1.621047 0.569957
v 1.286137 1.400113 0.765525
v -0.424075 1.181013 0.930474
v -0.266961 1.321652 0.858192
v 0.041246 1.513274 0.752618
v 0.243109 1.577825 0.721343
v 0.198768 0.321039 1.170969
v 0.939195 1.292662 0.913563
v 0.974167 0.324619 1.176873
v 1.015103 0.377186 1.177170
v 1.149347 1.496131 0.742799
v 1.266107 1.386912 0.797966
v 1.058613 1.672463 0.289837
v 1.104051 1.583401 0.675589
v 1.389870 1.302393 0.815437
v 0.694433 1.576968 0.716859
v 0.196587 1.183314 0.957241
v -0.973155 0.725236 1.145993
v -1.104934 0.716409 1.178191
v -1.158778 0.696556 1.179394
v -1.168309 0.577406 1.179533
v -1.133313 0.457730 1.175079
v -1.232566 0.356857 1.174526
v -1.260607 0.368338 1.175109
v -1.094233 0.440451 1.174264
v -1.227448 0.350696 1.174348
v -0.981731 0.330126 1.170967
v -0.982071 0.390860 1.171925
v -0.709375 0.332103 1.167445
v -0.394031 0.329926 1.167358
v -1.093987 0.694952 1.130457
v -1.143280 0.677529 1.127462
v -1.145689 0.570883 1.136806
v -1.119391 0.471954 1.131861
v -2.589139 0.582926 0.877918
v -2.561257 0.502194 0.857623
v -2.645797 0.453200 0.683918
v -2.672649 0.467559 0.560958
v -2.689977 0.547798 0.565903
v -2.684285 0.570517 0.666774
v -2.725725 0.453472 0.318500
v -2.714559 0.483999 0.380396
v -2.726592 0.559874 0.397012
v -2.750058 0.571538 0.337903
v -2.783311 0.569389 0.000002
v -1.099224 0.470166 1.119548
v -1.114951 0.478039 1.117043
v -1.140182 0.570667 1.121408
v -1.122011 0.570478 1.124789
v -1.137920 0.669228 1.112909
v -1.119105 0.676878 1.115425
v -1.220624 0.328600 1.173881
v 2.298114 0.358601 0.000002
v 2.167691 0.351460 0.323838
v 2.298114 0.358601 0.323728
v 1.997941 0.349769 0.710601
v 1.050936 0.338333 0.710601
v 1.014123 0.377723 0.710601
v 1.034964 0.638746 0.710601
v 1.289247 0.946522 0.710601
v 1.437117 0.963866 0.710601
v 1.628532 0.961636 0.710601
v 1.790474 0.938291 0.710601
v 2.034426 0.626189 0.710601
v 2.037432 0.390248 0.710601
v -1.300582 0.330095 0.693476
v -2.209082 0.369873 0.693476
v -2.249175 0.411623 0.693476
v -2.249968 0.654130 0.693476
v -2.029054 0.900548 0.693476
v -1.846704 0.960853 0.693476
v -1.654492 0.964918 0.693476
v -1.481705 0.916600 0.693476
v -1.260508 0.655901 0.693476
v -1.260607 0.368345 0.693476
v -2.249053 0.370453 0.349984
v -1.260621 0.328345 0.340576
v -1.260621 0.328345 0.000002
v -2.448105 0.338559 0.351238
v -2.451028 0.374771 0.000002
v 0.930619 0.310062 0.327108
v 1.012103 0.337299 0.328972
v 2.037938 0.350252 0.324363
v 0.790465 0.312164 0.328055
v -0.394031 0.329926 0.336056
v 0.198767 0.321039 0.332052
v 0.198767 0.321039 0.000002
v -0.709375 0.332103 0.337970
v -0.981731 0.330126 0.339295
v -0.981925 0.257057 0.000002
v 2.449899 0.372069 0.324039
v -2.535845 0.301112 0.348576
v -2.544258 0.337368 0.000002
v -2.690758 0.334801 0.349062
v 2.613590 0.450310 0.329779
v 2.537379 0.426459 0.328174
v 2.613590 0.450310 0.698920
v 2.537379 0.426459 0.702351
v 2.449899 0.372069 0.710598
v 2.298114 0.358601 0.712002
v 2.167691 0.351460 0.712502
v 2.077935 0.350624 0.711710
v 0.973164 0.324782 0.711322
v 0.930619 0.310062 0.713039
v 0.790465 0.312164 0.712016
v 0.198767 0.321039 0.707698
v -0.394031 0.329926 0.703373
v -0.709375 0.332103 0.701479
v -0.981731 0.330126 0.700459
v -1.220625 0.328600 0.697381
v -2.288986 0.371307 0.694706
v -2.451028 0.374771 0.685944
v -2.544258 0.337368 0.691453
v -2.249053 0.370453 0.656865
v -1.260621 0.328345 0.656865
v 1.011061 0.337792 0.669798
v 2.037938 0.350252 0.671358
v -1.260770 0.329351 0.695420
v 1.014056 0.331907 0.710943
v 2.037364 0.350190 0.711148
v -2.246752 0.371101 0.694056
v -0.142963 1.653263 0.000002
v 0.757573 1.223628 0.971973
v 0.794044 1.496591 0.767050
v 2.518964 1.166394 0.825354
v 2.173236 1.191226 0.839715
v 2.175962 1.214225 0.849912
v 2.571173 1.191503 0.831520
v 2.579797 1.222674 0.556193
v 2.251690 1.245412 0.565499
v 2.294095 1.238219 0.506314
v 2.578120 1.216616 0.466982
v 2.271050 1.340091 0.857499
v 2.607711 1.323572 0.857499
v 2.584268 1.238835 0.756328
v 2.207728 1.262340 0.746523
v 2.538224 1.164688 0.722747
v 2.560640 1.177767 0.530214
v 2.240094 1.204051 0.546379
v 2.174584 1.195662 0.722747
v 2.166687 1.188531 0.765777
v 2.530210 1.157028 0.764207
v 2.633392 1.416396 0.828079
v 2.617563 1.359182 0.845305
v 2.311673 1.365382 0.845305
v 2.489515 1.419568 0.828079
v 2.169330 1.178415 0.788843
v 2.512982 1.151721 0.787389
v 2.609397 1.329666 0.807472
v 2.355838 1.342334 0.805629
v 2.274225 1.345893 0.807472
v 2.489206 1.418798 0.815431
v 2.633170 1.415593 0.815431
v 2.313739 1.368019 0.810490
v 2.618331 1.361956 0.810489
v 2.572000 1.194491 0.450672
v 2.267028 1.218897 0.490003
v 2.277424 1.205420 0.500402
v 2.554561 1.184278 0.461071
v 2.154607 1.195141 0.791436
v 2.154179 1.212434 0.730960
v 2.157663 1.181155 0.808135
v 2.218523 1.215849 0.544639
v 2.568279 1.181045 0.730549
v 2.563194 1.162665 0.784695
v 2.524761 1.153025 0.803125
v 2.570935 1.190643 0.530515
v 2.618330 1.361957 0.000002
v 2.274225 1.345894 0.000002
v 2.291924 0.670709 1.140900
v 2.370396 0.670072 1.124002
v 2.377577 0.663990 1.101315
v 2.275949 0.664814 1.123198
v 2.292255 0.711536 1.140900
v 2.276377 0.717689 1.123199
v 2.378006 0.716865 1.101315
v 2.370728 0.710899 1.124002
v -1.020473 0.879940 1.192579
v -0.940212 0.879289 1.191281
v -0.928753 0.873172 1.170435
v -1.032697 0.874015 1.172115
v -1.020141 0.920768 1.192579
v -1.032268 0.926890 1.172115
v -0.928324 0.926047 1.170435
v -0.939881 0.920117 1.191281
v -2.690283 0.706091 0.878287
v -2.818212 0.683429 0.530714
v -2.774457 0.693030 0.710379
v -0.629246 1.413418 0.000002
v 0.198741 0.301037 -1.150964
v 0.770305 0.292465 -1.155266
v 0.770305 0.292465 -0.731866
v 0.198459 0.301042 -0.727693
v -0.394326 0.309928 -0.723368
v -0.709635 0.312104 -0.721474
v -0.982059 0.310126 -0.720453
v -1.200787 0.308729 -0.717635
v -1.200787 0.308729 -1.153631
v -0.982144 0.310125 -1.150964
v -0.709669 0.312103 -1.147440
v -0.394135 0.309925 -1.147354
v 0.770305 0.292465 1.155270
v 0.198741 0.301037 1.150969
v -0.394135 0.309925 1.147358
v -0.709669 0.312103 1.147445
v -0.982144 0.310125 1.150969
v -1.200787 0.308729 1.153636
v -1.200787 0.308729 0.717640
v -0.982059 0.310126 0.720458
v -0.709635 0.312104 0.721479
v -0.394326 0.309928 0.723372
v 0.198459 0.301042 0.727698
v 0.770305 0.292465 0.731870
v 0.218171 0.280744 -0.747839
v 0.218426 0.280740 -1.131114
v 0.750007 0.272767 -1.135115
v 0.750007 0.272767 -0.751720
v -0.729530 0.291958 -1.127697
v -0.729498 0.291959 -0.741399
v -0.982088 0.290125 -0.740453
v -1.180650 0.288857 -0.737895
v -1.180650 0.288857 -1.133386
v -0.982258 0.290124 -1.130965
v 0.218426 0.280740 1.131119
v 0.218171 0.280744 0.747844
v 0.750007 0.272767 0.751725
v 0.750007 0.272767 1.135119
v -0.729498 0.291960 0.741404
v -0.729530 0.291959 1.127702
v -0.982258 0.290124 1.130970
v -1.180650 0.288857 1.133390
v -1.180650 0.288857 0.737899
v -0.982088 0.290125 0.740458
v 2.299172 0.338629 0.020002
v 2.431034 0.350330 0.020002
v 2.431035 0.350330 0.303998
v 2.299184 0.338631 0.303728
v 2.168700 0.331487 0.303838
v 2.058995 0.330466 0.304282
v 2.058995 0.330466 0.020002
v 2.168748 0.331488 0.020002
v 2.431034 0.350330 -0.019998
v 2.299172 0.338629 -0.019998
v 2.168748 0.331488 -0.019998
v 2.058995 0.330466 -0.019998
v 2.058995 0.330466 -0.304278
v 2.168699 0.331487 -0.303833
v 2.299184 0.338631 -0.303724
v 2.431035 0.350330 -0.303993
v -1.706501 0.327651 -0.020004
v -2.229938 0.350773 -0.020004
v -2.229938 0.350761 -0.329794
v -1.281476 0.309233 -0.320766
v -1.281476 0.309245 -0.020004
v -2.229938 0.350773 0.020008
v -1.706501 0.327651 0.020008
v -1.281476 0.309245 0.020008
v -1.281476 0.309233 0.320771
v -2.229938 0.350761 0.329799
v 0.993729 0.300965 -0.308529
v 0.993729 0.300965 0.000002
v 0.993730 0.300965 0.308533
v 0.931352 0.280138 0.307107
v 0.790925 0.282172 0.308055
v 0.219360 0.290745 0.311916
v 0.219360 0.290745 0.000002
v 0.219360 0.290745 -0.311912
v 0.790925 0.282172 -0.308051
v 0.931352 0.280138 -0.307102
v -1.207935 0.255613 0.000002
v -1.207935 0.255613 -0.231055
v -0.982175 0.257055 -0.230222
v -0.709859 0.259034 -0.229157
v -0.447105 0.257221 -0.227875
v -0.447105 0.257221 0.000002
v -0.447106 0.257221 0.227880
v -0.709859 0.259034 0.229162
v -0.982175 0.257055 0.230227
v -1.207935 0.255613 0.231060
v 1.171834 0.291772 0.000002
v 1.171834 0.291772 -0.168950
v 1.879094 0.300702 -0.165772
v 1.879094 0.300702 0.000002
v 1.879094 0.300702 0.165777
v 1.171834 0.291772 0.168954
v -2.269978 0.334750 -0.023867
v -2.448104 0.338559 -0.023867
v -2.535844 0.301112 -0.023867
v -2.623869 0.298682 -0.023867
v -2.623870 0.298729 -0.349074
v -2.623870 0.298736 -0.667510
v -2.536428 0.302003 -0.667612
v -2.448064 0.338286 -0.662070
v -2.295018 0.335286 -0.670346
v -2.269977 0.334750 -0.646618
v -2.269977 0.334750 -0.349996
v -2.448105 0.338559 0.023855
v -2.269978 0.334750 0.023855
v -2.269978 0.334750 0.349984
v -2.269978 0.334750 0.646606
v -2.295018 0.335286 0.670334
v -2.448067 0.338301 0.662058
v -2.536441 0.300869 0.667600
v -2.623870 0.298682 0.667498
v -2.623870 0.298682 0.349062
v -2.623870 0.298682 0.023855
v -2.535844 0.301112 0.023855
v -0.469790 1.146746 1.148077
v -0.389366 1.117155 1.120890
v -0.542758 1.147338 1.043864
v -0.502910 1.118076 0.958727
v -0.453968 1.220803 1.169815
v -0.364746 1.232394 1.154715
v -0.542157 1.221519 1.043864
v -0.501974 1.233507 0.958727
v -0.454387 1.169135 1.169815
v -0.365398 1.151994 1.154715
v -0.469006 1.243439 1.148077
v -0.388146 1.267617 1.120890
v -0.526754 1.243908 1.065602
v -0.478006 1.268346 0.992552
v -0.502572 1.159758 0.958727
v -0.365100 1.188845 1.154715
v -0.454221 1.189568 1.169815
v -0.502327 1.189958 0.958727
v -0.542410 1.190283 1.043864
v -0.520724 1.003598 0.802507
v -0.579849 1.047015 0.928829
v -0.579332 1.110735 0.928829
v -0.519859 1.110253 0.802507
v -0.520222 1.065443 0.802507
v -0.392276 1.127879 1.116610
v -0.495589 1.128717 0.969058
v -0.495338 1.159699 0.969058
v -0.495093 1.189899 0.969058
v -0.494776 1.229016 0.969058
v -0.475096 1.257622 0.996831
v -0.391229 1.256941 1.116610
v -0.372016 1.228020 1.144383
v -0.372334 1.188903 1.144383
v -0.372597 1.156485 1.144383
v -0.469790 1.146746 -1.148072
v -0.542758 1.147338 -1.043859
v -0.502910 1.118076 -0.958722
v -0.389366 1.117155 -1.120885
v -0.469006 1.243439 -1.148072
v -0.388146 1.267617 -1.120885
v -0.478006 1.268345 -0.992547
v -0.526754 1.243907 -1.065597
v -0.454387 1.169135 -1.169810
v -0.365399 1.151994 -1.154710
v -0.365100 1.188845 -1.154710
v -0.454222 1.189568 -1.169810
v -0.372596 1.156485 -1.144378
v -0.495338 1.159699 -0.969053
v -0.495093 1.189899 -0.969053
v -0.372333 1.188903 -1.144378
v -0.542410 1.190283 -1.043859
v -0.453968 1.220803 -1.169810
v -0.364746 1.232394 -1.154710
v -0.501974 1.233507 -0.958722
v -0.542157 1.221519 -1.043859
v -0.392276 1.127879 -1.116605
v -0.495589 1.128717 -0.969053
v -0.494776 1.229016 -0.969054
v -0.475096 1.257622 -0.996826
v -0.391229 1.256941 -1.116606
v -0.372016 1.228020 -1.144378
v -0.502327 1.189958 -0.958722
v -0.579849 1.047015 -0.928824
v -0.520724 1.003598 -0.802502
v -0.579332 1.110735 -0.928824
v -0.519859 1.110253 -0.802502
v -0.502572 1.159758 -0.958722
v -0.520222 1.065443 -0.802502
v -2.512998 0.890704 0.853237
v -2.085855 0.855919 0.887437
v -2.512999 0.890705 0.535994
v -2.085855 0.855919 0.611789
v -2.489040 1.034161 0.853237
v -2.076627 0.913256 0.887437
v -2.483701 1.076325 0.535994
v -2.072796 0.955539 0.611789
v -2.483701 1.076325 0.804631
v -2.072796 0.955539 0.838831
v -2.072796 0.955539 0.611789
v -2.489007 1.034424 0.535994
v -2.504758 1.081365 0.801918
v -2.504758 1.081365 0.533767
v -2.509614 1.042045 0.533767
v -2.509645 1.041801 0.847354
v -2.506438 0.910841 0.554033
v -2.506438 0.910841 0.835199
v -2.492230 1.017540 0.835199
v -2.492209 1.017696 0.554033
v -2.512999 0.890705 -0.853233
v -2.512998 0.890704 -0.535990
v -2.085855 0.855919 -0.611785
v -2.085855 0.855919 -0.887433
v -2.483701 1.076325 -0.804627
v -2.072796 0.955539 -0.838827
v -2.072796 0.955539 -0.611785
v -2.483701 1.076325 -0.535990
v -2.076628 0.913256 -0.887433
v -2.489041 1.034161 -0.853233
v -2.072796 0.955539 -0.611785
v -2.489007 1.034424 -0.535990
v -2.506438 0.910841 -0.554028
v -2.506438 0.910841 -0.835194
v -2.492230 1.017540 -0.835194
v -2.492209 1.017696 -0.554028
v -2.509645 1.041801 -0.847350
v -2.504758 1.081365 -0.801914
v -2.504758 1.081365 -0.533763
v -2.509614 1.042045 -0.533762
v -2.117207 0.470975 0.924406
v -2.105342 0.567289 0.933994
v -2.070908 0.654176 0.961818
v -2.017275 0.723130 1.005156
v -1.949695 0.767400 1.059764
v -1.874781 0.782655 1.120299
v -1.799867 0.767400 1.180833
v -1.732286 0.723130 1.235441
v -1.678654 0.654176 1.278779
v -1.644220 0.567289 1.306604
v -1.632354 0.470975 1.316191
v -1.644220 0.374660 1.306604
v -1.678654 0.287774 1.278779
v -1.732286 0.218820 1.235442
v -1.799867 0.174549 1.180833
v -1.874781 0.159295 1.120298
v -1.949695 0.174550 1.059765
v -2.017276 0.218821 1.005156
v -2.070908 0.287774 0.961818
v -2.105342 0.374661 0.933994
v -2.227267 0.470975 0.840532
v -2.210136 0.610033 0.854375
v -2.160420 0.735478 0.894548
v -2.082986 0.835033 0.957118
v -1.985414 0.898950 1.035961
v -1.877254 0.920975 1.123360
v -1.769095 0.898950 1.210758
v -1.671522 0.835033 1.289602
v -1.594088 0.735478 1.352172
v -1.544373 0.610033 1.392345
v -1.527242 0.470975 1.406187
v -1.544373 0.331917 1.392344
v -1.594089 0.206471 1.352172
v -1.671522 0.106917 1.289602
v -1.769095 0.042999 1.210758
v -1.877255 0.020975 1.123360
v -1.985414 0.043000 1.035961
v -2.082987 0.106918 0.957118
v -2.160420 0.206472 0.894547
v -2.210136 0.331918 0.854375
v -2.213403 0.470975 0.908907
v -2.198318 0.593421 0.921096
v -2.154542 0.703881 0.956470
v -2.086359 0.791542 1.011566
v -2.000442 0.847824 1.080990
v -1.905203 0.867218 1.157948
v -1.809964 0.847824 1.234906
v -1.724048 0.791542 1.304330
v -1.655864 0.703881 1.359426
v -1.612088 0.593421 1.394800
v -1.597004 0.470975 1.406989
v -1.612088 0.348529 1.394800
v -1.655865 0.238069 1.359426
v -1.724048 0.150408 1.304331
v -1.809965 0.094126 1.234905
v -1.905204 0.074732 1.157948
v -2.000443 0.094126 1.080990
v -2.086359 0.150408 1.011565
v -2.154542 0.238070 0.956470
v -2.198319 0.348530 0.921096
v -2.124547 0.470975 0.713413
v -2.057701 0.735478 0.767428
v -1.980267 0.835033 0.829998
v -1.882695 0.898950 0.908841
v -1.774535 0.919428 0.996240
v -1.568803 0.835033 1.162482
v -1.491369 0.206471 1.225052
v -1.568803 0.106917 1.162482
v -1.774536 0.020975 0.996240
v -1.882695 0.043000 0.908841
v -2.057701 0.206472 0.767428
v -1.917037 0.583602 0.621076
v -1.930912 0.470975 0.609864
v -1.876770 0.685205 0.653613
v -1.814054 0.765837 0.704291
v -1.735027 0.817606 0.768149
v -1.647425 0.835445 0.838935
v -1.559823 0.817606 0.909722
v -1.480796 0.765837 0.973580
v -1.418080 0.685205 1.024258
v -1.377814 0.583602 1.056795
v -1.363939 0.470975 1.068007
v -1.377814 0.358348 1.056795
v -1.418080 0.256745 1.024258
v -1.480796 0.176113 0.973580
v -1.559823 0.124344 0.909722
v -1.647425 0.106505 0.838935
v -1.735028 0.124344 0.768148
v -1.814054 0.176113 0.704291
v -1.876771 0.256746 0.653613
v -1.917037 0.358348 0.621076
v -2.017343 0.470975 0.580741
v -2.000212 0.610033 0.594584
v -2.107417 0.610033 0.727255
v -1.950496 0.735478 0.634757
v -1.873062 0.835033 0.697327
v -1.775490 0.898950 0.776170
v -1.667330 0.920975 0.863569
v -1.559170 0.898950 0.950967
v -1.666376 0.898950 1.083639
v -1.461598 0.835033 1.029811
v -1.384164 0.735478 1.092381
v -1.491369 0.735478 1.225052
v -1.334449 0.610033 1.132554
v -1.441654 0.610033 1.265225
v -1.317318 0.470975 1.146396
v -1.424523 0.470975 1.279068
v -1.334449 0.331917 1.132554
v -1.441654 0.331917 1.265225
v -1.384164 0.206471 1.092381
v -1.461598 0.106917 1.029811
v -1.559171 0.042999 0.950967
v -1.666376 0.042999 1.083638
v -1.667331 0.020975 0.863569
v -1.775490 0.043000 0.776170
v -1.873063 0.106918 0.697327
v -1.980268 0.106918 0.829998
v -1.950496 0.206472 0.634756
v -2.000212 0.331918 0.594584
v -2.107417 0.331918 0.727255
v -2.078819 0.556210 0.955426
v -2.089319 0.470976 0.946941
v -2.078819 0.385741 0.955426
v -2.048347 0.308850 0.980049
v -2.000884 0.247828 1.018401
v -1.941077 0.208650 1.066728
v -1.874781 0.195150 1.120298
v -1.808485 0.208649 1.173870
v -1.748678 0.247828 1.222196
v -1.701216 0.308849 1.260548
v -1.670743 0.385741 1.285172
v -1.660242 0.470975 1.293657
v -1.670743 0.556210 1.285172
v -1.701216 0.633101 1.260548
v -1.748679 0.694123 1.222196
v -1.808485 0.733301 1.173869
v -1.874781 0.746800 1.120299
v -1.941076 0.733301 1.066729
v -2.000883 0.694123 1.018402
v -2.048346 0.633102 0.980050
v -1.892276 0.470976 0.681801
v -1.881267 0.560344 0.690698
v -1.849315 0.640966 0.716516
v -1.799550 0.704947 0.756728
v -1.736842 0.746027 0.807400
v -1.667330 0.760181 0.863569
v -1.597819 0.746027 0.919738
v -1.535110 0.704947 0.970410
v -1.485345 0.640967 1.010622
v -1.453394 0.560345 1.036440
v -1.442384 0.470974 1.045337
v -1.453394 0.381606 1.036440
v -1.485345 0.300984 1.010622
v -1.535111 0.237002 0.970409
v -1.597818 0.195924 0.919739
v -1.667331 0.181769 0.863569
v -1.736843 0.195924 0.807400
v -1.799551 0.237003 0.756728
v -1.849316 0.300984 0.716516
v -1.881267 0.381605 0.690698
v -2.051960 0.470976 0.900707
v -2.041460 0.556210 0.909192
v -2.041460 0.385741 0.909192
v -2.010987 0.308850 0.933815
v -1.963525 0.247828 0.972167
v -1.903718 0.208650 1.020494
v -1.837422 0.195150 1.074064
v -1.771125 0.208649 1.127636
v -1.711319 0.247827 1.175962
v -1.663856 0.308849 1.214314
v -1.633383 0.385741 1.238938
v -1.622883 0.470975 1.247422
v -1.633383 0.556210 1.238938
v -1.663857 0.633101 1.214314
v -1.711319 0.694122 1.175962
v -1.771126 0.733301 1.127635
v -1.837421 0.746800 1.074065
v -1.903717 0.733301 1.020495
v -1.963524 0.694122 0.972168
v -2.010986 0.633101 0.933816
v -1.919269 0.394410 1.053532
v -1.896975 0.394409 1.025943
v -1.821480 0.374496 1.132550
v -1.799186 0.374496 1.104961
v -1.754238 0.487914 1.141282
v -1.776531 0.487914 1.168871
v -1.824246 0.577922 1.084711
v -1.846540 0.577923 1.112300
v -1.934756 0.520133 1.041018
v -1.912463 0.520133 1.013428
v -1.895419 0.501434 1.050726
v -1.885823 0.423533 1.058480
v -1.825231 0.411195 1.107441
v -1.797380 0.481471 1.129946
v -1.840758 0.537242 1.094894
v -2.025801 0.549669 0.921844
v -2.035496 0.470975 0.914011
v -2.025801 0.392282 0.921844
v -1.997668 0.321291 0.944578
v -1.953847 0.264953 0.979987
v -1.898630 0.228781 1.024605
v -1.837422 0.216317 1.074064
v -1.776213 0.228781 1.123524
v -1.720996 0.264952 1.168142
v -1.677176 0.321291 1.203551
v -1.649042 0.392282 1.226285
v -1.639347 0.470975 1.234119
v -1.649042 0.549668 1.226285
v -1.677176 0.620660 1.203551
v -1.720996 0.676998 1.168142
v -1.776213 0.713169 1.123524
v -1.837422 0.725633 1.074065
v -1.898629 0.713169 1.024606
v -1.953847 0.676998 0.979987
v -1.997667 0.620659 0.944579
v -1.866885 0.470976 0.702319
v -1.857118 0.550256 0.710211
v -1.828773 0.621779 0.733115
v -1.784626 0.678538 0.768788
v -1.728996 0.714980 0.813740
v -1.667330 0.727537 0.863569
v -1.605665 0.714980 0.913398
v -1.550035 0.678537 0.958350
v -1.505887 0.621778 0.994023
v -1.477542 0.550257 1.016927
v -1.467775 0.470974 1.024819
v -1.477542 0.391693 1.016927
v -1.505887 0.320172 0.994023
v -1.550035 0.263412 0.958349
v -1.605664 0.226970 0.913398
v -1.667331 0.214413 0.863569
v -1.728996 0.226970 0.813740
v -1.784626 0.263413 0.768788
v -1.828774 0.320172 0.733114
v -1.857118 0.391693 0.710211
v -2.018566 0.489621 1.001661
v -1.994032 0.489297 0.968824
v -2.006989 0.395641 1.011016
v -1.982474 0.395468 0.978164
v -1.932178 0.299459 1.071466
v -1.906568 0.297879 1.039500
v -1.859079 0.284573 1.130534
v -1.833588 0.283017 1.098471
v -1.764812 0.346326 1.206707
v -1.737941 0.345674 1.175759
v -1.731212 0.431107 1.233857
v -1.704396 0.430318 1.202865
v -1.747763 0.565455 1.220483
v -1.721189 0.566631 1.189296
v -1.800096 0.632737 1.178196
v -1.773436 0.633805 1.147077
v -1.904591 0.654016 1.093758
v -1.879462 0.655395 1.061403
v -1.970534 0.610817 1.040473
v -1.945298 0.612266 1.008204
v -1.875074 0.488107 1.067165
v -1.869677 0.444291 1.071527
v -1.835597 0.437351 1.099065
v -1.819932 0.476879 1.111723
v -1.844330 0.508247 1.092008
v -1.877060 0.484519 1.080826
v -1.872792 0.449880 1.084274
v -1.845850 0.444393 1.106045
v -1.833466 0.475642 1.116052
v -1.852754 0.500441 1.100466
v -1.559872 0.412860 0.841955
v -1.536216 0.484632 0.861070
v -1.558963 0.556889 0.842689
v -1.614788 0.587302 0.797580
v -1.670989 0.558057 0.752166
v -1.694645 0.486285 0.733051
v -1.671898 0.414028 0.751432
v -1.616073 0.383615 0.796541
v -1.546679 0.484039 0.990407
v -1.626452 0.484039 1.089129
v -1.665537 0.608195 1.057547
v -1.585764 0.608194 0.958824
v -1.761459 0.660453 0.980037
v -1.681686 0.660453 0.881314
v -1.858028 0.610202 0.902005
v -1.778255 0.610202 0.803282
v -1.898675 0.486878 0.869160
v -1.818902 0.486878 0.770437
v -1.859589 0.362723 0.900743
v -1.779817 0.362723 0.802020
v -1.763668 0.310464 0.978253
v -1.683895 0.310464 0.879530
v -1.667099 0.360715 1.056285
v -1.587326 0.360715 0.957562
v -1.683633 0.360715 1.076747
v -1.780202 0.310465 0.998715
v -1.876124 0.362723 0.921206
v -1.915209 0.486878 0.889623
v -1.874562 0.610202 0.922467
v -1.777994 0.660453 1.000499
v -1.682071 0.608195 1.078009
v -1.642986 0.484039 1.109592
v -1.713497 0.608195 1.116899
v -1.674411 0.484039 1.148482
v -1.809419 0.660453 1.039390
v -1.905988 0.610202 0.961357
v -1.946634 0.486878 0.928513
v -1.907549 0.362723 0.960096
v -1.811627 0.310465 1.037606
v -1.715058 0.360715 1.115638
v -1.694873 0.557170 1.049772
v -1.725427 0.543246 1.025083
v -1.763876 0.566787 0.994014
v -1.767243 0.621367 0.991293
v -1.732162 0.652407 1.019641
v -1.693712 0.628866 1.050709
v -1.780943 0.652407 1.080010
v -1.742494 0.628866 1.111079
v -1.816025 0.621367 1.051663
v -1.812658 0.566787 1.054384
v -1.774208 0.543246 1.085452
v -1.743654 0.557170 1.110141
v -1.688757 0.545743 1.054714
v -1.636256 0.521526 1.097137
v -1.632888 0.466945 1.099858
v -1.667970 0.435906 1.071511
v -1.706419 0.459446 1.040442
v -1.709787 0.514027 1.037721
v -1.685037 0.521526 1.157507
v -1.681670 0.466945 1.160228
v -1.716751 0.435906 1.131880
v -1.755201 0.459447 1.100811
v -1.758568 0.514027 1.098090
v -1.737538 0.545744 1.115083
v -1.626043 0.573641 1.105389
v -1.674825 0.573641 1.165758
v -1.700985 0.622513 1.144620
v -1.652203 0.622512 1.084250
v 1.207813 0.470975 1.160962
v 1.223067 0.567289 1.160962
v 1.267339 0.654176 1.160963
v 1.336292 0.723129 1.160962
v 1.423179 0.767400 1.160962
v 1.519493 0.782655 1.160962
v 1.615807 0.767400 1.160963
v 1.702694 0.723129 1.160962
v 1.771648 0.654176 1.160962
v 1.815918 0.567289 1.160962
v 1.831173 0.470975 1.160962
v 1.815919 0.374660 1.160963
v 1.771648 0.287774 1.160962
v 1.702694 0.218820 1.160963
v 1.615807 0.174549 1.160962
v 1.519493 0.159295 1.160963
v 1.423178 0.174550 1.160962
v 1.336292 0.218821 1.160962
v 1.267338 0.287774 1.160962
v 1.223067 0.374661 1.160962
v 1.069493 0.470975 1.164898
v 1.091517 0.610033 1.164898
v 1.155435 0.735478 1.164898
v 1.254990 0.835033 1.164898
v 1.380435 0.898950 1.164898
v 1.519493 0.920975 1.164898
v 1.658551 0.898950 1.164898
v 1.783996 0.835033 1.164898
v 1.883551 0.735478 1.164898
v 1.947468 0.610032 1.164898
v 1.969493 0.470975 1.164898
v 1.947468 0.331917 1.164898
v 1.883551 0.206471 1.164898
v 1.783996 0.106917 1.164898
v 1.658550 0.042999 1.164898
v 1.519493 0.020975 1.164898
v 1.380435 0.043000 1.164898
v 1.254989 0.106918 1.164898
v 1.155435 0.206472 1.164898
v 1.091518 0.331918 1.164898
v 1.123250 0.470975 1.209367
v 1.142644 0.593421 1.209367
v 1.198926 0.703881 1.209367
v 1.286587 0.791542 1.209367
v 1.397047 0.847824 1.209367
v 1.519493 0.867218 1.209367
v 1.641939 0.847824 1.209367
v 1.752399 0.791542 1.209367
v 1.840060 0.703881 1.209367
v 1.896342 0.593421 1.209367
v 1.915736 0.470975 1.209367
v 1.896342 0.348529 1.209367
v 1.840060 0.238069 1.209367
v 1.752398 0.150408 1.209367
v 1.641938 0.094126 1.209367
v 1.519492 0.074732 1.209367
v 1.397047 0.094126 1.209367
v 1.286587 0.150408 1.209367
v 1.198925 0.238070 1.209367
v 1.142644 0.348530 1.209367
v 1.069493 0.470975 1.001464
v 1.155435 0.735478 1.001464
v 1.254990 0.835033 1.001464
v 1.380435 0.898950 1.001464
v 1.519493 0.919428 1.001464
v 1.783996 0.835033 1.001464
v 1.883551 0.206471 1.001464
v 1.783996 0.106917 1.001464
v 1.519493 0.020975 1.001464
v 1.380435 0.043000 1.001464
v 1.155435 0.206472 1.001464
v 1.172862 0.583602 0.799222
v 1.155023 0.470975 0.799222
v 1.224631 0.685205 0.799222
v 1.305263 0.765837 0.799222
v 1.406865 0.817606 0.799222
v 1.519493 0.835445 0.799222
v 1.632120 0.817606 0.799222
v 1.733723 0.765837 0.799222
v 1.814355 0.685205 0.799222
v 1.866124 0.583602 0.799222
v 1.883963 0.470975 0.799222
v 1.866124 0.358347 0.799222
v 1.814355 0.256745 0.799222
v 1.733722 0.176113 0.799222
v 1.632120 0.124344 0.799222
v 1.519493 0.106505 0.799222
v 1.406865 0.124344 0.799222
v 1.305263 0.176113 0.799222
v 1.224630 0.256745 0.799222
v 1.172862 0.358348 0.799222
v 1.069493 0.470975 0.830893
v 1.091518 0.610033 0.830893
v 1.091518 0.610033 1.001464
v 1.155435 0.735478 0.830893
v 1.254990 0.835033 0.830893
v 1.380436 0.898950 0.830893
v 1.519493 0.920975 0.830893
v 1.658551 0.898950 0.830893
v 1.658551 0.898950 1.001464
v 1.783996 0.835033 0.830893
v 1.883551 0.735478 0.830893
v 1.883551 0.735478 1.001464
v 1.947468 0.610032 0.830893
v 1.947468 0.610032 1.001464
v 1.969493 0.470975 0.830893
v 1.969493 0.470975 1.001464
v 1.947469 0.331917 0.830893
v 1.947468 0.331917 1.001464
v 1.883551 0.206471 0.830893
v 1.783996 0.106917 0.830893
v 1.658550 0.042999 0.830893
v 1.658550 0.042999 1.001464
v 1.519493 0.020975 0.830893
v 1.380435 0.043000 0.830893
v 1.254989 0.106918 0.830893
v 1.254989 0.106918 1.001464
v 1.155435 0.206472 0.830893
v 1.091518 0.331918 0.830893
v 1.091517 0.331918 1.001464
v 1.257168 0.556210 1.160962
v 1.243668 0.470975 1.160962
v 1.257167 0.385741 1.160962
v 1.296345 0.308850 1.160962
v 1.357366 0.247828 1.160962
v 1.434258 0.208650 1.160962
v 1.519492 0.195149 1.160962
v 1.604728 0.208649 1.160962
v 1.681619 0.247828 1.160962
v 1.742640 0.308849 1.160962
v 1.781819 0.385741 1.160963
v 1.795318 0.470975 1.160963
v 1.781819 0.556210 1.160962
v 1.742640 0.633101 1.160962
v 1.681619 0.694123 1.160963
v 1.604727 0.733300 1.160963
v 1.519493 0.746800 1.160962
v 1.434259 0.733301 1.160962
v 1.357368 0.694123 1.160962
v 1.296346 0.633101 1.160962
v 1.230287 0.470975 0.830893
v 1.244442 0.560344 0.830893
v 1.285521 0.640966 0.830893
v 1.349502 0.704947 0.830893
v 1.430124 0.746027 0.830893
v 1.519493 0.760181 0.830893
v 1.608863 0.746026 0.830893
v 1.689485 0.704947 0.830893
v 1.753466 0.640966 0.830893
v 1.794545 0.560344 0.830893
v 1.808699 0.470974 0.830893
v 1.794545 0.381606 0.830893
v 1.753466 0.300984 0.830893
v 1.689484 0.237002 0.830893
v 1.608863 0.195923 0.830893
v 1.519493 0.181769 0.830893
v 1.430123 0.195923 0.830893
v 1.349501 0.237003 0.830893
v 1.285520 0.300984 0.830893
v 1.244442 0.381605 0.830893
v 1.243668 0.470975 1.101521
v 1.257168 0.556210 1.101521
v 1.257167 0.385741 1.101521
v 1.296345 0.308850 1.101521
v 1.357366 0.247828 1.101521
v 1.434258 0.208650 1.101521
v 1.519493 0.195149 1.101521
v 1.604728 0.208649 1.101521
v 1.681619 0.247827 1.101521
v 1.742641 0.308849 1.101521
v 1.781819 0.385741 1.101521
v 1.795318 0.470975 1.101521
v 1.781819 0.556210 1.101521
v 1.742640 0.633101 1.101521
v 1.681619 0.694122 1.101521
v 1.604727 0.733300 1.101521
v 1.519493 0.746800 1.101521
v 1.434259 0.733301 1.101521
v 1.357367 0.694122 1.101521
v 1.296346 0.633101 1.101521
v 1.442927 0.394409 1.136992
v 1.442928 0.394409 1.101521
v 1.568651 0.374496 1.136992
v 1.568651 0.374496 1.101521
v 1.626440 0.487914 1.101521
v 1.626440 0.487914 1.136992
v 1.536432 0.577922 1.101521
v 1.536432 0.577923 1.136992
v 1.423015 0.520133 1.136992
v 1.423015 0.520133 1.101521
v 1.459714 0.501434 1.119819
v 1.472051 0.423533 1.119819
v 1.549952 0.411195 1.119819
v 1.585760 0.481471 1.119819
v 1.529989 0.537242 1.119819
v 1.277299 0.549669 1.101521
v 1.264835 0.470975 1.101521
v 1.277299 0.392282 1.101521
v 1.313470 0.321291 1.101521
v 1.369808 0.264953 1.101521
v 1.440799 0.228781 1.101521
v 1.519493 0.216317 1.101521
v 1.598187 0.228781 1.101521
v 1.669177 0.264952 1.101521
v 1.725516 0.321291 1.101521
v 1.761687 0.392282 1.101521
v 1.774151 0.470975 1.101521
v 1.761688 0.549668 1.101521
v 1.725516 0.620660 1.101521
v 1.669178 0.676997 1.101521
v 1.598187 0.713169 1.101521
v 1.519493 0.725633 1.101521
v 1.440800 0.713169 1.101521
v 1.369809 0.676998 1.101521
v 1.313471 0.620659 1.101521
v 1.262932 0.470976 0.830893
v 1.275488 0.550256 0.830893
v 1.311931 0.621779 0.830893
v 1.368690 0.678537 0.830893
v 1.440212 0.714980 0.830893
v 1.519493 0.727537 0.830893
v 1.598775 0.714980 0.830893
v 1.670297 0.678537 0.830893
v 1.727055 0.621778 0.830893
v 1.763498 0.550257 0.830893
v 1.776055 0.470974 0.830893
v 1.763498 0.391693 0.830893
v 1.727056 0.320172 0.830893
v 1.670296 0.263412 0.830893
v 1.598776 0.226970 0.830893
v 1.519493 0.214413 0.830893
v 1.440211 0.226970 0.830893
v 1.368689 0.263413 0.830893
v 1.311930 0.320172 0.830893
v 1.275489 0.391693 0.830893
v 1.333092 0.489621 1.159055
v 1.331536 0.489297 1.118095
v 1.347976 0.395641 1.159055
v 1.346397 0.395468 1.118095
v 1.444158 0.299459 1.159055
v 1.443986 0.297879 1.118095
v 1.538139 0.284573 1.159055
v 1.537814 0.283017 1.118095
v 1.659335 0.346326 1.159055
v 1.660785 0.345674 1.118095
v 1.702533 0.431107 1.159055
v 1.703913 0.430318 1.118095
v 1.681254 0.565454 1.159055
v 1.682323 0.566631 1.118095
v 1.613972 0.632737 1.159055
v 1.615149 0.633805 1.118095
v 1.479625 0.654016 1.159055
v 1.478836 0.655395 1.118095
v 1.394845 0.610817 1.159055
v 1.394192 0.612266 1.118095
v 1.485870 0.488107 1.119819
v 1.492809 0.444291 1.119819
v 1.536625 0.437351 1.119819
v 1.556765 0.476879 1.119819
v 1.525397 0.508247 1.119819
v 1.492912 0.484519 1.131692
v 1.498398 0.449879 1.131692
v 1.533037 0.444393 1.131692
v 1.548959 0.475642 1.131692
v 1.524160 0.500441 1.131692
v 1.459092 0.387318 0.746539
v 1.530864 0.356904 0.746539
v 1.603121 0.386149 0.746539
v 1.633534 0.457922 0.746539
v 1.604289 0.530178 0.746538
v 1.532517 0.560591 0.746539
v 1.460261 0.531346 0.746539
v 1.429847 0.459574 0.746539
v 1.356696 0.460167 0.853714
v 1.408955 0.583491 0.853714
v 1.408955 0.583491 0.980639
v 1.356697 0.460167 0.980639
v 1.533110 0.633742 0.853713
v 1.533110 0.633742 0.980639
v 1.656434 0.581484 0.853714
v 1.656434 0.581484 0.980639
v 1.706685 0.457328 0.853713
v 1.706685 0.457328 0.980638
v 1.654427 0.334004 0.853714
v 1.654426 0.334005 0.980639
v 1.530271 0.283753 0.853714
v 1.530271 0.283754 0.980639
v 1.406947 0.336012 0.853714
v 1.406947 0.336012 0.980639
v 1.644618 0.334084 1.006947
v 1.696876 0.457408 1.006946
v 1.646625 0.581563 1.006946
v 1.523301 0.633822 1.006947
v 1.399145 0.583571 1.006947
v 1.346887 0.460247 1.006947
v 1.397138 0.336092 1.006947
v 1.520462 0.283833 1.006947
v 1.696876 0.457408 1.056946
v 1.646625 0.581563 1.056946
v 1.523301 0.633822 1.056947
v 1.399146 0.583571 1.056947
v 1.346887 0.460247 1.056947
v 1.397138 0.336092 1.056947
v 1.520462 0.283833 1.056947
v 1.644618 0.334084 1.056947
v 1.618921 0.530538 0.993029
v 1.620413 0.602235 0.993029
v 1.570980 0.625776 0.993029
v 1.525877 0.594736 0.993029
v 1.530206 0.540155 0.993029
v 1.579639 0.516614 0.993029
v 1.620413 0.602235 1.070644
v 1.570980 0.625776 1.070644
v 1.525877 0.594736 1.070645
v 1.530206 0.540156 1.070645
v 1.579639 0.516615 1.070644
v 1.618921 0.530538 1.070644
v 1.626784 0.519112 0.993029
v 1.599747 0.487396 0.993029
v 1.604076 0.432815 0.993029
v 1.653509 0.409274 0.993029
v 1.698613 0.440314 0.993029
v 1.694283 0.494895 0.993029
v 1.698612 0.440314 1.070644
v 1.694284 0.494895 1.070644
v 1.653509 0.409274 1.070644
v 1.604076 0.432815 1.070644
v 1.599747 0.487396 1.070644
v 1.626784 0.519112 1.070644
v 1.707412 0.547010 1.070644
v 1.707412 0.547010 0.993029
v 1.673780 0.595881 1.070644
v 1.673780 0.595881 0.993029
v -1.401603 0.470975 -0.926402
v -1.413468 0.567289 -0.935989
v -1.447902 0.654176 -0.963814
v -1.501535 0.723129 -1.007151
v -1.569115 0.767400 -1.061760
v -1.644029 0.782655 -1.122294
v -1.718943 0.767400 -1.182828
v -1.786524 0.723129 -1.237437
v -1.840156 0.654176 -1.280775
v -1.874591 0.567289 -1.308599
v -1.886456 0.470975 -1.318187
v -1.874590 0.374660 -1.308599
v -1.840156 0.287774 -1.280775
v -1.786524 0.218820 -1.237437
v -1.718943 0.174549 -1.182828
v -1.644029 0.159295 -1.122294
v -1.569115 0.174550 -1.061760
v -1.501534 0.218821 -1.007151
v -1.447902 0.287774 -0.963814
v -1.413468 0.374661 -0.935989
v -1.291543 0.470975 -0.842528
v -1.308674 0.610033 -0.856370
v -1.358390 0.735478 -0.896543
v -1.435824 0.835033 -0.959113
v -1.533396 0.898950 -1.037957
v -1.641556 0.920975 -1.125355
v -1.749716 0.898950 -1.212754
v -1.847288 0.835033 -1.291597
v -1.924722 0.735478 -1.354168
v -1.974437 0.610032 -1.394340
v -1.991568 0.470975 -1.408183
v -1.974437 0.331917 -1.394340
v -1.924722 0.206471 -1.354167
v -1.847288 0.106917 -1.291597
v -1.749715 0.042999 -1.212754
v -1.641555 0.020975 -1.125355
v -1.533396 0.043000 -1.037956
v -1.435823 0.106918 -0.959113
v -1.358390 0.206472 -0.896543
v -1.308674 0.331918 -0.856370
v -1.305407 0.470975 -0.910903
v -1.320491 0.593421 -0.923092
v -1.364268 0.703881 -0.958465
v -1.432451 0.791542 -1.013561
v -1.518368 0.847824 -1.082986
v -1.613607 0.867218 -1.159944
v -1.708846 0.847824 -1.236901
v -1.794762 0.791542 -1.306326
v -1.862946 0.703881 -1.361422
v -1.906722 0.593421 -1.396795
v -1.921806 0.470975 -1.408984
v -1.906722 0.348529 -1.396795
v -1.862946 0.238069 -1.361422
v -1.794762 0.150408 -1.306326
v -1.708845 0.094126 -1.236901
v -1.613606 0.074732 -1.159943
v -1.518368 0.094126 -1.082985
v -1.432451 0.150408 -1.013561
v -1.364268 0.238070 -0.958465
v -1.320491 0.348530 -0.923092
v -1.394262 0.470975 -0.715408
v -1.461109 0.735478 -0.769423
v -1.538543 0.835033 -0.831994
v -1.636115 0.898950 -0.910837
v -1.744275 0.919428 -0.998236
v -1.950007 0.835033 -1.164477
v -2.027441 0.206471 -1.227048
v -1.950007 0.106917 -1.164477
v -1.744274 0.020975 -0.998235
v -1.636115 0.043000 -0.910837
v -1.461109 0.206472 -0.769423
v -1.601773 0.583602 -0.623071
v -1.587898 0.470975 -0.611860
v -1.642040 0.685205 -0.655608
v -1.704756 0.765837 -0.706286
v -1.783783 0.817606 -0.770144
v -1.871385 0.835445 -0.840931
v -1.958987 0.817606 -0.911718
v -2.038014 0.765837 -0.975576
v -2.100730 0.685205 -1.026253
v -2.140996 0.583602 -1.058791
v -2.154871 0.470975 -1.070002
v -2.140996 0.358347 -1.058790
v -2.100730 0.256745 -1.026253
v -2.038014 0.176113 -0.975575
v -1.958987 0.124344 -0.911718
v -1.871385 0.106505 -0.840931
v -1.783782 0.124344 -0.770144
v -1.704756 0.176113 -0.706286
v -1.642039 0.256745 -0.655608
v -1.601773 0.358348 -0.623071
v -1.501467 0.470975 -0.582737
v -1.518598 0.610033 -0.596580
v -1.411393 0.610033 -0.729251
v -1.568314 0.735478 -0.636752
v -1.645748 0.835033 -0.699323
v -1.743320 0.898950 -0.778166
v -1.851480 0.920975 -0.865564
v -1.959640 0.898950 -0.952963
v -1.852435 0.898950 -1.085634
v -2.057212 0.835033 -1.031806
v -2.134646 0.735478 -1.094377
v -2.027441 0.735478 -1.227048
v -2.184361 0.610032 -1.134549
v -2.077156 0.610032 -1.267220
v -2.201492 0.470975 -1.148392
v -2.094287 0.470975 -1.281063
v -2.184361 0.331917 -1.134549
v -2.077156 0.331917 -1.267220
v -2.134646 0.206471 -1.094376
v -2.057212 0.106917 -1.031806
v -1.959639 0.042999 -0.952963
v -1.852434 0.042999 -1.085634
v -1.851479 0.020975 -0.865564
v -1.743320 0.043000 -0.778166
v -1.645747 0.106918 -0.699322
v -1.538542 0.106918 -0.831994
v -1.568314 0.206472 -0.636752
v -1.518598 0.331918 -0.596579
v -1.411393 0.331918 -0.729251
v -1.439991 0.556210 -0.957421
v -1.429491 0.470975 -0.948937
v -1.439991 0.385741 -0.957421
v -1.470463 0.308850 -0.982044
v -1.517926 0.247828 -1.020396
v -1.577733 0.208650 -1.068723
v -1.644029 0.195149 -1.122294
v -1.710326 0.208649 -1.175865
v -1.770132 0.247828 -1.224192
v -1.817594 0.308849 -1.262544
v -1.848067 0.385741 -1.287167
v -1.858568 0.470975 -1.295652
v -1.848067 0.556210 -1.287167
v -1.817594 0.633101 -1.262543
v -1.770131 0.694123 -1.224191
v -1.710325 0.733300 -1.175864
v -1.644029 0.746800 -1.122294
v -1.577734 0.733301 -1.068724
v -1.517927 0.694123 -1.020398
v -1.470464 0.633101 -0.982045
v -1.626534 0.470975 -0.683797
v -1.637543 0.560344 -0.692693
v -1.669495 0.640966 -0.718511
v -1.719260 0.704947 -0.758724
v -1.781968 0.746027 -0.809395
v -1.851480 0.760181 -0.865564
v -1.920992 0.746026 -0.921733
v -1.983700 0.704947 -0.972405
v -2.033465 0.640966 -1.012617
v -2.065416 0.560344 -1.038436
v -2.076426 0.470974 -1.047332
v -2.065416 0.381606 -1.038436
v -2.033465 0.300984 -1.012617
v -1.983699 0.237002 -0.972404
v -1.920992 0.195923 -0.921734
v -1.851479 0.181769 -0.865564
v -1.781967 0.195923 -0.809395
v -1.719259 0.237003 -0.758724
v -1.669494 0.300984 -0.718511
v -1.637543 0.381605 -0.692693
v -1.466850 0.470975 -0.902703
v -1.477350 0.556210 -0.911187
v -1.477350 0.385741 -0.911187
v -1.507823 0.308850 -0.935811
v -1.555285 0.247828 -0.974163
v -1.615092 0.208650 -1.022489
v -1.681388 0.195149 -1.076060
v -1.747685 0.208649 -1.129631
v -1.807491 0.247827 -1.177957
v -1.854954 0.308849 -1.216310
v -1.885427 0.385741 -1.240933
v -1.895927 0.470975 -1.249418
v -1.885427 0.556210 -1.240933
v -1.854954 0.633101 -1.216310
v -1.807491 0.694122 -1.177957
v -1.747684 0.733300 -1.129630
v -1.681389 0.746800 -1.076060
v -1.615093 0.733301 -1.022490
v -1.555286 0.694122 -0.974163
v -1.507824 0.633101 -0.935811
v -1.599542 0.394409 -1.055528
v -1.621835 0.394409 -1.027938
v -1.697330 0.374496 -1.134546
v -1.719624 0.374496 -1.106956
v -1.764572 0.487914 -1.143277
v -1.742279 0.487914 -1.170866
v -1.694564 0.577922 -1.086707
v -1.672270 0.577923 -1.114296
v -1.584054 0.520133 -1.043013
v -1.606347 0.520133 -1.015423
v -1.623391 0.501434 -1.052721
v -1.632987 0.423533 -1.060476
v -1.693579 0.411195 -1.109437
v -1.721430 0.481471 -1.131942
v -1.678052 0.537242 -1.096890
v -1.493009 0.549669 -0.923840
v -1.483314 0.470975 -0.916006
v -1.493008 0.392281 -0.923840
v -1.521142 0.321291 -0.946573
v -1.564963 0.264952 -0.981982
v -1.620180 0.228781 -1.026601
v -1.681388 0.216317 -1.076060
v -1.742597 0.228781 -1.125520
v -1.797814 0.264952 -1.170138
v -1.841634 0.321291 -1.205547
v -1.869769 0.392282 -1.228281
v -1.879463 0.470975 -1.236114
v -1.869769 0.549668 -1.228281
v -1.841634 0.620660 -1.205546
v -1.797814 0.676997 -1.170138
v -1.742597 0.713169 -1.125520
v -1.681389 0.725633 -1.076060
v -1.620181 0.713169 -1.026601
v -1.564963 0.676998 -0.981983
v -1.521143 0.620659 -0.946574
v -1.651925 0.470976 -0.704314
v -1.661692 0.550256 -0.712206
v -1.690037 0.621779 -0.735110
v -1.734184 0.678537 -0.770784
v -1.789814 0.714980 -0.815736
v -1.851480 0.727536 -0.865564
v -1.913145 0.714980 -0.915393
v -1.968776 0.678537 -0.960345
v -2.012923 0.621778 -0.996019
v -2.041268 0.550257 -1.018923
v -2.051035 0.470974 -1.026815
v -2.041268 0.391693 -1.018923
v -2.012923 0.320172 -0.996019
v -1.968775 0.263412 -0.960345
v -1.913146 0.226970 -0.915394
v -1.851479 0.214413 -0.865564
v -1.789814 0.226970 -0.815735
v -1.734184 0.263413 -0.770783
v -1.690036 0.320172 -0.735110
v -1.661692 0.391693 -0.712206
v -1.500244 0.489621 -1.003656
v -1.524778 0.489297 -0.970820
v -1.511822 0.395641 -1.013011
v -1.536336 0.395468 -0.980160
v -1.586632 0.299459 -1.073462
v -1.612242 0.297878 -1.041495
v -1.659731 0.284573 -1.132529
v -1.685222 0.283017 -1.100467
v -1.753998 0.346326 -1.208702
v -1.780869 0.345674 -1.177754
v -1.787598 0.431107 -1.235852
v -1.814414 0.430318 -1.204860
v -1.771047 0.565454 -1.222479
v -1.797621 0.566631 -1.191291
v -1.718715 0.632737 -1.180191
v -1.745374 0.633805 -1.149072
v -1.614219 0.654016 -1.095754
v -1.639349 0.655395 -1.063399
v -1.548276 0.610817 -1.042468
v -1.573512 0.612266 -1.010200
v -1.643736 0.488107 -1.069161
v -1.649133 0.444291 -1.073522
v -1.683213 0.437351 -1.101060
v -1.698878 0.476878 -1.113719
v -1.674480 0.508247 -1.094003
v -1.641750 0.484519 -1.082821
v -1.646018 0.449879 -1.086269
v -1.672960 0.444393 -1.108040
v -1.685344 0.475642 -1.118047
v -1.666056 0.500441 -1.102461
v -1.703556 0.484038 -0.772480
v -1.742641 0.608193 -0.804063
v -1.838563 0.660451 -0.881573
v -1.935132 0.610201 -0.959605
v -1.975779 0.486877 -0.992450
v -1.936694 0.362721 -0.960867
v -1.840772 0.310463 -0.883357
v -1.744203 0.360714 -0.805325
v -1.623783 0.484038 -0.871203
v -1.662868 0.608193 -0.902786
v -1.758790 0.660451 -0.980296
v -1.855359 0.610200 -1.058328
v -1.896006 0.486877 -1.091173
v -1.856921 0.362721 -1.059590
v -1.760999 0.310463 -0.982080
v -1.664430 0.360714 -0.904048
v -1.827813 0.484631 -0.735094
v -1.850560 0.556887 -0.753475
v -1.906385 0.587301 -0.798584
v -1.962586 0.558056 -0.843998
v -1.986242 0.486283 -0.863113
v -1.963495 0.414027 -0.844732
v -1.907670 0.383614 -0.799623
v -1.851469 0.412859 -0.754209
v -1.607248 0.484038 -0.891666
v -1.646334 0.608193 -0.923249
v -1.742256 0.660451 -1.000758
v -1.838825 0.610201 -1.078791
v -1.879472 0.486877 -1.111635
v -1.840386 0.362721 -1.080052
v -1.744464 0.310463 -1.002542
v -1.647895 0.360714 -0.924510
v -1.575823 0.484038 -0.930556
v -1.614908 0.608193 -0.962139
v -1.710831 0.660451 -1.039649
v -1.807399 0.610200 -1.117681
v -1.848046 0.486877 -1.150525
v -1.808961 0.362721 -1.118942
v -1.713039 0.310463 -1.041433
v -1.616470 0.360714 -0.963401
v -1.675469 0.628864 -0.928898
v -1.713918 0.652405 -0.959967
v -1.749000 0.621366 -0.988315
v -1.745632 0.566785 -0.985594
v -1.707183 0.543244 -0.954525
v -1.676629 0.557168 -0.929836
v -1.626687 0.628864 -0.989268
v -1.665136 0.652405 -1.020337
v -1.700218 0.621366 -1.048684
v -1.696851 0.566785 -1.045963
v -1.658402 0.543244 -1.014894
v -1.627848 0.557168 -0.990205
v -1.670513 0.545742 -0.924893
v -1.691543 0.514026 -0.941887
v -1.688176 0.459445 -0.939166
v -1.649727 0.435904 -0.908097
v -1.614645 0.466944 -0.879749
v -1.618012 0.521524 -0.882470
v -1.565863 0.466944 -0.940118
v -1.569231 0.521524 -0.942840
v -1.600945 0.435904 -0.968466
v -1.639394 0.459445 -0.999535
v -1.642762 0.514025 -1.002257
v -1.621732 0.545742 -0.985263
v -1.633960 0.622511 -0.895357
v -1.585179 0.622511 -0.955726
v -1.607800 0.573639 -0.874218
v -1.559019 0.573639 -0.934588
v 1.831173 0.470975 -1.163208
v 1.815919 0.567289 -1.163208
v 1.771648 0.654176 -1.163208
v 1.702694 0.723129 -1.163208
v 1.615808 0.767400 -1.163208
v 1.519493 0.782655 -1.163208
v 1.423178 0.767400 -1.163208
v 1.336292 0.723129 -1.163208
v 1.267339 0.654176 -1.163208
v 1.223068 0.567289 -1.163208
v 1.207813 0.470975 -1.163208
v 1.223068 0.374660 -1.163208
v 1.267339 0.287774 -1.163208
v 1.336292 0.218820 -1.163208
v 1.423179 0.174549 -1.163208
v 1.519493 0.159295 -1.163208
v 1.615808 0.174549 -1.163208
v 1.702694 0.218821 -1.163208
v 1.771648 0.287774 -1.163208
v 1.815919 0.374661 -1.163208
v 1.969493 0.470975 -1.167144
v 1.947469 0.610032 -1.167144
v 1.883551 0.735478 -1.167144
v 1.783996 0.835032 -1.167144
v 1.658551 0.898950 -1.167144
v 1.519493 0.920975 -1.167144
v 1.380436 0.898950 -1.167144
v 1.254990 0.835033 -1.167144
v 1.155436 0.735478 -1.167144
v 1.091518 0.610032 -1.167144
v 1.069493 0.470975 -1.167144
v 1.091518 0.331917 -1.167144
v 1.155436 0.206471 -1.167144
v 1.254990 0.106917 -1.167144
v 1.380436 0.042999 -1.167144
v 1.519494 0.020975 -1.167144
v 1.658551 0.043000 -1.167144
v 1.783997 0.106918 -1.167144
v 1.883551 0.206472 -1.167144
v 1.947469 0.331918 -1.167144
v 1.915736 0.470975 -1.211613
v 1.896342 0.593421 -1.211613
v 1.840061 0.703881 -1.211613
v 1.752399 0.791542 -1.211613
v 1.641939 0.847824 -1.211613
v 1.519493 0.867218 -1.211613
v 1.397047 0.847824 -1.211613
v 1.286588 0.791542 -1.211613
v 1.198926 0.703880 -1.211613
v 1.142644 0.593421 -1.211613
v 1.123250 0.470975 -1.211613
v 1.142644 0.348529 -1.211613
v 1.198926 0.238069 -1.211613
v 1.286588 0.150407 -1.211613
v 1.397047 0.094125 -1.211613
v 1.519493 0.074732 -1.211613
v 1.641939 0.094126 -1.211613
v 1.752399 0.150408 -1.211613
v 1.840061 0.238070 -1.211613
v 1.896343 0.348530 -1.211613
v 1.969493 0.470975 -1.003710
v 1.883551 0.735478 -1.003710
v 1.783996 0.835032 -1.003710
v 1.658551 0.898950 -1.003710
v 1.519493 0.919428 -1.003710
v 1.254990 0.835033 -1.003710
v 1.155436 0.206471 -1.003710
v 1.254990 0.106917 -1.003710
v 1.519494 0.020975 -1.003710
v 1.658551 0.043000 -1.003710
v 1.883551 0.206472 -1.003710
v 1.866125 0.583602 -0.801468
v 1.883963 0.470975 -0.801468
v 1.814355 0.685205 -0.801468
v 1.733723 0.765837 -0.801468
v 1.632121 0.817606 -0.801468
v 1.519493 0.835445 -0.801468
v 1.406866 0.817606 -0.801468
v 1.305263 0.765837 -0.801468
v 1.224631 0.685205 -0.801468
v 1.172862 0.583602 -0.801468
v 1.155024 0.470975 -0.801468
v 1.172862 0.358347 -0.801468
v 1.224631 0.256745 -0.801468
v 1.305263 0.176113 -0.801468
v 1.406866 0.124344 -0.801468
v 1.519493 0.106505 -0.801468
v 1.632121 0.124344 -0.801468
v 1.733724 0.176113 -0.801468
v 1.814356 0.256745 -0.801468
v 1.866125 0.358348 -0.801468
v 1.969493 0.470975 -0.833139
v 1.947468 0.610032 -0.833139
v 1.947469 0.610032 -1.003710
v 1.883551 0.735478 -0.833139
v 1.783997 0.835032 -0.833139
v 1.658551 0.898950 -0.833139
v 1.519493 0.920975 -0.833139
v 1.380435 0.898950 -0.833139
v 1.380436 0.898950 -1.003710
v 1.254990 0.835032 -0.833139
v 1.155436 0.735478 -0.833139
v 1.155435 0.735478 -1.003710
v 1.091518 0.610032 -0.833139
v 1.091518 0.610032 -1.003710
v 1.069493 0.470975 -0.833139
v 1.069493 0.470975 -1.003710
v 1.091518 0.331917 -0.833139
v 1.091518 0.331917 -1.003710
v 1.155436 0.206471 -0.833139
v 1.254990 0.106917 -0.833139
v 1.380436 0.042999 -0.833139
v 1.380436 0.042999 -1.003710
v 1.519494 0.020975 -0.833139
v 1.658551 0.043000 -0.833139
v 1.783997 0.106918 -0.833139
v 1.783997 0.106918 -1.003710
v 1.883551 0.206472 -0.833139
v 1.947469 0.331918 -0.833139
v 1.947469 0.331918 -1.003710
v 1.781818 0.556210 -1.163208
v 1.795318 0.470975 -1.163208
v 1.781819 0.385741 -1.163208
v 1.742642 0.308850 -1.163208
v 1.681620 0.247828 -1.163208
v 1.604729 0.208650 -1.163208
v 1.519494 0.195149 -1.163208
v 1.434258 0.208649 -1.163208
v 1.357367 0.247828 -1.163208
v 1.296346 0.308849 -1.163208
v 1.257167 0.385741 -1.163208
v 1.243668 0.470975 -1.163208
v 1.257167 0.556210 -1.163208
v 1.296346 0.633101 -1.163208
v 1.357367 0.694123 -1.163208
v 1.434259 0.733300 -1.163208
v 1.519493 0.746800 -1.163208
v 1.604727 0.733301 -1.163208
v 1.681619 0.694123 -1.163208
v 1.742640 0.633101 -1.163208
v 1.808699 0.470975 -0.833139
v 1.794545 0.560344 -0.833139
v 1.753466 0.640966 -0.833139
v 1.689485 0.704947 -0.833139
v 1.608863 0.746027 -0.833139
v 1.519493 0.760181 -0.833139
v 1.430124 0.746026 -0.833139
v 1.349501 0.704947 -0.833139
v 1.285521 0.640966 -0.833139
v 1.244442 0.560344 -0.833139
v 1.230287 0.470974 -0.833139
v 1.244442 0.381606 -0.833139
v 1.285520 0.300984 -0.833139
v 1.349503 0.237001 -0.833139
v 1.430123 0.195923 -0.833139
v 1.519494 0.181769 -0.833139
v 1.608863 0.195923 -0.833139
v 1.689485 0.237002 -0.833139
v 1.753466 0.300984 -0.833139
v 1.794545 0.381605 -0.833139
v 1.795318 0.470975 -1.103767
v 1.781819 0.556210 -1.103767
v 1.781819 0.385740 -1.103767
v 1.742641 0.308849 -1.103767
v 1.681620 0.247828 -1.103767
v 1.604729 0.208649 -1.103767
v 1.519494 0.195149 -1.103767
v 1.434258 0.208649 -1.103767
v 1.357367 0.247827 -1.103767
v 1.296346 0.308849 -1.103767
v 1.257168 0.385741 -1.103767
v 1.243668 0.470975 -1.103767
v 1.257168 0.556210 -1.103767
v 1.296346 0.633101 -1.103767
v 1.357367 0.694122 -1.103767
v 1.434259 0.733300 -1.103767
v 1.519493 0.746800 -1.103767
v 1.604728 0.733301 -1.103767
v 1.681619 0.694122 -1.103767
v 1.742640 0.633101 -1.103767
v 1.596059 0.394409 -1.139238
v 1.596059 0.394409 -1.103767
v 1.470335 0.374496 -1.139238
v 1.470335 0.374496 -1.103767
v 1.412547 0.487914 -1.103767
v 1.412546 0.487914 -1.139238
v 1.502554 0.577922 -1.103767
v 1.502554 0.577923 -1.139238
v 1.615971 0.520133 -1.139238
v 1.615971 0.520133 -1.103767
v 1.579272 0.501434 -1.122065
v 1.566935 0.423533 -1.122065
v 1.489034 0.411195 -1.122065
v 1.453226 0.481471 -1.122065
v 1.508997 0.537242 -1.122065
v 1.761688 0.549669 -1.103767
v 1.774151 0.470975 -1.103767
v 1.761688 0.392281 -1.103767
v 1.725516 0.321291 -1.103767
v 1.669178 0.264952 -1.103767
v 1.598187 0.228781 -1.103767
v 1.519494 0.216317 -1.103767
v 1.440799 0.228781 -1.103767
v 1.369809 0.264952 -1.103767
v 1.313471 0.321291 -1.103767
v 1.277299 0.392282 -1.103767
v 1.264835 0.470975 -1.103767
v 1.277299 0.549668 -1.103767
v 1.313471 0.620660 -1.103767
v 1.369809 0.676997 -1.103767
v 1.440800 0.713169 -1.103767
v 1.519493 0.725633 -1.103767
v 1.598187 0.713169 -1.103767
v 1.669178 0.676997 -1.103767
v 1.725516 0.620659 -1.103767
v 1.776055 0.470976 -0.833139
v 1.763498 0.550256 -0.833139
v 1.727055 0.621778 -0.833139
v 1.670296 0.678537 -0.833139
v 1.598775 0.714980 -0.833139
v 1.519493 0.727536 -0.833139
v 1.440212 0.714979 -0.833139
v 1.368690 0.678537 -0.833139
v 1.311931 0.621778 -0.833139
v 1.275489 0.550257 -0.833139
v 1.262932 0.470974 -0.833139
v 1.275488 0.391693 -0.833139
v 1.311931 0.320172 -0.833139
v 1.368691 0.263412 -0.833139
v 1.440211 0.226970 -0.833139
v 1.519494 0.214413 -0.833139
v 1.598775 0.226970 -0.833139
v 1.670297 0.263413 -0.833139
v 1.727057 0.320172 -0.833139
v 1.763498 0.391693 -0.833139
v 1.705894 0.489621 -1.161301
v 1.707450 0.489297 -1.120341
v 1.691010 0.395641 -1.161301
v 1.692589 0.395468 -1.120341
v 1.594828 0.299459 -1.161301
v 1.595000 0.297878 -1.120341
v 1.500848 0.284573 -1.161301
v 1.501172 0.283017 -1.120341
v 1.379651 0.346326 -1.161301
v 1.378201 0.345674 -1.120341
v 1.336453 0.431107 -1.161301
v 1.335074 0.430318 -1.120341
v 1.357731 0.565454 -1.161301
v 1.356664 0.566631 -1.120341
v 1.425014 0.632737 -1.161301
v 1.423837 0.633805 -1.120341
v 1.559361 0.654016 -1.161301
v 1.560150 0.655395 -1.120341
v 1.644141 0.610817 -1.161301
v 1.644794 0.612266 -1.120341
v 1.553116 0.488107 -1.122065
v 1.546177 0.444291 -1.122065
v 1.502361 0.437351 -1.122065
v 1.482221 0.476878 -1.122065
v 1.513590 0.508247 -1.122065
v 1.546075 0.484519 -1.133938
v 1.540588 0.449879 -1.133938
v 1.505949 0.444393 -1.133938
v 1.490027 0.475642 -1.133938
v 1.514826 0.500441 -1.133938
v 1.459091 0.387316 -0.746537
v 1.429845 0.459573 -0.746537
v 1.460259 0.531345 -0.746537
v 1.532515 0.560590 -0.746537
v 1.604288 0.530177 -0.746537
v 1.633532 0.457920 -0.746537
v 1.603119 0.386148 -0.746537
v 1.530863 0.356903 -0.746537
v 1.356696 0.460166 -0.853712
v 1.356695 0.460166 -0.980637
v 1.408953 0.583490 -0.980637
v 1.408953 0.583490 -0.853712
v 1.533108 0.633741 -0.980637
v 1.533109 0.633741 -0.853712
v 1.656433 0.581482 -0.980637
v 1.656433 0.581482 -0.853712
v 1.706683 0.457327 -0.980637
v 1.706683 0.457327 -0.853712
v 1.654424 0.334003 -0.980637
v 1.654426 0.334003 -0.853712
v 1.530269 0.283752 -0.980637
v 1.530270 0.283752 -0.853712
v 1.406945 0.336010 -0.980637
v 1.406946 0.336011 -0.853712
v 1.644616 0.334083 -1.006945
v 1.520460 0.283832 -1.006945
v 1.397136 0.336090 -1.006944
v 1.346885 0.460245 -1.006944
v 1.399144 0.583569 -1.006945
v 1.523299 0.633820 -1.006945
v 1.646623 0.581562 -1.006945
v 1.696874 0.457406 -1.006945
v 1.646623 0.581562 -1.056945
v 1.696874 0.457406 -1.056945
v 1.523299 0.633820 -1.056945
v 1.399144 0.583569 -1.056945
v 1.346885 0.460245 -1.056944
v 1.397136 0.336090 -1.056944
v 1.520460 0.283832 -1.056944
v 1.644616 0.334083 -1.056945
v 1.618919 0.530537 -0.993027
v 1.579637 0.516613 -0.993027
v 1.530203 0.540154 -0.993028
v 1.525875 0.594734 -0.993028
v 1.570978 0.625774 -0.993027
v 1.620411 0.602233 -0.993027
v 1.570978 0.625774 -1.070643
v 1.620411 0.602233 -1.070642
v 1.525875 0.594734 -1.070643
v 1.530204 0.540154 -1.070643
v 1.579637 0.516613 -1.070643
v 1.618919 0.530537 -1.070642
v 1.626782 0.519111 -0.993027
v 1.694281 0.494893 -0.993027
v 1.698611 0.440312 -0.993027
v 1.653507 0.409273 -0.993027
v 1.604074 0.432814 -0.993027
v 1.599744 0.487394 -0.993027
v 1.694281 0.494893 -1.070642
v 1.698610 0.440312 -1.070642
v 1.653507 0.409273 -1.070642
v 1.604074 0.432814 -1.070643
v 1.599745 0.487394 -1.070643
v 1.626783 0.519111 -1.070642
v 1.707410 0.547008 -0.993027
v 1.707410 0.547008 -1.070642
v 1.673777 0.595880 -1.070642
v 1.673777 0.595880 -0.993027
v -2.817058 0.720395 0.349883
v -2.836376 0.727374 0.000002
v -2.817058 0.720395 -0.349878
v 2.701447 0.995923 -0.664628
v 2.687155 1.007148 -0.714144
v 2.670149 1.050351 -0.739171
v 2.660393 1.100226 -0.725049
v 2.663602 1.127556 -0.680050
v 2.677895 1.116331 -0.630534
v 2.694900 1.073128 -0.605507
v 2.704655 1.023253 -0.619629
v 2.708190 1.017524 -0.669557
v 2.697906 1.025601 -0.705185
v 2.685670 1.056686 -0.723192
v 2.678651 1.092571 -0.713031
v 2.680959 1.112235 -0.680654
v 2.691243 1.104159 -0.645027
v 2.703478 1.073074 -0.627020
v 2.710498 1.037188 -0.637180
v 2.579709 0.959883 -0.899045
v 2.547523 0.979137 -0.936132
v 2.523775 1.025485 -0.944505
v 2.522378 1.071775 -0.919261
v 2.544150 1.090894 -0.875186
v 2.576336 1.071640 -0.838099
v 2.600083 1.025293 -0.829726
v 2.601480 0.979002 -0.854970
v 2.584823 0.982220 -0.902407
v 2.561664 0.996074 -0.929092
v 2.544578 1.029421 -0.935116
v 2.543572 1.062727 -0.916952
v 2.559237 1.076483 -0.885240
v 2.582396 1.062630 -0.858556
v 2.599482 1.029282 -0.852531
v 2.600487 0.995976 -0.870695
v 2.710498 1.037189 0.637181
v 2.708190 1.017525 0.669558
v 2.697906 1.025601 0.705184
v 2.685670 1.056686 0.723192
v 2.678651 1.092571 0.713031
v 2.680959 1.112235 0.680654
v 2.691243 1.104159 0.645027
v 2.703478 1.073074 0.627019
v 2.701447 0.995923 0.664628
v 2.687154 1.007148 0.714144
v 2.670149 1.050352 0.739171
v 2.660393 1.100226 0.725049
v 2.663601 1.127556 0.680050
v 2.677895 1.116331 0.630534
v 2.694900 1.073128 0.605507
v 2.704656 1.023253 0.619629
v 2.600487 0.995976 0.870695
v 2.584822 0.982220 0.902407
v 2.561664 0.996074 0.929091
v 2.544578 1.029421 0.935116
v 2.543572 1.062727 0.916952
v 2.559237 1.076483 0.885240
v 2.582396 1.062630 0.858556
v 2.599482 1.029283 0.852531
v 2.579709 0.959884 0.899045
v 2.547523 0.979137 0.936132
v 2.523776 1.025485 0.944505
v 2.522378 1.071776 0.919261
v 2.544150 1.090894 0.875186
v 2.576336 1.071640 0.838099
v 2.600083 1.025293 0.829726
v 2.601480 0.979002 0.854971
vt 0.527491 0.439483
vt 0.527498 0.439318
vt 0.527487 0.439318
vt 0.527478 0.439502
vt 0.527413 0.439514
vt 0.527423 0.439357
vt 0.527061 0.168550
vt 0.527054 0.168724
vt 0.527147 0.168738
vt 0.527146 0.168585
vt 0.527034 0.168720
vt 0.527041 0.168546
vt 0.527363 0.439529
vt 0.527393 0.439521
vt 0.527408 0.439375
vt 0.527372 0.439456
vt 0.527023 0.168711
vt 0.527029 0.168547
vt 0.527369 0.442080
vt 0.527363 0.442080
vt 0.527367 0.442152
vt 0.527373 0.442152
vt 0.527181 0.168737
vt 0.527186 0.168746
vt 0.527173 0.168598
vt 0.527167 0.168603
vt 0.527366 0.442238
vt 0.527383 0.442236
vt 0.527363 0.442258
vt 0.527386 0.442255
vt 0.527363 0.444612
vt 0.527385 0.444633
vt 0.527413 0.444635
vt 0.527413 0.444604
vt 0.527371 0.444569
vt 0.527395 0.444572
vt 0.527363 0.444624
vt 0.527375 0.444635
vt 0.527490 0.440248
vt 0.527401 0.440277
vt 0.527412 0.440295
vt 0.527500 0.440276
vt 0.527147 0.168574
vt 0.527059 0.168540
vt 0.527493 0.439505
vt 0.527498 0.439489
vt 0.527050 0.168741
vt 0.527147 0.168753
vt 0.527383 0.440315
vt 0.527375 0.440301
vt 0.527029 0.168539
vt 0.527020 0.168541
vt 0.527024 0.168733
vt 0.527015 0.168716
vt 0.527004 0.168713
vt 0.527004 0.168547
vt 0.527437 0.438800
vt 0.527567 0.438568
vt 0.527567 0.438568
vt 0.527437 0.438800
vt 0.527398 0.438802
vt 0.527398 0.438802
vt 0.527561 0.438776
vt 0.527567 0.439064
vt 0.527567 0.439064
vt 0.527561 0.438776
vt 0.527218 0.069637
vt 0.527218 0.070065
vt 0.527218 0.070492
vt 0.527218 0.070492
vt 0.527367 0.070492
vt 0.527367 0.070492
vt 0.527613 0.070492
vt 0.527613 0.070492
vt 0.527613 0.069637
vt 0.527613 0.069637
vt 0.527613 0.069989
vt 0.527613 0.070065
vt 0.527367 0.069637
vt 0.527367 0.069637
vt 0.527218 0.069637
vt 0.527859 0.069637
vt 0.527859 0.069637
vt 0.528104 0.069637
vt 0.528104 0.069637
vt 0.528104 0.069210
vt 0.528350 0.069210
vt 0.528104 0.069210
vt 0.528425 0.069210
vt 0.528425 0.069210
vt 0.528350 0.069210
vt 0.528499 0.069210
vt 0.528499 0.069210
vt 0.528499 0.069637
vt 0.528499 0.069637
vt 0.528425 0.069637
vt 0.528425 0.069637
vt 0.528350 0.069637
vt 0.528350 0.069637
vt 0.528104 0.069424
vt 0.528104 0.069424
vt 0.527491 0.439948
vt 0.527478 0.439967
vt 0.527487 0.439783
vt 0.527498 0.439783
vt 0.527412 0.439979
vt 0.527423 0.439822
vt 0.527497 0.168550
vt 0.527581 0.168585
vt 0.527582 0.168738
vt 0.527490 0.168724
vt 0.527469 0.168720
vt 0.527476 0.168546
vt 0.527363 0.439994
vt 0.527372 0.439921
vt 0.527408 0.439840
vt 0.527393 0.439986
vt 0.527458 0.168711
vt 0.527464 0.168547
vt 0.527369 0.442512
vt 0.527373 0.442584
vt 0.527367 0.442585
vt 0.527363 0.442512
vt 0.527616 0.168737
vt 0.527603 0.168603
vt 0.527608 0.168598
vt 0.527621 0.168746
vt 0.527383 0.442668
vt 0.527366 0.442670
vt 0.527363 0.442690
vt 0.527386 0.442687
vt 0.527371 0.444890
vt 0.527395 0.444892
vt 0.527414 0.444925
vt 0.527414 0.444955
vt 0.527385 0.444953
vt 0.527363 0.444933
vt 0.527375 0.444956
vt 0.527363 0.444944
vt 0.527490 0.440705
vt 0.527500 0.440734
vt 0.527412 0.440752
vt 0.527401 0.440734
vt 0.527494 0.168540
vt 0.527583 0.168574
vt 0.527498 0.439954
vt 0.527493 0.439970
vt 0.527486 0.168741
vt 0.527582 0.168753
vt 0.527383 0.440772
vt 0.527375 0.440759
vt 0.527464 0.168539
vt 0.527455 0.168541
vt 0.527459 0.168733
vt 0.527451 0.168716
vt 0.527440 0.168713
vt 0.527440 0.168547
vt 0.527437 0.438800
vt 0.527567 0.438568
vt 0.527398 0.438802
vt 0.527561 0.438776
vt 0.527567 0.439064
vt 0.527218 0.069637
vt 0.527218 0.070065
vt 0.527218 0.069637
vt 0.527218 0.070492
vt 0.527367 0.070492
vt 0.527367 0.070492
vt 0.527218 0.070492
vt 0.527613 0.070492
vt 0.527613 0.070492
vt 0.527613 0.069989
vt 0.527613 0.069637
vt 0.527613 0.069637
vt 0.527613 0.070065
vt 0.527367 0.069637
vt 0.527367 0.069637
vt 0.528104 0.069637
vt 0.528104 0.069637
vt 0.528104 0.069210
vt 0.528104 0.069210
vt 0.528350 0.069210
vt 0.528350 0.069210
vt 0.528425 0.069210
vt 0.528425 0.069210
vt 0.528499 0.069210
vt 0.528499 0.069210
vt 0.528499 0.069637
vt 0.528499 0.069637
vt 0.528425 0.069637
vt 0.528425 0.069637
vt 0.528350 0.069637
vt 0.528350 0.069637
vt 0.528104 0.069424
vt 0.528104 0.069424
vt 0.514917 0.183820
vt 0.519327 0.209730
vt 0.512629 0.202588
vt 0.510150 0.180547
vt 0.512906 0.183754
vt 0.511933 0.177301
vt 0.513219 0.210462
vt 0.513189 0.191730
vt 0.511263 0.217621
vt 0.511086 0.169035
vt 0.511068 0.181204
vt 0.515857 0.218973
vt 0.512316 0.207944
vt 0.510224 0.183010
vt 0.512655 0.245257
vt 0.530769 0.254478
vt 0.511496 0.226744
vt 0.507523 0.233008
vt 0.512162 0.330115
vt 0.503429 0.298600
vt 0.506548 0.237866
vt 0.530769 0.325358
vt 0.515922 0.145396
vt 0.509556 0.144296
vt 0.511883 0.124696
vt 0.519441 0.116294
vt 0.512538 0.119542
vt 0.510298 0.160114
vt 0.512710 0.168781
vt 0.514216 0.153253
vt 0.509842 0.112823
vt 0.511631 0.151280
vt 0.509733 0.152859
vt 0.511515 0.120202
vt 0.515152 0.105759
vt 0.509111 0.153578
vt 0.522085 0.074034
vt 0.505722 0.075403
vt 0.510054 0.096081
vt 0.503429 0.000127
vt 0.514542 0.011588
vt 0.506430 0.093179
vt 0.526750 0.017109
vt 0.503538 0.090898
vt 0.528713 0.101588
vt 0.528451 0.101895
vt 0.528451 0.101895
vt 0.528713 0.101588
vt 0.528713 0.109439
vt 0.528713 0.109439
vt 0.528451 0.109746
vt 0.528451 0.109746
vt 0.527645 0.157959
vt 0.527645 0.158173
vt 0.527485 0.158226
vt 0.527485 0.157959
vt 0.527858 0.158279
vt 0.527645 0.158307
vt 0.527645 0.157906
vt 0.527858 0.157906
vt 0.527645 0.157612
vt 0.527485 0.157745
vt 0.527485 0.157492
vt 0.527645 0.157479
vt 0.527645 0.157745
vt 0.527645 0.157612
vt 0.527858 0.157612
vt 0.527858 0.157745
vt 0.527496 0.158568
vt 0.527250 0.158565
vt 0.527250 0.158386
vt 0.527496 0.158386
vt 0.527858 0.158493
vt 0.527645 0.158484
vt 0.527645 0.158386
vt 0.527858 0.158386
vt 0.527496 0.157852
vt 0.527373 0.157852
vt 0.527858 0.157826
vt 0.527645 0.157826
vt 0.527858 0.158813
vt 0.527645 0.158813
vt 0.527645 0.158776
vt 0.527496 0.158783
vt 0.527250 0.158776
vt 0.527250 0.158745
vt 0.527496 0.158750
vt 0.527496 0.158591
vt 0.527250 0.158588
vt 0.527858 0.158626
vt 0.527645 0.158606
vt 0.527645 0.158581
vt 0.527858 0.158600
vt 0.527496 0.158659
vt 0.527645 0.158679
vt 0.527250 0.158655
vt 0.527858 0.158707
vt 0.527645 0.070492
vt 0.527511 0.070492
vt 0.527511 0.069637
vt 0.527645 0.069637
vt 0.527004 0.070492
vt 0.527004 0.069637
vt 0.528286 0.070492
vt 0.528179 0.070492
vt 0.528179 0.069637
vt 0.528286 0.069637
vt 0.528499 0.070492
vt 0.528392 0.070492
vt 0.528392 0.069637
vt 0.528499 0.069637
vt 0.527805 0.070492
vt 0.527805 0.069637
vt 0.528606 0.070492
vt 0.528579 0.070492
vt 0.528579 0.069637
vt 0.528606 0.069637
vt 0.528713 0.070492
vt 0.528713 0.069637
vt 0.527645 0.157372
vt 0.527496 0.157372
vt 0.527421 0.157318
vt 0.527645 0.157318
vt 0.527858 0.157372
vt 0.527645 0.157372
vt 0.527645 0.157318
vt 0.527858 0.157318
vt 0.527111 0.070492
vt 0.527111 0.070065
vt 0.527218 0.069637
vt 0.527218 0.070492
vt 0.527271 0.070492
vt 0.527271 0.069637
vt 0.527305 0.069637
vt 0.527304 0.070492
vt 0.527858 0.157479
vt 0.527645 0.157479
vt 0.527645 0.157448
vt 0.527858 0.157446
vt 0.527858 0.157405
vt 0.527645 0.157406
vt 0.527378 0.070492
vt 0.527345 0.070492
vt 0.527346 0.069637
vt 0.527378 0.069637
vt 0.527496 0.158636
vt 0.527250 0.158633
vt 0.527250 0.158619
vt 0.527496 0.158622
vt 0.527858 0.158680
vt 0.527645 0.158654
vt 0.527645 0.158639
vt 0.527858 0.158663
vt 0.528526 0.070492
vt 0.528526 0.069637
vt 0.528543 0.069637
vt 0.528542 0.070492
vt 0.527496 0.158605
vt 0.527250 0.158602
vt 0.527858 0.158643
vt 0.527645 0.158621
vt 0.528563 0.070492
vt 0.528562 0.069637
vt 0.527218 0.069210
vt 0.527111 0.069637
vt 0.527111 0.069210
vt 0.527004 0.069210
vt 0.527218 0.069210
vt 0.527858 0.069637
vt 0.527613 0.069210
vt 0.527856 0.069210
vt 0.528713 0.069210
vt 0.528713 0.069637
vt 0.528713 0.069210
vt 0.527858 0.157140
vt 0.527858 0.157212
vt 0.527645 0.157246
vt 0.527645 0.157199
vt 0.527645 0.157174
vt 0.527645 0.157246
vt 0.527496 0.157262
vt 0.527496 0.157206
vt 0.527250 0.157266
vt 0.527250 0.157213
vt 0.527496 0.158813
vt 0.527250 0.158813
vt 0.527645 0.157612
vt 0.527645 0.157479
vt 0.527645 0.158291
vt 0.527645 0.158179
vt 0.527570 0.157105
vt 0.527496 0.157105
vt 0.528350 0.068783
vt 0.528425 0.068783
vt 0.527367 0.069210
vt 0.527645 0.157745
vt 0.527645 0.157745
vt 0.527645 0.157612
vt 0.527645 0.157959
vt 0.527645 0.158173
vt 0.527250 0.157115
vt 0.527004 0.157220
vt 0.527004 0.157125
vt 0.527645 0.157409
vt 0.527645 0.157451
vt 0.527004 0.069210
vt 0.527025 0.069637
vt 0.528104 0.068783
vt 0.527004 0.158386
vt 0.527004 0.157959
vt 0.527325 0.157959
vt 0.527325 0.158279
vt 0.527004 0.158563
vt 0.527004 0.158386
vt 0.527250 0.157852
vt 0.527004 0.157852
vt 0.527004 0.157639
vt 0.527325 0.157745
vt 0.527004 0.158769
vt 0.527004 0.158739
vt 0.527004 0.158585
vt 0.527004 0.158651
vt 0.527004 0.158629
vt 0.527004 0.158615
vt 0.527004 0.158598
vt 0.527004 0.158813
vt 0.527521 0.157852
vt 0.527645 0.157745
vt 0.527583 0.157799
vt 0.527004 0.157269
vt 0.527601 0.157409
vt 0.528606 0.069210
vt 0.527858 0.070031
vt 0.527859 0.069637
vt 0.528104 0.069637
vt 0.528104 0.069637
vt 0.527859 0.069637
vt 0.528350 0.069637
vt 0.528350 0.069637
vt 0.528425 0.069637
vt 0.528425 0.069637
vt 0.528499 0.068783
vt 0.528499 0.069637
vt 0.528499 0.069637
vt 0.528655 0.069637
vt 0.528713 0.069637
vt 0.527613 0.069210
vt 0.527056 0.070067
vt 0.527058 0.069778
vt 0.527040 0.070492
vt 0.527004 0.070492
vt 0.527004 0.070207
vt 0.527004 0.069922
vt 0.528705 0.069637
vt 0.528713 0.069210
vt 0.527645 0.157174
vt 0.527858 0.157105
vt 0.527725 0.070492
vt 0.527725 0.069637
vt 0.527645 0.157745
vt 0.527645 0.157479
vt 0.527645 0.157479
vt 0.527004 0.157532
vt 0.527325 0.157505
vt 0.527645 0.157479
vt 0.527645 0.157438
vt 0.528484 0.068783
vt 0.528499 0.068835
vt 0.528499 0.068783
vt 0.528489 0.068783
vt 0.527645 0.157959
vt 0.527485 0.157959
vt 0.527485 0.158226
vt 0.527645 0.158173
vt 0.527858 0.158279
vt 0.527858 0.157906
vt 0.527645 0.157906
vt 0.527645 0.158307
vt 0.527645 0.157612
vt 0.527645 0.157479
vt 0.527485 0.157492
vt 0.527485 0.157745
vt 0.527645 0.157745
vt 0.527858 0.157745
vt 0.527858 0.157612
vt 0.527645 0.157612
vt 0.527496 0.158568
vt 0.527496 0.158386
vt 0.527250 0.158386
vt 0.527250 0.158565
vt 0.527858 0.158493
vt 0.527858 0.158386
vt 0.527645 0.158386
vt 0.527645 0.158484
vt 0.527496 0.157852
vt 0.527373 0.157852
vt 0.527858 0.157826
vt 0.527645 0.157826
vt 0.527858 0.158813
vt 0.527645 0.158776
vt 0.527645 0.158813
vt 0.527496 0.158783
vt 0.527496 0.158750
vt 0.527250 0.158745
vt 0.527250 0.158776
vt 0.527496 0.158591
vt 0.527250 0.158588
vt 0.527858 0.158626
vt 0.527858 0.158600
vt 0.527645 0.158581
vt 0.527645 0.158606
vt 0.527645 0.158679
vt 0.527496 0.158659
vt 0.527250 0.158655
vt 0.527858 0.158707
vt 0.527645 0.070492
vt 0.527645 0.069637
vt 0.527511 0.069637
vt 0.527511 0.070492
vt 0.527004 0.069637
vt 0.527004 0.070492
vt 0.528286 0.070492
vt 0.528286 0.069637
vt 0.528179 0.069637
vt 0.528179 0.070492
vt 0.528499 0.070492
vt 0.528499 0.069637
vt 0.528392 0.069637
vt 0.528392 0.070492
vt 0.527805 0.069637
vt 0.527805 0.070492
vt 0.528606 0.070492
vt 0.528606 0.069637
vt 0.528579 0.069637
vt 0.528579 0.070492
vt 0.528713 0.070492
vt 0.528713 0.069637
vt 0.527645 0.157372
vt 0.527645 0.157318
vt 0.527421 0.157318
vt 0.527496 0.157372
vt 0.527858 0.157372
vt 0.527858 0.157318
vt 0.527645 0.157318
vt 0.527645 0.157372
vt 0.527111 0.070492
vt 0.527218 0.070492
vt 0.527218 0.069637
vt 0.527111 0.070065
vt 0.527271 0.070492
vt 0.527304 0.070492
vt 0.527305 0.069637
vt 0.527271 0.069637
vt 0.527858 0.157479
vt 0.527858 0.157446
vt 0.527645 0.157448
vt 0.527645 0.157479
vt 0.527858 0.157405
vt 0.527645 0.157406
vt 0.527378 0.070492
vt 0.527378 0.069637
vt 0.527346 0.069637
vt 0.527345 0.070492
vt 0.527496 0.158636
vt 0.527496 0.158622
vt 0.527250 0.158619
vt 0.527250 0.158633
vt 0.527858 0.158680
vt 0.527858 0.158663
vt 0.527645 0.158639
vt 0.527645 0.158654
vt 0.528526 0.070492
vt 0.528542 0.070492
vt 0.528543 0.069637
vt 0.528526 0.069637
vt 0.527496 0.158605
vt 0.527250 0.158602
vt 0.527858 0.158643
vt 0.527645 0.158621
vt 0.528563 0.070492
vt 0.528562 0.069637
vt 0.527218 0.069210
vt 0.527111 0.069210
vt 0.527111 0.069637
vt 0.527218 0.069210
vt 0.527004 0.069210
vt 0.527613 0.069210
vt 0.528713 0.069210
vt 0.528713 0.069637
vt 0.528713 0.069210
vt 0.527858 0.157140
vt 0.527645 0.157199
vt 0.527645 0.157246
vt 0.527858 0.157212
vt 0.527645 0.157174
vt 0.527496 0.157206
vt 0.527496 0.157262
vt 0.527645 0.157246
vt 0.527250 0.157213
vt 0.527250 0.157266
vt 0.527496 0.158813
vt 0.527250 0.158813
vt 0.527645 0.157479
vt 0.527645 0.157612
vt 0.527645 0.158179
vt 0.527645 0.158291
vt 0.527570 0.157105
vt 0.527496 0.157105
vt 0.528350 0.068783
vt 0.528425 0.068783
vt 0.527367 0.069210
vt 0.527645 0.157745
vt 0.527645 0.157612
vt 0.527645 0.157745
vt 0.527645 0.158173
vt 0.527645 0.157959
vt 0.527250 0.157115
vt 0.527645 0.157409
vt 0.527645 0.157451
vt 0.527004 0.069210
vt 0.527025 0.069637
vt 0.528104 0.068783
vt 0.527325 0.158279
vt 0.527325 0.157959
vt 0.527250 0.157852
vt 0.527325 0.157745
vt 0.527521 0.157852
vt 0.527645 0.157745
vt 0.527583 0.157799
vt 0.527601 0.157409
vt 0.528606 0.069210
vt 0.528104 0.069637
vt 0.528104 0.069637
vt 0.528350 0.069637
vt 0.528350 0.069637
vt 0.528425 0.069637
vt 0.528425 0.069637
vt 0.528499 0.068783
vt 0.528499 0.069637
vt 0.528499 0.069637
vt 0.528713 0.069637
vt 0.528655 0.069637
vt 0.527613 0.069210
vt 0.527056 0.070067
vt 0.527058 0.069778
vt 0.527040 0.070492
vt 0.527004 0.070207
vt 0.527004 0.070492
vt 0.527004 0.069922
vt 0.528705 0.069637
vt 0.528713 0.069210
vt 0.527645 0.157174
vt 0.527858 0.157105
vt 0.527725 0.070492
vt 0.527725 0.069637
vt 0.527645 0.157745
vt 0.527645 0.157479
vt 0.527645 0.157479
vt 0.527325 0.157505
vt 0.527645 0.157479
vt 0.527645 0.157438
vt 0.528484 0.068783
vt 0.528489 0.068783
vt 0.528499 0.068783
vt 0.528499 0.068835
vt 0.527004 0.096261
vt 0.528713 0.096261
vt 0.528713 0.097115
vt 0.528713 0.097970
vt 0.527305 0.097970
vt 0.527004 0.097483
vt 0.528715 0.066538
vt 0.528405 0.066522
vt 0.528226 0.064814
vt 0.528647 0.064831
vt 0.527004 0.101895
vt 0.527004 0.101041
vt 0.527004 0.105334
vt 0.527305 0.105820
vt 0.528713 0.105820
vt 0.527004 0.104112
vt 0.528713 0.104966
vt 0.528713 0.104112
vt 0.528715 0.068517
vt 0.528647 0.066810
vt 0.528226 0.066792
vt 0.528405 0.068501
vt 0.527004 0.108891
vt 0.527004 0.109746
vt 0.527858 0.070462
vt 0.527004 0.100186
vt 0.528713 0.100186
vt 0.528713 0.100186
vt 0.527004 0.100186
vt 0.528713 0.101588
vt 0.527004 0.101041
vt 0.527004 0.101041
vt 0.527004 0.108037
vt 0.527004 0.108037
vt 0.528713 0.108037
vt 0.528713 0.108037
vt 0.528713 0.109439
vt 0.527004 0.108891
vt 0.527004 0.108891
vt 0.528072 0.111963
vt 0.527858 0.111963
vt 0.527645 0.111963
vt 0.527431 0.111963
vt 0.527218 0.111963
vt 0.527004 0.111963
vt 0.527416 0.111963
vt 0.528286 0.111963
vt 0.528499 0.111963
vt 0.528713 0.111963
vt 0.528713 0.113671
vt 0.528499 0.113671
vt 0.527218 0.113671
vt 0.527004 0.113671
vt 0.527431 0.113671
vt 0.527645 0.113671
vt 0.527858 0.113671
vt 0.528072 0.113671
vt 0.528286 0.113671
vt 0.528072 0.117851
vt 0.527858 0.117851
vt 0.527645 0.117851
vt 0.527431 0.117851
vt 0.527218 0.117851
vt 0.527004 0.117851
vt 0.527416 0.117851
vt 0.528286 0.117851
vt 0.528499 0.117851
vt 0.528713 0.117851
vt 0.528713 0.119559
vt 0.528499 0.119559
vt 0.527218 0.119559
vt 0.527004 0.119559
vt 0.527431 0.119559
vt 0.527645 0.119559
vt 0.527858 0.119559
vt 0.528072 0.119559
vt 0.528286 0.119559
vt 0.527416 0.123739
vt 0.527004 0.123739
vt 0.527218 0.123739
vt 0.527431 0.123739
vt 0.527645 0.123739
vt 0.527858 0.123739
vt 0.528072 0.123739
vt 0.528286 0.123739
vt 0.528499 0.123739
vt 0.528499 0.125447
vt 0.528713 0.125447
vt 0.528713 0.123739
vt 0.527004 0.125447
vt 0.527218 0.125447
vt 0.527431 0.125447
vt 0.527645 0.125447
vt 0.527858 0.125447
vt 0.528072 0.125447
vt 0.528286 0.125447
vt 0.527416 0.129627
vt 0.527004 0.129627
vt 0.527218 0.129627
vt 0.527431 0.129627
vt 0.527645 0.129627
vt 0.527858 0.129627
vt 0.528072 0.129627
vt 0.528286 0.129627
vt 0.528499 0.129627
vt 0.528499 0.131335
vt 0.528713 0.131335
vt 0.528713 0.129627
vt 0.527004 0.131335
vt 0.527218 0.131335
vt 0.527431 0.131335
vt 0.527645 0.131335
vt 0.527858 0.131335
vt 0.528072 0.131335
vt 0.528286 0.131335
vt 0.527289 0.113925
vt 0.527574 0.113925
vt 0.528286 0.113925
vt 0.528713 0.113925
vt 0.528428 0.113925
vt 0.527716 0.113925
vt 0.528428 0.115634
vt 0.528713 0.115634
vt 0.528286 0.115634
vt 0.527574 0.115634
vt 0.527289 0.115634
vt 0.528143 0.115634
vt 0.528143 0.141403
vt 0.528428 0.141403
vt 0.528001 0.141403
vt 0.527289 0.141403
vt 0.527004 0.141403
vt 0.527431 0.141403
vt 0.527004 0.143112
vt 0.527289 0.143112
vt 0.528001 0.143112
vt 0.528428 0.143112
vt 0.528143 0.143112
vt 0.527858 0.143112
vt 0.528428 0.115634
vt 0.528428 0.115634
vt 0.528428 0.115634
vt 0.527574 0.113925
vt 0.528298 0.113925
vt 0.527846 0.113925
vt 0.527716 0.113925
vt 0.527716 0.113925
vt 0.528143 0.113925
vt 0.527289 0.119813
vt 0.527574 0.119813
vt 0.528286 0.119813
vt 0.528713 0.119813
vt 0.528428 0.119813
vt 0.527716 0.119813
vt 0.528428 0.121522
vt 0.528713 0.121522
vt 0.528286 0.121522
vt 0.527574 0.121522
vt 0.527289 0.121522
vt 0.528143 0.121522
vt 0.528143 0.143366
vt 0.528428 0.143366
vt 0.528001 0.143366
vt 0.527289 0.143366
vt 0.527004 0.143366
vt 0.527431 0.143366
vt 0.527004 0.145074
vt 0.527289 0.145074
vt 0.528001 0.145074
vt 0.528428 0.145074
vt 0.528143 0.145074
vt 0.527858 0.145074
vt 0.528428 0.121522
vt 0.528428 0.121522
vt 0.528428 0.121522
vt 0.527574 0.119813
vt 0.528298 0.119813
vt 0.527846 0.119813
vt 0.527716 0.119813
vt 0.527716 0.119813
vt 0.528143 0.119813
vt 0.528428 0.125702
vt 0.528713 0.125702
vt 0.528286 0.125702
vt 0.527574 0.125702
vt 0.527289 0.125702
vt 0.527716 0.125702
vt 0.527289 0.127410
vt 0.527574 0.127410
vt 0.528286 0.127410
vt 0.528713 0.127410
vt 0.528428 0.127410
vt 0.528143 0.127410
vt 0.527004 0.145329
vt 0.527289 0.145329
vt 0.528001 0.145329
vt 0.528428 0.145329
vt 0.528143 0.145329
vt 0.527431 0.145329
vt 0.528143 0.147037
vt 0.528428 0.147037
vt 0.528001 0.147037
vt 0.527289 0.147037
vt 0.527004 0.147037
vt 0.527858 0.147037
vt 0.528428 0.127410
vt 0.528428 0.127410
vt 0.528428 0.127410
vt 0.527574 0.125702
vt 0.528143 0.125702
vt 0.527716 0.125702
vt 0.527716 0.125702
vt 0.527846 0.125702
vt 0.528298 0.125702
vt 0.528428 0.131590
vt 0.528713 0.131590
vt 0.528286 0.131590
vt 0.527574 0.131590
vt 0.527289 0.131590
vt 0.527716 0.131590
vt 0.527289 0.133298
vt 0.527574 0.133298
vt 0.528286 0.133298
vt 0.528713 0.133298
vt 0.528428 0.133298
vt 0.528143 0.133298
vt 0.527004 0.147291
vt 0.527289 0.147291
vt 0.528001 0.147291
vt 0.528428 0.147291
vt 0.528143 0.147291
vt 0.527431 0.147291
vt 0.528143 0.149000
vt 0.528428 0.149000
vt 0.528001 0.149000
vt 0.527289 0.149000
vt 0.527004 0.149000
vt 0.527858 0.149000
vt 0.528428 0.133298
vt 0.528428 0.133298
vt 0.528428 0.133298
vt 0.527574 0.131590
vt 0.528143 0.131590
vt 0.527716 0.131590
vt 0.527716 0.131590
vt 0.527846 0.131590
vt 0.528298 0.131590
vt 0.510414 0.507585
vt 0.520240 0.507628
vt 0.518513 0.511503
vt 0.511950 0.511545
vt 0.527109 0.514632
vt 0.523148 0.516174
vt 0.527109 0.524461
vt 0.523224 0.522751
vt 0.520124 0.531360
vt 0.518588 0.527400
vt 0.510298 0.531317
vt 0.512025 0.527442
vt 0.503429 0.524313
vt 0.507390 0.522771
vt 0.503429 0.514484
vt 0.507314 0.516194
vt 0.520124 0.459272
vt 0.510298 0.459229
vt 0.512025 0.455354
vt 0.518588 0.455312
vt 0.503429 0.452225
vt 0.507390 0.450683
vt 0.503429 0.442396
vt 0.507314 0.444106
vt 0.510414 0.435497
vt 0.511950 0.439457
vt 0.520240 0.435540
vt 0.518513 0.439415
vt 0.527109 0.442544
vt 0.523148 0.444086
vt 0.527109 0.452373
vt 0.523224 0.450663
vt 0.510414 0.483302
vt 0.511950 0.479342
vt 0.518513 0.479383
vt 0.520240 0.483259
vt 0.523148 0.474712
vt 0.527109 0.476255
vt 0.523224 0.468136
vt 0.527109 0.466426
vt 0.518588 0.463486
vt 0.520124 0.459526
vt 0.512025 0.463445
vt 0.510298 0.459569
vt 0.507390 0.468116
vt 0.503429 0.466573
vt 0.507314 0.474692
vt 0.503429 0.476403
vt 0.520124 0.483556
vt 0.518588 0.487515
vt 0.512025 0.487474
vt 0.510298 0.483599
vt 0.507390 0.492145
vt 0.503429 0.490603
vt 0.507314 0.498721
vt 0.503429 0.500432
vt 0.511950 0.503371
vt 0.510414 0.507331
vt 0.518513 0.503413
vt 0.520239 0.507288
vt 0.523148 0.498742
vt 0.527109 0.500284
vt 0.523224 0.492165
vt 0.527109 0.490455
vt 0.531143 0.005263
vt 0.531249 0.016936
vt 0.527004 0.021435
vt 0.527769 0.000127
vt 0.537634 0.004688
vt 0.541151 0.000279
vt 0.541478 0.021435
vt 0.537267 0.016245
vt 0.537340 0.026825
vt 0.540714 0.021689
vt 0.541478 0.042997
vt 0.537233 0.038499
vt 0.530849 0.026250
vt 0.531215 0.037807
vt 0.527004 0.042997
vt 0.527332 0.021841
vt 0.492525 0.519826
vt 0.492632 0.531499
vt 0.488387 0.535998
vt 0.489151 0.514690
vt 0.499016 0.519251
vt 0.502533 0.514841
vt 0.502861 0.535998
vt 0.498650 0.530808
vt 0.537340 0.048388
vt 0.540714 0.043252
vt 0.541478 0.064560
vt 0.537233 0.060061
vt 0.530848 0.047813
vt 0.531215 0.059370
vt 0.527004 0.064560
vt 0.527332 0.043403
vt 0.509908 0.230622
vt 0.512857 0.225648
vt 0.509976 0.183894
vt 0.508047 0.185227
vt 0.506718 0.191775
vt 0.509794 0.233312
vt 0.508348 0.095761
vt 0.507843 0.153940
vt 0.509814 0.152366
vt 0.511546 0.098829
vt 0.506527 0.148005
vt 0.507875 0.094682
vt 0.527645 0.158291
vt 0.527490 0.158306
vt 0.527485 0.158226
vt 0.527645 0.158173
vt 0.527645 0.158386
vt 0.527601 0.157409
vt 0.527645 0.157438
vt 0.527645 0.157479
vt 0.527645 0.157479
vt 0.527645 0.157479
vt 0.527496 0.157372
vt 0.527645 0.157479
vt 0.527645 0.157959
vt 0.527645 0.158307
vt 0.527645 0.158179
vt 0.527645 0.158173
vt 0.527645 0.157826
vt 0.527645 0.157906
vt 0.527521 0.157852
vt 0.527583 0.157799
vt 0.527645 0.158291
vt 0.527645 0.158173
vt 0.527485 0.158226
vt 0.527490 0.158306
vt 0.527250 0.158386
vt 0.527287 0.158333
vt 0.527004 0.158386
vt 0.527496 0.158386
vt 0.527325 0.158279
vt 0.527645 0.158386
vt 0.527325 0.157505
vt 0.527485 0.157492
vt 0.527421 0.157318
vt 0.527250 0.157266
vt 0.527004 0.157532
vt 0.527004 0.157269
vt 0.527645 0.157479
vt 0.527645 0.157438
vt 0.527601 0.157409
vt 0.527645 0.157479
vt 0.527645 0.157479
vt 0.527496 0.157372
vt 0.527645 0.157479
vt 0.527645 0.157959
vt 0.527645 0.158173
vt 0.527645 0.158179
vt 0.527645 0.158307
vt 0.527020 0.158381
vt 0.527645 0.157826
vt 0.527583 0.157799
vt 0.527521 0.157852
vt 0.527645 0.157906
vt 0.527250 0.158386
vt 0.527325 0.158279
vt 0.527250 0.157266
vt 0.527485 0.157492
vt 0.515297 0.219902
vt 0.510849 0.182329
vt 0.514443 0.104843
vt 0.511299 0.150878
vt 0.527287 0.158333
vt 0.527325 0.157505
vt 0.527004 0.158386
vt 0.527496 0.158386
vt 0.527421 0.157318
vt 0.517308 0.211103
vt 0.513405 0.185546
vt 0.517113 0.114870
vt 0.514200 0.144645
vt 0.527004 0.134849
vt 0.527004 0.135261
vt 0.527004 0.135261
vt 0.527004 0.134849
vt 0.527004 0.135047
vt 0.527004 0.135047
vt 0.527004 0.134834
vt 0.527004 0.134834
vt 0.527004 0.134620
vt 0.527004 0.134620
vt 0.527004 0.134407
vt 0.527004 0.134407
vt 0.527004 0.134193
vt 0.527004 0.134193
vt 0.527004 0.133979
vt 0.527004 0.133979
vt 0.527004 0.135261
vt 0.527004 0.134849
vt 0.527004 0.135047
vt 0.527004 0.134834
vt 0.527004 0.134620
vt 0.527004 0.134407
vt 0.527004 0.134193
vt 0.527004 0.133979
vt 0.527004 0.134849
vt 0.527004 0.134849
vt 0.527004 0.135261
vt 0.527004 0.135261
vt 0.527004 0.135047
vt 0.527004 0.135047
vt 0.527004 0.134834
vt 0.527004 0.134834
vt 0.527004 0.134620
vt 0.527004 0.134620
vt 0.527004 0.134407
vt 0.527004 0.134407
vt 0.527004 0.134193
vt 0.527004 0.134193
vt 0.527004 0.133979
vt 0.527004 0.133979
vt 0.527004 0.134849
vt 0.527004 0.135261
vt 0.527004 0.135047
vt 0.527004 0.134834
vt 0.527004 0.134620
vt 0.527004 0.134407
vt 0.527004 0.134193
vt 0.527004 0.133979
vt 0.527004 0.136812
vt 0.527004 0.136812
vt 0.527004 0.137224
vt 0.527004 0.137224
vt 0.527004 0.137010
vt 0.527004 0.137010
vt 0.527004 0.136796
vt 0.527004 0.136796
vt 0.527004 0.136583
vt 0.527004 0.136583
vt 0.527004 0.136369
vt 0.527004 0.136369
vt 0.527004 0.136156
vt 0.527004 0.136156
vt 0.527004 0.135942
vt 0.527004 0.135942
vt 0.527004 0.136812
vt 0.527004 0.137224
vt 0.527004 0.137010
vt 0.527004 0.136796
vt 0.527004 0.136583
vt 0.527004 0.136369
vt 0.527004 0.136156
vt 0.527004 0.135942
vt 0.527004 0.136812
vt 0.527004 0.137224
vt 0.527004 0.137224
vt 0.527004 0.136812
vt 0.527004 0.137010
vt 0.527004 0.137010
vt 0.527004 0.136796
vt 0.527004 0.136796
vt 0.527004 0.136583
vt 0.527004 0.136583
vt 0.527004 0.136369
vt 0.527004 0.136369
vt 0.527004 0.136156
vt 0.527004 0.136156
vt 0.527004 0.135942
vt 0.527004 0.135942
vt 0.527004 0.137224
vt 0.527004 0.136812
vt 0.527004 0.137010
vt 0.527004 0.136796
vt 0.527004 0.136583
vt 0.527004 0.136369
vt 0.527004 0.136156
vt 0.527004 0.135942
vt 0.527258 0.167330
vt 0.527258 0.166918
vt 0.527258 0.166918
vt 0.527258 0.167330
vt 0.527258 0.167132
vt 0.527258 0.167132
vt 0.527258 0.167345
vt 0.527258 0.167345
vt 0.527258 0.167559
vt 0.527258 0.167559
vt 0.527258 0.167773
vt 0.527258 0.167773
vt 0.527258 0.167986
vt 0.527258 0.167986
vt 0.527258 0.168200
vt 0.527258 0.168200
vt 0.503115 0.526448
vt 0.503115 0.526448
vt 0.503115 0.526036
vt 0.503115 0.526036
vt 0.503115 0.526250
vt 0.503115 0.526250
vt 0.503115 0.526464
vt 0.503115 0.526464
vt 0.503115 0.526677
vt 0.503115 0.526677
vt 0.503115 0.526891
vt 0.503115 0.526891
vt 0.503115 0.527104
vt 0.503115 0.527104
vt 0.503115 0.527318
vt 0.503115 0.527318
vt 0.527363 0.435909
vt 0.527363 0.435909
vt 0.527363 0.435497
vt 0.527363 0.435497
vt 0.527363 0.435711
vt 0.527363 0.435711
vt 0.527363 0.435924
vt 0.527363 0.435924
vt 0.527363 0.436138
vt 0.527363 0.436138
vt 0.527363 0.436351
vt 0.527363 0.436351
vt 0.527363 0.436565
vt 0.527363 0.436565
vt 0.527363 0.436778
vt 0.527363 0.436778
vt 0.527363 0.437444
vt 0.527363 0.437033
vt 0.527363 0.437033
vt 0.527363 0.437444
vt 0.527363 0.437246
vt 0.527363 0.437246
vt 0.527363 0.437460
vt 0.527363 0.437460
vt 0.527363 0.437673
vt 0.527363 0.437673
vt 0.527363 0.437887
vt 0.527363 0.437887
vt 0.527363 0.438100
vt 0.527363 0.438100
vt 0.527363 0.438314
vt 0.527363 0.438314
vt 0.527805 0.068783
vt 0.527725 0.068783
vt 0.527725 0.068783
vt 0.527805 0.068783
vt 0.527725 0.068783
vt 0.527725 0.068783
vt 0.527805 0.068783
vt 0.527805 0.068783
vt 0.528179 0.068783
vt 0.528179 0.068783
vt 0.528286 0.068783
vt 0.528286 0.068783
vt 0.528392 0.068783
vt 0.528392 0.068783
vt 0.528484 0.068783
vt 0.528484 0.068783
vt 0.528484 0.068783
vt 0.528392 0.068783
vt 0.528392 0.068783
vt 0.528286 0.068783
vt 0.528286 0.068783
vt 0.528179 0.068783
vt 0.528179 0.068783
vt 0.527725 0.068783
vt 0.527805 0.068783
vt 0.527805 0.068783
vt 0.527725 0.068783
vt 0.528179 0.068783
vt 0.528179 0.068783
vt 0.528286 0.068783
vt 0.528286 0.068783
vt 0.528392 0.068783
vt 0.528392 0.068783
vt 0.528484 0.068783
vt 0.528484 0.068783
vt 0.528484 0.068783
vt 0.528392 0.068783
vt 0.528392 0.068783
vt 0.528286 0.068783
vt 0.528286 0.068783
vt 0.528179 0.068783
vt 0.528179 0.068783
vt 0.527805 0.068783
vt 0.527805 0.068783
vt 0.527725 0.068783
vt 0.527725 0.068783
vt 0.527805 0.068783
vt 0.527805 0.068783
vt 0.527725 0.068783
vt 0.527725 0.068783
vt 0.528286 0.068783
vt 0.528286 0.068783
vt 0.528392 0.068783
vt 0.528484 0.068783
vt 0.528484 0.068783
vt 0.528392 0.068783
vt 0.527805 0.068783
vt 0.527805 0.068783
vt 0.527725 0.068783
vt 0.527725 0.068783
vt 0.528286 0.068783
vt 0.528286 0.068783
vt 0.528392 0.068783
vt 0.528484 0.068783
vt 0.528484 0.068783
vt 0.528392 0.068783
vt 0.527861 0.068783
vt 0.528581 0.068783
vt 0.528581 0.068783
vt 0.527861 0.068783
vt 0.528581 0.068783
vt 0.528581 0.068783
vt 0.528112 0.068783
vt 0.528112 0.068783
vt 0.527111 0.068783
vt 0.527111 0.068783
vt 0.527218 0.068783
vt 0.527218 0.068783
vt 0.527218 0.068783
vt 0.527218 0.068783
vt 0.527111 0.068783
vt 0.527111 0.068783
vt 0.527861 0.068783
vt 0.528581 0.068783
vt 0.527111 0.068783
vt 0.527218 0.068783
vt 0.527218 0.068783
vt 0.527218 0.068783
vt 0.527111 0.068783
vt 0.527111 0.068783
vt 0.528112 0.068783
vt 0.528112 0.068783
vt 0.528581 0.068783
vt 0.528581 0.068783
vt 0.528547 0.068783
vt 0.528606 0.068783
vt 0.528606 0.068783
vt 0.528547 0.068783
vt 0.528606 0.068783
vt 0.528606 0.068783
vt 0.528499 0.068783
vt 0.528499 0.068783
vt 0.528499 0.068783
vt 0.528499 0.068783
vt 0.528547 0.068783
vt 0.528606 0.068783
vt 0.528499 0.068783
vt 0.528499 0.068783
vt 0.528499 0.068783
vt 0.528606 0.068783
vt 0.528606 0.068783
vt 0.527431 0.068783
vt 0.527431 0.068783
vt 0.527431 0.068783
vt 0.527431 0.068783
vt 0.527431 0.068783
vt 0.527431 0.068783
vt 0.527645 0.068783
vt 0.527645 0.068783
vt 0.527725 0.068783
vt 0.527725 0.068783
vt 0.527805 0.068783
vt 0.527805 0.068783
vt 0.527805 0.068783
vt 0.527805 0.068783
vt 0.527805 0.068783
vt 0.527805 0.068783
vt 0.527725 0.068783
vt 0.527725 0.068783
vt 0.527645 0.068783
vt 0.527645 0.068783
vt 0.528499 0.068783
vt 0.528499 0.068783
vt 0.528392 0.068783
vt 0.528392 0.068783
vt 0.528286 0.068783
vt 0.528286 0.068783
vt 0.528179 0.068783
vt 0.528179 0.068783
vt 0.528179 0.068783
vt 0.528179 0.068783
vt 0.528179 0.068783
vt 0.528179 0.068783
vt 0.528286 0.068783
vt 0.528286 0.068783
vt 0.528392 0.068783
vt 0.528392 0.068783
vt 0.528499 0.068783
vt 0.527431 0.068783
vt 0.527431 0.068783
vt 0.527218 0.068783
vt 0.527218 0.068783
vt 0.527218 0.068783
vt 0.527431 0.068783
vt 0.527858 0.068783
vt 0.527858 0.068783
vt 0.528606 0.068783
vt 0.527218 0.068783
vt 0.527218 0.068783
vt 0.527367 0.068783
vt 0.527367 0.068783
vt 0.527367 0.068783
vt 0.527367 0.068783
vt 0.527367 0.068783
vt 0.527367 0.068783
vt 0.527218 0.068783
vt 0.527218 0.068783
vt 0.528383 0.068783
vt 0.528383 0.068783
vt 0.528562 0.068783
vt 0.528562 0.068783
vt 0.528606 0.068783
vt 0.528606 0.068783
vt 0.528606 0.068783
vt 0.528606 0.068783
vt 0.527858 0.068783
vt 0.528606 0.068783
vt 0.528606 0.068783
vt 0.528606 0.068783
vt 0.528562 0.068783
vt 0.528562 0.068783
vt 0.528383 0.068783
vt 0.528383 0.068783
vt 0.527218 0.068783
vt 0.527218 0.068783
vt 0.527367 0.068783
vt 0.527367 0.068783
vt 0.527367 0.068783
vt 0.527367 0.068783
vt 0.527367 0.068783
vt 0.527218 0.068783
vt 0.527004 0.159409
vt 0.527004 0.159324
vt 0.527004 0.159324
vt 0.527004 0.159409
vt 0.527004 0.159238
vt 0.527004 0.159238
vt 0.527004 0.159153
vt 0.527004 0.159153
vt 0.527004 0.159067
vt 0.527004 0.159067
vt 0.527004 0.160776
vt 0.527004 0.160691
vt 0.527004 0.160691
vt 0.527004 0.160776
vt 0.527004 0.160605
vt 0.527004 0.160605
vt 0.527004 0.160520
vt 0.527004 0.160520
vt 0.527004 0.160434
vt 0.527004 0.160434
vt 0.527004 0.160349
vt 0.527004 0.160349
vt 0.527004 0.160263
vt 0.527004 0.160263
vt 0.527004 0.160178
vt 0.527004 0.160178
vt 0.527004 0.160093
vt 0.527004 0.160093
vt 0.527004 0.160007
vt 0.527004 0.160007
vt 0.527004 0.159922
vt 0.527004 0.159922
vt 0.527004 0.159836
vt 0.527004 0.159836
vt 0.527004 0.159751
vt 0.527004 0.159751
vt 0.527004 0.159665
vt 0.527004 0.159665
vt 0.527004 0.159580
vt 0.527004 0.159580
vt 0.527004 0.159495
vt 0.527004 0.159495
vt 0.527416 0.110000
vt 0.527416 0.110000
vt 0.527004 0.110000
vt 0.527004 0.110000
vt 0.527218 0.110000
vt 0.527218 0.110000
vt 0.527431 0.110000
vt 0.527431 0.110000
vt 0.527645 0.110000
vt 0.527645 0.110000
vt 0.527858 0.110000
vt 0.527858 0.110000
vt 0.528072 0.110000
vt 0.528072 0.110000
vt 0.528286 0.110000
vt 0.528286 0.110000
vt 0.527004 0.161372
vt 0.527004 0.161286
vt 0.527004 0.161286
vt 0.527004 0.161372
vt 0.527004 0.161201
vt 0.527004 0.161201
vt 0.527004 0.161116
vt 0.527004 0.161116
vt 0.527004 0.161030
vt 0.527004 0.161030
vt 0.527004 0.162739
vt 0.527004 0.162653
vt 0.527004 0.162653
vt 0.527004 0.162739
vt 0.527004 0.162568
vt 0.527004 0.162568
vt 0.527004 0.162482
vt 0.527004 0.162482
vt 0.527004 0.162397
vt 0.527004 0.162397
vt 0.527004 0.162312
vt 0.527004 0.162312
vt 0.527004 0.162226
vt 0.527004 0.162226
vt 0.527004 0.162141
vt 0.527004 0.162141
vt 0.527004 0.162055
vt 0.527004 0.162055
vt 0.527004 0.161970
vt 0.527004 0.161970
vt 0.527004 0.161884
vt 0.527004 0.161884
vt 0.527004 0.161799
vt 0.527004 0.161799
vt 0.527004 0.161714
vt 0.527004 0.161714
vt 0.527004 0.161628
vt 0.527004 0.161628
vt 0.527004 0.161543
vt 0.527004 0.161543
vt 0.527004 0.161457
vt 0.527004 0.161457
vt 0.527416 0.115888
vt 0.527004 0.115888
vt 0.527004 0.115888
vt 0.527416 0.115888
vt 0.527218 0.115888
vt 0.527218 0.115888
vt 0.527431 0.115888
vt 0.527431 0.115888
vt 0.527645 0.115888
vt 0.527645 0.115888
vt 0.527858 0.115888
vt 0.527858 0.115888
vt 0.528072 0.115888
vt 0.528072 0.115888
vt 0.528286 0.115888
vt 0.528286 0.115888
vt 0.527004 0.163335
vt 0.527004 0.163249
vt 0.527004 0.163249
vt 0.527004 0.163335
vt 0.527004 0.163164
vt 0.527004 0.163164
vt 0.527004 0.163078
vt 0.527004 0.163078
vt 0.527004 0.162993
vt 0.527004 0.162993
vt 0.527004 0.164701
vt 0.527004 0.164616
vt 0.527004 0.164616
vt 0.527004 0.164701
vt 0.527004 0.164531
vt 0.527004 0.164531
vt 0.527004 0.164445
vt 0.527004 0.164445
vt 0.527004 0.164360
vt 0.527004 0.164360
vt 0.527004 0.164274
vt 0.527004 0.164274
vt 0.527004 0.164189
vt 0.527004 0.164189
vt 0.527004 0.164103
vt 0.527004 0.164103
vt 0.527004 0.164018
vt 0.527004 0.164018
vt 0.527004 0.163933
vt 0.527004 0.163933
vt 0.527004 0.163847
vt 0.527004 0.163847
vt 0.527004 0.163762
vt 0.527004 0.163762
vt 0.527004 0.163676
vt 0.527004 0.163676
vt 0.527004 0.163591
vt 0.527004 0.163591
vt 0.527004 0.163505
vt 0.527004 0.163505
vt 0.527004 0.163420
vt 0.527004 0.163420
vt 0.527416 0.121776
vt 0.527004 0.121776
vt 0.527004 0.121776
vt 0.527416 0.121776
vt 0.527218 0.121776
vt 0.527218 0.121776
vt 0.527431 0.121776
vt 0.527431 0.121776
vt 0.527645 0.121776
vt 0.527645 0.121776
vt 0.527858 0.121776
vt 0.527858 0.121776
vt 0.528072 0.121776
vt 0.528072 0.121776
vt 0.528286 0.121776
vt 0.528286 0.121776
vt 0.527004 0.165297
vt 0.527004 0.165212
vt 0.527004 0.165212
vt 0.527004 0.165297
vt 0.527004 0.165126
vt 0.527004 0.165126
vt 0.527004 0.165041
vt 0.527004 0.165041
vt 0.527004 0.164956
vt 0.527004 0.164956
vt 0.527004 0.166664
vt 0.527004 0.166579
vt 0.527004 0.166579
vt 0.527004 0.166664
vt 0.527004 0.166493
vt 0.527004 0.166493
vt 0.527004 0.166408
vt 0.527004 0.166408
vt 0.527004 0.166322
vt 0.527004 0.166322
vt 0.527004 0.166237
vt 0.527004 0.166237
vt 0.527004 0.166152
vt 0.527004 0.166152
vt 0.527004 0.166066
vt 0.527004 0.166066
vt 0.527004 0.165981
vt 0.527004 0.165981
vt 0.527004 0.165895
vt 0.527004 0.165895
vt 0.527004 0.165810
vt 0.527004 0.165810
vt 0.527004 0.165724
vt 0.527004 0.165724
vt 0.527004 0.165639
vt 0.527004 0.165639
vt 0.527004 0.165554
vt 0.527004 0.165554
vt 0.527004 0.165468
vt 0.527004 0.165468
vt 0.527004 0.165383
vt 0.527004 0.165383
vt 0.527416 0.127664
vt 0.527416 0.127664
vt 0.527004 0.127664
vt 0.527004 0.127664
vt 0.527218 0.127664
vt 0.527218 0.127664
vt 0.527431 0.127664
vt 0.527431 0.127664
vt 0.527645 0.127664
vt 0.527645 0.127664
vt 0.527858 0.127664
vt 0.527858 0.127664
vt 0.528072 0.127664
vt 0.528072 0.127664
vt 0.528286 0.127664
vt 0.528286 0.127664
vt 0.528706 0.133766
vt 0.528706 0.133552
vt 0.527004 0.133552
vt 0.527004 0.133766
vt 0.528706 0.135261
vt 0.528706 0.135047
vt 0.528706 0.134834
vt 0.528706 0.134620
vt 0.528706 0.134407
vt 0.528706 0.134193
vt 0.528706 0.133979
vt 0.527004 0.133766
vt 0.527004 0.133552
vt 0.528706 0.135729
vt 0.527004 0.135729
vt 0.527004 0.135515
vt 0.528706 0.135515
vt 0.528706 0.137224
vt 0.528706 0.137010
vt 0.528706 0.136796
vt 0.528706 0.136583
vt 0.528706 0.136369
vt 0.528706 0.136156
vt 0.528706 0.135942
vt 0.527004 0.135515
vt 0.527004 0.135729
vt 0.528713 0.072140
vt 0.527004 0.072140
vt 0.527004 0.071060
vt 0.528713 0.071060
vt 0.527004 0.072709
vt 0.528713 0.072709
vt 0.528713 0.074417
vt 0.527004 0.074417
vt 0.528713 0.075317
vt 0.528713 0.076380
vt 0.527004 0.076380
vt 0.527004 0.075317
vt 0.527004 0.076634
vt 0.527318 0.076634
vt 0.528399 0.076634
vt 0.528713 0.076634
vt 0.528713 0.077280
vt 0.528713 0.078342
vt 0.527004 0.078342
vt 0.527004 0.077280
vt 0.528713 0.079243
vt 0.528713 0.080305
vt 0.527004 0.080305
vt 0.527004 0.079243
vt 0.527004 0.080559
vt 0.527318 0.080559
vt 0.528399 0.080559
vt 0.528713 0.080559
vt 0.528713 0.081205
vt 0.528713 0.082268
vt 0.527004 0.082268
vt 0.527004 0.081205
vt 0.528713 0.072454
vt 0.527004 0.072454
vt 0.527004 0.070746
vt 0.528713 0.070746
vt 0.527004 0.074671
vt 0.528713 0.074671
vt 0.527004 0.078597
vt 0.528713 0.078597
vt 0.492309 0.332540
vt 0.493108 0.514300
vt 0.496464 0.514270
vt 0.495666 0.332737
vt 0.489848 0.331963
vt 0.490650 0.514342
vt 0.488943 0.331160
vt 0.489751 0.514387
vt 0.489837 0.330346
vt 0.490649 0.514421
vt 0.492290 0.329740
vt 0.493106 0.514435
vt 0.495644 0.329504
vt 0.496462 0.514426
vt 0.499002 0.329701
vt 0.499818 0.514396
vt 0.501463 0.330279
vt 0.502275 0.514354
vt 0.502368 0.331082
vt 0.503175 0.514309
vt 0.501474 0.331896
vt 0.502276 0.514275
vt 0.499021 0.332501
vt 0.499820 0.514261
vt 0.491974 0.325500
vt 0.495335 0.326248
vt 0.489504 0.323410
vt 0.488587 0.320539
vt 0.489469 0.317655
vt 0.491913 0.315532
vt 0.495265 0.314738
vt 0.498625 0.315486
vt 0.501095 0.317576
vt 0.502012 0.320447
vt 0.501130 0.323331
vt 0.498686 0.325454
vt 0.491935 0.320942
vt 0.495297 0.321786
vt 0.489462 0.318586
vt 0.488541 0.315352
vt 0.489419 0.312105
vt 0.491860 0.309715
vt 0.495210 0.308823
vt 0.498572 0.309668
vt 0.501045 0.312023
vt 0.501966 0.315257
vt 0.501088 0.318504
vt 0.498648 0.320894
vt 0.495149 0.296577
vt 0.491788 0.295906
vt 0.489318 0.294037
vt 0.488400 0.291471
vt 0.489282 0.288896
vt 0.491725 0.287000
vt 0.495076 0.286293
vt 0.498437 0.286964
vt 0.500908 0.288833
vt 0.501825 0.291399
vt 0.500944 0.293975
vt 0.498500 0.295870
vt 0.491771 0.286673
vt 0.495131 0.287082
vt 0.489302 0.285536
vt 0.488387 0.283976
vt 0.489270 0.282411
vt 0.491715 0.281260
vt 0.495066 0.280831
vt 0.498427 0.281240
vt 0.500896 0.282377
vt 0.501811 0.283937
vt 0.500928 0.285502
vt 0.498483 0.286653
vt 0.491775 0.275937
vt 0.495136 0.276039
vt 0.489306 0.275672
vt 0.488389 0.275315
vt 0.489271 0.274962
vt 0.491715 0.274707
vt 0.495066 0.274619
vt 0.498427 0.274721
vt 0.500897 0.274986
vt 0.501813 0.275343
vt 0.500932 0.275696
vt 0.498487 0.275950
vt 0.493140 0.000127
vt 0.496502 0.000133
vt 0.490669 0.000143
vt 0.489751 0.000178
vt 0.490631 0.000222
vt 0.493073 0.000263
vt 0.496424 0.000290
vt 0.499786 0.000296
vt 0.502257 0.000280
vt 0.503175 0.000245
vt 0.502295 0.000202
vt 0.499853 0.000161
vt 0.527004 0.088410
vt 0.527318 0.088410
vt 0.528399 0.088410
vt 0.528713 0.088410
vt 0.528713 0.089056
vt 0.528713 0.090119
vt 0.527004 0.090119
vt 0.527004 0.089056
vt 0.527004 0.092336
vt 0.527318 0.092336
vt 0.528399 0.092336
vt 0.528713 0.092336
vt 0.528713 0.092982
vt 0.528713 0.094044
vt 0.527004 0.094044
vt 0.527004 0.092982
vt 0.528350 0.068783
vt 0.528425 0.068783
vt 0.528581 0.068783
vt 0.528713 0.068783
vt 0.528713 0.068783
vt 0.528104 0.068783
vt 0.528499 0.068783
vt 0.527613 0.068783
vt 0.527613 0.069210
vt 0.527367 0.069210
vt 0.527367 0.068783
vt 0.527218 0.068783
vt 0.527218 0.069210
vt 0.528493 0.068817
vt 0.528499 0.068783
vt 0.528499 0.069210
vt 0.528493 0.069210
vt 0.528446 0.069637
vt 0.528447 0.069602
vt 0.528127 0.068783
vt 0.527645 0.068783
vt 0.527725 0.068783
vt 0.528286 0.068783
vt 0.528392 0.068783
vt 0.527218 0.068783
vt 0.528104 0.068783
vt 0.527866 0.068783
vt 0.528425 0.068783
vt 0.528425 0.068783
vt 0.528499 0.068783
vt 0.528499 0.068783
vt 0.528425 0.068783
vt 0.528499 0.068783
vt 0.528581 0.068783
vt 0.528499 0.068835
vt 0.528499 0.069210
vt 0.528499 0.069210
vt 0.527613 0.069210
vt 0.527613 0.068783
vt 0.527613 0.068783
vt 0.527613 0.069210
vt 0.527853 0.069210
vt 0.527852 0.068783
vt 0.528350 0.068783
vt 0.528425 0.068783
vt 0.528581 0.068783
vt 0.528713 0.068783
vt 0.528713 0.068783
vt 0.528104 0.068783
vt 0.528499 0.068783
vt 0.527367 0.069210
vt 0.527613 0.069210
vt 0.527613 0.068783
vt 0.527367 0.068783
vt 0.527218 0.068783
vt 0.527218 0.069210
vt 0.528493 0.068817
vt 0.528493 0.069210
vt 0.528499 0.069210
vt 0.528499 0.068783
vt 0.528447 0.069602
vt 0.528446 0.069637
vt 0.528127 0.068783
vt 0.527218 0.068783
vt 0.528104 0.068783
vt 0.528425 0.068783
vt 0.528499 0.068783
vt 0.528425 0.068783
vt 0.528499 0.068783
vt 0.528581 0.068783
vt 0.528606 0.068843
vt 0.528606 0.068844
vt 0.528606 0.069210
vt 0.527538 0.069210
vt 0.527445 0.068840
vt 0.527445 0.068840
vt 0.527538 0.069210
vt 0.527613 0.068783
vt 0.527613 0.068783
vt 0.527613 0.069210
vt 0.527613 0.069210
vt 0.528713 0.094298
vt 0.528713 0.096007
vt 0.527004 0.096007
vt 0.527004 0.094298
vt 0.528713 0.102149
vt 0.527004 0.102149
vt 0.527004 0.103858
vt 0.528713 0.103858
vt 0.527004 0.160178
vt 0.527004 0.160178
vt 0.527004 0.160263
vt 0.527004 0.160263
vt 0.527004 0.160093
vt 0.527004 0.160093
vt 0.527004 0.160007
vt 0.527004 0.160007
vt 0.527004 0.159922
vt 0.527004 0.159922
vt 0.527004 0.159836
vt 0.527004 0.159836
vt 0.527004 0.159751
vt 0.527004 0.159751
vt 0.527004 0.159665
vt 0.527004 0.159665
vt 0.527004 0.159580
vt 0.527004 0.159580
vt 0.527004 0.159495
vt 0.527004 0.159495
vt 0.527004 0.159409
vt 0.527004 0.159409
vt 0.527004 0.159324
vt 0.527837 0.159324
vt 0.527837 0.159409
vt 0.527004 0.159409
vt 0.527004 0.159238
vt 0.527837 0.159238
vt 0.527004 0.159153
vt 0.527837 0.159153
vt 0.527004 0.159067
vt 0.527837 0.159067
vt 0.527004 0.160691
vt 0.527837 0.160691
vt 0.527837 0.160776
vt 0.527004 0.160776
vt 0.527004 0.160605
vt 0.527837 0.160605
vt 0.527004 0.160520
vt 0.527837 0.160520
vt 0.527004 0.160434
vt 0.527837 0.160434
vt 0.527004 0.160349
vt 0.527837 0.160349
vt 0.527004 0.160263
vt 0.527837 0.160263
vt 0.527004 0.159324
vt 0.527004 0.159238
vt 0.527004 0.159153
vt 0.527004 0.159067
vt 0.527004 0.160776
vt 0.527004 0.160691
vt 0.527004 0.160605
vt 0.527004 0.160520
vt 0.527004 0.160434
vt 0.527004 0.160349
vt 0.527004 0.160263
vt 0.527004 0.160178
vt 0.527004 0.160093
vt 0.527004 0.160007
vt 0.527004 0.159922
vt 0.527004 0.159836
vt 0.527004 0.159751
vt 0.527004 0.159665
vt 0.527004 0.159580
vt 0.527004 0.159495
vt 0.527004 0.159409
vt 0.527004 0.159324
vt 0.527004 0.159409
vt 0.527004 0.159238
vt 0.527004 0.159153
vt 0.527004 0.159067
vt 0.527004 0.160691
vt 0.527004 0.160776
vt 0.527004 0.160605
vt 0.527004 0.160520
vt 0.527004 0.160434
vt 0.527004 0.160349
vt 0.527004 0.160263
vt 0.527004 0.159324
vt 0.527004 0.159238
vt 0.527004 0.159153
vt 0.527004 0.159067
vt 0.527004 0.160691
vt 0.527004 0.160776
vt 0.527004 0.160605
vt 0.527004 0.160520
vt 0.527004 0.160434
vt 0.527004 0.160349
vt 0.527004 0.159324
vt 0.527004 0.159409
vt 0.527004 0.159495
vt 0.527004 0.159580
vt 0.527004 0.159665
vt 0.527004 0.159751
vt 0.527004 0.159836
vt 0.527004 0.159922
vt 0.527004 0.160007
vt 0.527004 0.160093
vt 0.527004 0.160178
vt 0.527004 0.160263
vt 0.527004 0.160349
vt 0.527004 0.160434
vt 0.527004 0.160520
vt 0.527004 0.160605
vt 0.527004 0.160691
vt 0.527004 0.160776
vt 0.527004 0.159067
vt 0.527004 0.159153
vt 0.527004 0.159238
vt 0.528499 0.110000
vt 0.528713 0.110000
vt 0.528713 0.111708
vt 0.528499 0.111708
vt 0.527218 0.111708
vt 0.527004 0.111708
vt 0.527431 0.111708
vt 0.527645 0.111708
vt 0.527858 0.111708
vt 0.528072 0.111708
vt 0.528286 0.111708
vt 0.528551 0.111708
vt 0.528109 0.111708
vt 0.527431 0.111708
vt 0.527593 0.111708
vt 0.527004 0.162141
vt 0.527004 0.162141
vt 0.527004 0.162226
vt 0.527004 0.162226
vt 0.527004 0.162055
vt 0.527004 0.162055
vt 0.527004 0.161970
vt 0.527004 0.161970
vt 0.527004 0.161884
vt 0.527004 0.161884
vt 0.527004 0.161799
vt 0.527004 0.161799
vt 0.527004 0.161714
vt 0.527004 0.161714
vt 0.527004 0.161628
vt 0.527004 0.161628
vt 0.527004 0.161543
vt 0.527004 0.161543
vt 0.527004 0.161457
vt 0.527004 0.161457
vt 0.527004 0.161372
vt 0.527004 0.161372
vt 0.527004 0.161286
vt 0.527837 0.161286
vt 0.527837 0.161372
vt 0.527004 0.161372
vt 0.527004 0.161201
vt 0.527837 0.161201
vt 0.527004 0.161116
vt 0.527837 0.161116
vt 0.527004 0.161030
vt 0.527837 0.161030
vt 0.527004 0.162653
vt 0.527837 0.162653
vt 0.527837 0.162739
vt 0.527004 0.162739
vt 0.527004 0.162568
vt 0.527837 0.162568
vt 0.527004 0.162482
vt 0.527837 0.162482
vt 0.527004 0.162397
vt 0.527837 0.162397
vt 0.527004 0.162312
vt 0.527837 0.162312
vt 0.527004 0.162226
vt 0.527837 0.162226
vt 0.527004 0.161286
vt 0.527004 0.161201
vt 0.527004 0.161116
vt 0.527004 0.161030
vt 0.527004 0.162739
vt 0.527004 0.162653
vt 0.527004 0.162568
vt 0.527004 0.162482
vt 0.527004 0.162397
vt 0.527004 0.162312
vt 0.527004 0.162226
vt 0.527004 0.162141
vt 0.527004 0.162055
vt 0.527004 0.161970
vt 0.527004 0.161884
vt 0.527004 0.161799
vt 0.527004 0.161714
vt 0.527004 0.161628
vt 0.527004 0.161543
vt 0.527004 0.161457
vt 0.527004 0.161372
vt 0.527004 0.161286
vt 0.527004 0.161372
vt 0.527004 0.161201
vt 0.527004 0.161116
vt 0.527004 0.161030
vt 0.527004 0.162653
vt 0.527004 0.162739
vt 0.527004 0.162568
vt 0.527004 0.162482
vt 0.527004 0.162397
vt 0.527004 0.162312
vt 0.527004 0.162226
vt 0.527004 0.161286
vt 0.527004 0.161201
vt 0.527004 0.161116
vt 0.527004 0.161030
vt 0.527004 0.162653
vt 0.527004 0.162739
vt 0.527004 0.162568
vt 0.527004 0.162482
vt 0.527004 0.162397
vt 0.527004 0.162312
vt 0.527004 0.161286
vt 0.527004 0.161372
vt 0.527004 0.161457
vt 0.527004 0.161543
vt 0.527004 0.161628
vt 0.527004 0.161714
vt 0.527004 0.161799
vt 0.527004 0.161884
vt 0.527004 0.161970
vt 0.527004 0.162055
vt 0.527004 0.162141
vt 0.527004 0.162226
vt 0.527004 0.162312
vt 0.527004 0.162397
vt 0.527004 0.162482
vt 0.527004 0.162568
vt 0.527004 0.162653
vt 0.527004 0.162739
vt 0.527004 0.161030
vt 0.527004 0.161116
vt 0.527004 0.161201
vt 0.528499 0.115888
vt 0.528499 0.117597
vt 0.528713 0.117597
vt 0.528713 0.115888
vt 0.527004 0.117597
vt 0.527218 0.117597
vt 0.527431 0.117597
vt 0.527645 0.117597
vt 0.527858 0.117597
vt 0.528072 0.117597
vt 0.528286 0.117597
vt 0.527593 0.117597
vt 0.527431 0.117597
vt 0.528109 0.117597
vt 0.528551 0.117597
vt 0.527004 0.164103
vt 0.527004 0.164103
vt 0.527004 0.164189
vt 0.527004 0.164189
vt 0.527004 0.164018
vt 0.527004 0.164018
vt 0.527004 0.163933
vt 0.527004 0.163933
vt 0.527004 0.163847
vt 0.527004 0.163847
vt 0.527004 0.163762
vt 0.527004 0.163762
vt 0.527004 0.163676
vt 0.527004 0.163676
vt 0.527004 0.163591
vt 0.527004 0.163591
vt 0.527004 0.163505
vt 0.527004 0.163505
vt 0.527004 0.163420
vt 0.527004 0.163420
vt 0.527004 0.163335
vt 0.527004 0.163335
vt 0.527004 0.163249
vt 0.527837 0.163249
vt 0.527837 0.163335
vt 0.527004 0.163335
vt 0.527004 0.163164
vt 0.527837 0.163164
vt 0.527004 0.163078
vt 0.527837 0.163078
vt 0.527004 0.162993
vt 0.527837 0.162993
vt 0.527004 0.164616
vt 0.527837 0.164616
vt 0.527837 0.164701
vt 0.527004 0.164701
vt 0.527004 0.164531
vt 0.527837 0.164531
vt 0.527004 0.164445
vt 0.527837 0.164445
vt 0.527004 0.164360
vt 0.527837 0.164360
vt 0.527004 0.164274
vt 0.527837 0.164274
vt 0.527004 0.164189
vt 0.527837 0.164189
vt 0.527004 0.163249
vt 0.527004 0.163164
vt 0.527004 0.163078
vt 0.527004 0.162993
vt 0.527004 0.164701
vt 0.527004 0.164616
vt 0.527004 0.164531
vt 0.527004 0.164445
vt 0.527004 0.164360
vt 0.527004 0.164274
vt 0.527004 0.164189
vt 0.527004 0.164103
vt 0.527004 0.164018
vt 0.527004 0.163933
vt 0.527004 0.163847
vt 0.527004 0.163762
vt 0.527004 0.163676
vt 0.527004 0.163591
vt 0.527004 0.163505
vt 0.527004 0.163420
vt 0.527004 0.163335
vt 0.527004 0.163249
vt 0.527004 0.163335
vt 0.527004 0.163164
vt 0.527004 0.163078
vt 0.527004 0.162993
vt 0.527004 0.164616
vt 0.527004 0.164701
vt 0.527004 0.164531
vt 0.527004 0.164445
vt 0.527004 0.164360
vt 0.527004 0.164274
vt 0.527004 0.164189
vt 0.527004 0.163249
vt 0.527004 0.163164
vt 0.527004 0.163078
vt 0.527004 0.162993
vt 0.527004 0.164616
vt 0.527004 0.164701
vt 0.527004 0.164531
vt 0.527004 0.164445
vt 0.527004 0.164360
vt 0.527004 0.164274
vt 0.527004 0.163249
vt 0.527004 0.163335
vt 0.527004 0.163420
vt 0.527004 0.163505
vt 0.527004 0.163591
vt 0.527004 0.163676
vt 0.527004 0.163762
vt 0.527004 0.163847
vt 0.527004 0.163933
vt 0.527004 0.164018
vt 0.527004 0.164103
vt 0.527004 0.164189
vt 0.527004 0.164274
vt 0.527004 0.164360
vt 0.527004 0.164445
vt 0.527004 0.164531
vt 0.527004 0.164616
vt 0.527004 0.164701
vt 0.527004 0.162993
vt 0.527004 0.163078
vt 0.527004 0.163164
vt 0.528499 0.121776
vt 0.528499 0.123485
vt 0.528713 0.123485
vt 0.528713 0.121776
vt 0.527004 0.123485
vt 0.527218 0.123485
vt 0.527431 0.123485
vt 0.527645 0.123485
vt 0.527858 0.123485
vt 0.528072 0.123485
vt 0.528286 0.123485
vt 0.527593 0.123485
vt 0.527431 0.123485
vt 0.528109 0.123485
vt 0.528551 0.123485
vt 0.527004 0.166066
vt 0.527004 0.166066
vt 0.527004 0.166152
vt 0.527004 0.166152
vt 0.527004 0.165981
vt 0.527004 0.165981
vt 0.527004 0.165895
vt 0.527004 0.165895
vt 0.527004 0.165810
vt 0.527004 0.165810
vt 0.527004 0.165724
vt 0.527004 0.165724
vt 0.527004 0.165639
vt 0.527004 0.165639
vt 0.527004 0.165554
vt 0.527004 0.165554
vt 0.527004 0.165468
vt 0.527004 0.165468
vt 0.527004 0.165383
vt 0.527004 0.165383
vt 0.527004 0.165297
vt 0.527004 0.165297
vt 0.527004 0.165212
vt 0.527837 0.165212
vt 0.527837 0.165297
vt 0.527004 0.165297
vt 0.527004 0.165126
vt 0.527837 0.165126
vt 0.527004 0.165041
vt 0.527837 0.165041
vt 0.527004 0.164956
vt 0.527837 0.164956
vt 0.527004 0.166579
vt 0.527837 0.166579
vt 0.527837 0.166664
vt 0.527004 0.166664
vt 0.527004 0.166493
vt 0.527837 0.166493
vt 0.527004 0.166408
vt 0.527837 0.166408
vt 0.527004 0.166322
vt 0.527837 0.166322
vt 0.527004 0.166237
vt 0.527837 0.166237
vt 0.527004 0.166152
vt 0.527837 0.166152
vt 0.527004 0.165212
vt 0.527004 0.165126
vt 0.527004 0.165041
vt 0.527004 0.164956
vt 0.527004 0.166664
vt 0.527004 0.166579
vt 0.527004 0.166493
vt 0.527004 0.166408
vt 0.527004 0.166322
vt 0.527004 0.166237
vt 0.527004 0.166152
vt 0.527004 0.166066
vt 0.527004 0.165981
vt 0.527004 0.165895
vt 0.527004 0.165810
vt 0.527004 0.165724
vt 0.527004 0.165639
vt 0.527004 0.165554
vt 0.527004 0.165468
vt 0.527004 0.165383
vt 0.527004 0.165297
vt 0.527004 0.165212
vt 0.527004 0.165297
vt 0.527004 0.165126
vt 0.527004 0.165041
vt 0.527004 0.164956
vt 0.527004 0.166579
vt 0.527004 0.166664
vt 0.527004 0.166493
vt 0.527004 0.166408
vt 0.527004 0.166322
vt 0.527004 0.166237
vt 0.527004 0.166152
vt 0.527004 0.165212
vt 0.527004 0.165126
vt 0.527004 0.165041
vt 0.527004 0.164956
vt 0.527004 0.166579
vt 0.527004 0.166664
vt 0.527004 0.166493
vt 0.527004 0.166408
vt 0.527004 0.166322
vt 0.527004 0.166237
vt 0.527004 0.165212
vt 0.527004 0.165297
vt 0.527004 0.165383
vt 0.527004 0.165468
vt 0.527004 0.165554
vt 0.527004 0.165639
vt 0.527004 0.165724
vt 0.527004 0.165810
vt 0.527004 0.165895
vt 0.527004 0.165981
vt 0.527004 0.166066
vt 0.527004 0.166152
vt 0.527004 0.166237
vt 0.527004 0.166322
vt 0.527004 0.166408
vt 0.527004 0.166493
vt 0.527004 0.166579
vt 0.527004 0.166664
vt 0.527004 0.164956
vt 0.527004 0.165041
vt 0.527004 0.165126
vt 0.528499 0.127664
vt 0.528713 0.127664
vt 0.528713 0.129373
vt 0.528499 0.129373
vt 0.527218 0.129373
vt 0.527004 0.129373
vt 0.527431 0.129373
vt 0.527645 0.129373
vt 0.527858 0.129373
vt 0.528072 0.129373
vt 0.528286 0.129373
vt 0.528551 0.129373
vt 0.528109 0.129373
vt 0.527431 0.129373
vt 0.527593 0.129373
vt 0.529274 0.408884
vt 0.529522 0.408791
vt 0.529801 0.408862
vt 0.529925 0.409112
vt 0.529819 0.409371
vt 0.529562 0.409486
vt 0.529299 0.409392
vt 0.529178 0.409140
vt 0.529530 0.356929
vt 0.529281 0.356805
vt 0.529182 0.356538
vt 0.529294 0.356278
vt 0.529563 0.356187
vt 0.529817 0.356314
vt 0.529907 0.356604
vt 0.529794 0.356841
vt 0.528350 0.070492
vt 0.528104 0.070492
vt 0.528499 0.070492
vt 0.528425 0.070492
vt 0.527858 0.070492
vt 0.528350 0.070492
vt 0.528104 0.070492
vt 0.527858 0.070492
vt 0.528425 0.070492
vt 0.527423 0.068783
vt 0.527445 0.068840
vt 0.527538 0.069210
vt 0.527378 0.069637
vt 0.527346 0.069637
vt 0.527305 0.069637
vt 0.527271 0.069637
vt 0.527218 0.069210
vt 0.527218 0.068845
vt 0.527226 0.068783
vt 0.528602 0.068783
vt 0.528606 0.068844
vt 0.528606 0.069210
vt 0.528579 0.069637
vt 0.528562 0.069637
vt 0.528543 0.069637
vt 0.528526 0.069637
vt 0.528503 0.068783
vt 0.527613 0.068783
vt 0.527855 0.068783
vt 0.528416 0.068783
vt 0.527111 0.068783
vt 0.527111 0.068783
vt 0.527185 0.068783
vt 0.527185 0.068783
vt 0.527531 0.068783
vt 0.527532 0.068783
vt 0.527645 0.068783
vt 0.527645 0.068783
vt 0.528713 0.068783
vt 0.528627 0.068783
vt 0.527218 0.068783
vt 0.528499 0.068783
vt 0.527431 0.068783
vt 0.527218 0.068783
vt 0.528606 0.068843
vt 0.527538 0.069210
vt 0.527445 0.068840
vt 0.527218 0.068845
vt 0.528494 0.068777
vt 0.527464 0.068783
vt 0.527205 0.068783
vt 0.528605 0.068780
vt 0.527218 0.068914
vt 0.527218 0.068915
vt 0.527482 0.068984
vt 0.527481 0.068982
vt 0.528606 0.068868
vt 0.528606 0.068868
vt 0.528104 0.070492
vt 0.528350 0.070492
vt 0.528425 0.070492
vt 0.528499 0.070492
vt 0.528350 0.070492
vt 0.528104 0.070492
vt 0.528425 0.070492
vt 0.527271 0.069637
vt 0.527305 0.069637
vt 0.527346 0.069637
vt 0.527218 0.069210
vt 0.527378 0.069637
vt 0.527423 0.068783
vt 0.527218 0.068845
vt 0.527226 0.068783
vt 0.528526 0.069637
vt 0.528543 0.069637
vt 0.528562 0.069637
vt 0.528499 0.069210
vt 0.528579 0.069637
vt 0.528602 0.068783
vt 0.528499 0.068835
vt 0.528503 0.068783
vt 0.527613 0.068783
vt 0.528416 0.068783
vt 0.527111 0.068783
vt 0.527111 0.068783
vt 0.527185 0.068783
vt 0.527185 0.068783
vt 0.527531 0.068783
vt 0.527645 0.068783
vt 0.527645 0.068783
vt 0.527532 0.068783
vt 0.528627 0.068783
vt 0.528713 0.068783
vt 0.527218 0.068783
vt 0.528499 0.068783
vt 0.527431 0.068783
vt 0.527218 0.068783
vt 0.528499 0.069210
vt 0.527218 0.068845
vt 0.528494 0.068777
vt 0.527464 0.068783
vt 0.527205 0.068783
vt 0.528605 0.068780
vt 0.527218 0.068914
vt 0.527218 0.068915
vt 0.527482 0.068984
vt 0.527481 0.068982
vt 0.528606 0.068868
vt 0.528606 0.068868
vt 0.527004 0.159324
vt 0.527004 0.159238
vt 0.527004 0.159153
vt 0.527004 0.159067
vt 0.527004 0.160691
vt 0.527004 0.160776
vt 0.527004 0.160605
vt 0.527004 0.160520
vt 0.527004 0.160434
vt 0.527004 0.160349
vt 0.527004 0.160178
vt 0.527837 0.160178
vt 0.527004 0.160093
vt 0.527837 0.160093
vt 0.527004 0.160007
vt 0.527837 0.160007
vt 0.527004 0.159922
vt 0.527837 0.159922
vt 0.527004 0.159836
vt 0.527837 0.159836
vt 0.527004 0.159751
vt 0.527837 0.159751
vt 0.527004 0.159665
vt 0.527837 0.159665
vt 0.527004 0.159580
vt 0.527837 0.159580
vt 0.527004 0.159495
vt 0.527837 0.159495
vt 0.527004 0.160178
vt 0.527004 0.160093
vt 0.527004 0.160007
vt 0.527004 0.159922
vt 0.527004 0.159836
vt 0.527004 0.159751
vt 0.527004 0.159665
vt 0.527004 0.159580
vt 0.527004 0.159495
vt 0.527004 0.161286
vt 0.527004 0.161201
vt 0.527004 0.161116
vt 0.527004 0.161030
vt 0.527004 0.162653
vt 0.527004 0.162739
vt 0.527004 0.162568
vt 0.527004 0.162482
vt 0.527004 0.162397
vt 0.527004 0.162312
vt 0.527004 0.162141
vt 0.527837 0.162141
vt 0.527004 0.162055
vt 0.527837 0.162055
vt 0.527004 0.161970
vt 0.527837 0.161970
vt 0.527004 0.161884
vt 0.527837 0.161884
vt 0.527004 0.161799
vt 0.527837 0.161799
vt 0.527004 0.161714
vt 0.527837 0.161714
vt 0.527004 0.161628
vt 0.527837 0.161628
vt 0.527004 0.161543
vt 0.527837 0.161543
vt 0.527004 0.161457
vt 0.527837 0.161457
vt 0.527004 0.162141
vt 0.527004 0.162055
vt 0.527004 0.161970
vt 0.527004 0.161884
vt 0.527004 0.161799
vt 0.527004 0.161714
vt 0.527004 0.161628
vt 0.527004 0.161543
vt 0.527004 0.161457
vt 0.527004 0.163249
vt 0.527004 0.163164
vt 0.527004 0.163078
vt 0.527004 0.162993
vt 0.527004 0.164616
vt 0.527004 0.164701
vt 0.527004 0.164531
vt 0.527004 0.164445
vt 0.527004 0.164360
vt 0.527004 0.164274
vt 0.527004 0.164103
vt 0.527837 0.164103
vt 0.527004 0.164018
vt 0.527837 0.164018
vt 0.527004 0.163933
vt 0.527837 0.163933
vt 0.527004 0.163847
vt 0.527837 0.163847
vt 0.527004 0.163762
vt 0.527837 0.163762
vt 0.527004 0.163676
vt 0.527837 0.163676
vt 0.527004 0.163591
vt 0.527837 0.163591
vt 0.527004 0.163505
vt 0.527837 0.163505
vt 0.527004 0.163420
vt 0.527837 0.163420
vt 0.527004 0.164103
vt 0.527004 0.164018
vt 0.527004 0.163933
vt 0.527004 0.163847
vt 0.527004 0.163762
vt 0.527004 0.163676
vt 0.527004 0.163591
vt 0.527004 0.163505
vt 0.527004 0.163420
vt 0.527004 0.165212
vt 0.527004 0.165126
vt 0.527004 0.165041
vt 0.527004 0.164956
vt 0.527004 0.166579
vt 0.527004 0.166664
vt 0.527004 0.166493
vt 0.527004 0.166408
vt 0.527004 0.166322
vt 0.527004 0.166237
vt 0.527004 0.166066
vt 0.527837 0.166066
vt 0.527004 0.165981
vt 0.527837 0.165981
vt 0.527004 0.165895
vt 0.527837 0.165895
vt 0.527004 0.165810
vt 0.527837 0.165810
vt 0.527004 0.165724
vt 0.527837 0.165724
vt 0.527004 0.165639
vt 0.527837 0.165639
vt 0.527004 0.165554
vt 0.527837 0.165554
vt 0.527004 0.165468
vt 0.527837 0.165468
vt 0.527004 0.165383
vt 0.527837 0.165383
vt 0.527004 0.166066
vt 0.527004 0.165981
vt 0.527004 0.165895
vt 0.527004 0.165810
vt 0.527004 0.165724
vt 0.527004 0.165639
vt 0.527004 0.165554
vt 0.527004 0.165468
vt 0.527004 0.165383
vt 0.527429 0.441334
vt 0.527402 0.441290
vt 0.527363 0.441305
vt 0.527414 0.441352
vt 0.527466 0.441362
vt 0.527443 0.441345
vt 0.527433 0.441357
vt 0.527463 0.441367
vt 0.527385 0.441264
vt 0.527363 0.441279
vt 0.527447 0.441210
vt 0.527441 0.441192
vt 0.527466 0.441175
vt 0.527461 0.441162
vt 0.527363 0.443913
vt 0.527375 0.443909
vt 0.527375 0.443777
vt 0.527363 0.443766
vt 0.527429 0.441793
vt 0.527414 0.441810
vt 0.527363 0.441763
vt 0.527403 0.441748
vt 0.527466 0.441820
vt 0.527463 0.441825
vt 0.527433 0.441816
vt 0.527443 0.441803
vt 0.527363 0.441738
vt 0.527385 0.441723
vt 0.527441 0.441650
vt 0.527447 0.441669
vt 0.527466 0.441633
vt 0.527461 0.441621
vt 0.527363 0.444315
vt 0.527363 0.444167
vt 0.527375 0.444179
vt 0.527375 0.444310
vt 0.527004 0.159409
vt 0.527004 0.159409
vt 0.527004 0.159409
vt 0.527004 0.159409
vt 0.527004 0.159495
vt 0.527004 0.159495
vt 0.527004 0.159495
vt 0.527004 0.159495
vt 0.527004 0.159751
vt 0.527004 0.159751
vt 0.527004 0.159751
vt 0.527004 0.159751
vt 0.527004 0.159836
vt 0.527004 0.159836
vt 0.527004 0.159836
vt 0.527004 0.159836
vt 0.527004 0.160093
vt 0.527004 0.160093
vt 0.527004 0.160093
vt 0.527004 0.160093
vt 0.527004 0.160178
vt 0.527004 0.160178
vt 0.527004 0.160178
vt 0.527004 0.160178
vt 0.527004 0.160434
vt 0.527004 0.160434
vt 0.527004 0.160434
vt 0.527004 0.160434
vt 0.527004 0.160520
vt 0.527004 0.160520
vt 0.527004 0.160520
vt 0.527004 0.160520
vt 0.527004 0.159067
vt 0.527004 0.159067
vt 0.527004 0.159067
vt 0.527004 0.159067
vt 0.527004 0.159153
vt 0.527004 0.159153
vt 0.527004 0.159153
vt 0.527004 0.159153
vt 0.503115 0.516056
vt 0.503115 0.515715
vt 0.503115 0.515715
vt 0.503115 0.516056
vt 0.503115 0.515373
vt 0.503115 0.515373
vt 0.503115 0.515031
vt 0.503115 0.515031
vt 0.503115 0.514690
vt 0.503115 0.514690
vt 0.527004 0.159409
vt 0.527004 0.159409
vt 0.527004 0.159495
vt 0.527004 0.159495
vt 0.527004 0.159751
vt 0.527004 0.159751
vt 0.527004 0.159836
vt 0.527004 0.159836
vt 0.527004 0.160093
vt 0.527004 0.160093
vt 0.527004 0.160178
vt 0.527004 0.160178
vt 0.527004 0.160434
vt 0.527004 0.160434
vt 0.527004 0.160520
vt 0.527004 0.160520
vt 0.527004 0.159067
vt 0.527004 0.159067
vt 0.527004 0.159153
vt 0.527004 0.159153
vt 0.503115 0.516056
vt 0.503115 0.515715
vt 0.503115 0.515715
vt 0.503115 0.516056
vt 0.503115 0.515373
vt 0.503115 0.515373
vt 0.503115 0.515031
vt 0.503115 0.515031
vt 0.503115 0.514690
vt 0.503115 0.514690
vt 0.527004 0.161372
vt 0.527004 0.161372
vt 0.527004 0.161372
vt 0.527004 0.161372
vt 0.527004 0.161457
vt 0.527004 0.161457
vt 0.527004 0.161457
vt 0.527004 0.161457
vt 0.527004 0.161714
vt 0.527004 0.161714
vt 0.527004 0.161714
vt 0.527004 0.161714
vt 0.527004 0.161799
vt 0.527004 0.161799
vt 0.527004 0.161799
vt 0.527004 0.161799
vt 0.527004 0.162055
vt 0.527004 0.162055
vt 0.527004 0.162055
vt 0.527004 0.162055
vt 0.527004 0.162141
vt 0.527004 0.162141
vt 0.527004 0.162141
vt 0.527004 0.162141
vt 0.527004 0.162397
vt 0.527004 0.162397
vt 0.527004 0.162397
vt 0.527004 0.162397
vt 0.527004 0.162482
vt 0.527004 0.162482
vt 0.527004 0.162482
vt 0.527004 0.162482
vt 0.527004 0.161030
vt 0.527004 0.161030
vt 0.527004 0.161030
vt 0.527004 0.161030
vt 0.527004 0.161116
vt 0.527004 0.161116
vt 0.527004 0.161116
vt 0.527004 0.161116
vt 0.503115 0.517677
vt 0.503115 0.517336
vt 0.503115 0.517336
vt 0.503115 0.517677
vt 0.503115 0.516994
vt 0.503115 0.516994
vt 0.503115 0.516652
vt 0.503115 0.516652
vt 0.503115 0.516311
vt 0.503115 0.516311
vt 0.527004 0.161372
vt 0.527004 0.161372
vt 0.527004 0.161457
vt 0.527004 0.161457
vt 0.527004 0.161714
vt 0.527004 0.161714
vt 0.527004 0.161799
vt 0.527004 0.161799
vt 0.527004 0.162055
vt 0.527004 0.162055
vt 0.527004 0.162141
vt 0.527004 0.162141
vt 0.527004 0.162397
vt 0.527004 0.162397
vt 0.527004 0.162482
vt 0.527004 0.162482
vt 0.527004 0.161030
vt 0.527004 0.161030
vt 0.527004 0.161116
vt 0.527004 0.161116
vt 0.503115 0.517677
vt 0.503115 0.517336
vt 0.503115 0.517336
vt 0.503115 0.517677
vt 0.503115 0.516994
vt 0.503115 0.516994
vt 0.503115 0.516652
vt 0.503115 0.516652
vt 0.503115 0.516311
vt 0.503115 0.516311
vt 0.527004 0.163335
vt 0.527004 0.163335
vt 0.527004 0.163335
vt 0.527004 0.163335
vt 0.527004 0.163420
vt 0.527004 0.163420
vt 0.527004 0.163420
vt 0.527004 0.163420
vt 0.527004 0.163676
vt 0.527004 0.163676
vt 0.527004 0.163676
vt 0.527004 0.163676
vt 0.527004 0.163762
vt 0.527004 0.163762
vt 0.527004 0.163762
vt 0.527004 0.163762
vt 0.527004 0.164018
vt 0.527004 0.164018
vt 0.527004 0.164018
vt 0.527004 0.164018
vt 0.527004 0.164103
vt 0.527004 0.164103
vt 0.527004 0.164103
vt 0.527004 0.164103
vt 0.527004 0.164360
vt 0.527004 0.164360
vt 0.527004 0.164360
vt 0.527004 0.164360
vt 0.527004 0.164445
vt 0.527004 0.164445
vt 0.527004 0.164445
vt 0.527004 0.164445
vt 0.527004 0.162993
vt 0.527004 0.162993
vt 0.527004 0.162993
vt 0.527004 0.162993
vt 0.527004 0.163078
vt 0.527004 0.163078
vt 0.527004 0.163078
vt 0.527004 0.163078
vt 0.503115 0.519298
vt 0.503115 0.518957
vt 0.503115 0.518957
vt 0.503115 0.519298
vt 0.503115 0.518615
vt 0.503115 0.518615
vt 0.503115 0.518273
vt 0.503115 0.518273
vt 0.503115 0.517932
vt 0.503115 0.517932
vt 0.527004 0.163335
vt 0.527004 0.163335
vt 0.527004 0.163420
vt 0.527004 0.163420
vt 0.527004 0.163676
vt 0.527004 0.163676
vt 0.527004 0.163762
vt 0.527004 0.163762
vt 0.527004 0.164018
vt 0.527004 0.164018
vt 0.527004 0.164103
vt 0.527004 0.164103
vt 0.527004 0.164360
vt 0.527004 0.164360
vt 0.527004 0.164445
vt 0.527004 0.164445
vt 0.527004 0.162993
vt 0.527004 0.162993
vt 0.527004 0.163078
vt 0.527004 0.163078
vt 0.503115 0.519298
vt 0.503115 0.518957
vt 0.503115 0.518957
vt 0.503115 0.519298
vt 0.503115 0.518615
vt 0.503115 0.518615
vt 0.503115 0.518273
vt 0.503115 0.518273
vt 0.503115 0.517932
vt 0.503115 0.517932
vt 0.527004 0.165297
vt 0.527004 0.165297
vt 0.527004 0.165297
vt 0.527004 0.165297
vt 0.527004 0.165383
vt 0.527004 0.165383
vt 0.527004 0.165383
vt 0.527004 0.165383
vt 0.527004 0.165639
vt 0.527004 0.165639
vt 0.527004 0.165639
vt 0.527004 0.165639
vt 0.527004 0.165724
vt 0.527004 0.165724
vt 0.527004 0.165724
vt 0.527004 0.165724
vt 0.527004 0.165981
vt 0.527004 0.165981
vt 0.527004 0.165981
vt 0.527004 0.165981
vt 0.527004 0.166066
vt 0.527004 0.166066
vt 0.527004 0.166066
vt 0.527004 0.166066
vt 0.527004 0.166322
vt 0.527004 0.166322
vt 0.527004 0.166322
vt 0.527004 0.166322
vt 0.527004 0.166408
vt 0.527004 0.166408
vt 0.527004 0.166408
vt 0.527004 0.166408
vt 0.527004 0.164956
vt 0.527004 0.164956
vt 0.527004 0.164956
vt 0.527004 0.164956
vt 0.527004 0.165041
vt 0.527004 0.165041
vt 0.527004 0.165041
vt 0.527004 0.165041
vt 0.503115 0.520919
vt 0.503115 0.520578
vt 0.503115 0.520578
vt 0.503115 0.520919
vt 0.503115 0.520236
vt 0.503115 0.520236
vt 0.503115 0.519894
vt 0.503115 0.519894
vt 0.503115 0.519553
vt 0.503115 0.519553
vt 0.527004 0.165297
vt 0.527004 0.165297
vt 0.527004 0.165383
vt 0.527004 0.165383
vt 0.527004 0.165639
vt 0.527004 0.165639
vt 0.527004 0.165724
vt 0.527004 0.165724
vt 0.527004 0.165981
vt 0.527004 0.165981
vt 0.527004 0.166066
vt 0.527004 0.166066
vt 0.527004 0.166322
vt 0.527004 0.166322
vt 0.527004 0.166408
vt 0.527004 0.166408
vt 0.527004 0.164956
vt 0.527004 0.164956
vt 0.527004 0.165041
vt 0.527004 0.165041
vt 0.503115 0.520919
vt 0.503115 0.520578
vt 0.503115 0.520578
vt 0.503115 0.520919
vt 0.503115 0.520236
vt 0.503115 0.520236
vt 0.503115 0.519894
vt 0.503115 0.519894
vt 0.503115 0.519553
vt 0.503115 0.519553
vt 0.528713 0.083916
vt 0.527004 0.083916
vt 0.527004 0.082836
vt 0.528713 0.082836
vt 0.527004 0.084485
vt 0.528713 0.084485
vt 0.528713 0.086193
vt 0.527004 0.086193
vt 0.528713 0.087093
vt 0.528713 0.088156
vt 0.527004 0.088156
vt 0.527004 0.087093
vt 0.528713 0.091019
vt 0.528713 0.092081
vt 0.527004 0.092081
vt 0.527004 0.091019
vt 0.528713 0.084231
vt 0.527004 0.084231
vt 0.527004 0.082522
vt 0.528713 0.082522
vt 0.527004 0.086447
vt 0.528713 0.086447
vt 0.527004 0.090373
vt 0.528713 0.090373
vt 0.503429 0.419932
vt 0.503429 0.398297
vt 0.529527 0.408654
vt 0.529191 0.408801
vt 0.518729 0.382969
vt 0.529886 0.408772
vt 0.540413 0.382935
vt 0.530046 0.409107
vt 0.555712 0.398300
vt 0.529901 0.409447
vt 0.555672 0.419960
vt 0.529565 0.409597
vt 0.540350 0.435243
vt 0.529220 0.409473
vt 0.518719 0.435228
vt 0.529064 0.409142
vt 0.540334 0.382680
vt 0.530029 0.356592
vt 0.529905 0.356229
vt 0.555661 0.367407
vt 0.529565 0.356063
vt 0.555713 0.345747
vt 0.529212 0.356190
vt 0.540422 0.330369
vt 0.529072 0.356535
vt 0.518736 0.330389
vt 0.529201 0.356881
vt 0.503429 0.345715
vt 0.529530 0.357040
vt 0.503429 0.367355
vt 0.529874 0.356921
vt 0.518712 0.382657
vt 0.528104 0.069637
vt 0.528104 0.069210
vt 0.527865 0.069637
vt 0.528104 0.068783
vt 0.528286 0.069637
vt 0.528392 0.069637
vt 0.528392 0.069637
vt 0.528446 0.069637
vt 0.528419 0.069637
vt 0.528499 0.069210
vt 0.528499 0.069637
vt 0.528446 0.069637
vt 0.528499 0.069210
vt 0.528499 0.068783
vt 0.528499 0.068783
vt 0.528392 0.068783
vt 0.528392 0.068811
vt 0.528388 0.068783
vt 0.527218 0.068783
vt 0.527218 0.069210
vt 0.527367 0.069210
vt 0.527613 0.069210
vt 0.527613 0.068783
vt 0.527367 0.068783
vt 0.527852 0.068783
vt 0.527613 0.068783
vt 0.527613 0.068783
vt 0.527613 0.069210
vt 0.528446 0.068783
vt 0.528493 0.068817
vt 0.528493 0.069210
vt 0.528104 0.069210
vt 0.528104 0.069637
vt 0.528104 0.068783
vt 0.528286 0.069637
vt 0.528392 0.069637
vt 0.528392 0.069637
vt 0.528446 0.069637
vt 0.528419 0.069637
vt 0.528499 0.069210
vt 0.528499 0.069210
vt 0.528446 0.069637
vt 0.528499 0.069637
vt 0.528499 0.068783
vt 0.528499 0.068783
vt 0.528392 0.068783
vt 0.528388 0.068783
vt 0.528392 0.068811
vt 0.527218 0.068783
vt 0.527218 0.069210
vt 0.527367 0.069210
vt 0.527613 0.069210
vt 0.527613 0.068783
vt 0.527367 0.068783
vt 0.527613 0.068783
vt 0.527613 0.068783
vt 0.527613 0.069210
vt 0.528446 0.068783
vt 0.528493 0.068817
vt 0.528493 0.069210
vt 0.527004 0.159324
vt 0.527004 0.159324
vt 0.527004 0.159580
vt 0.527004 0.159580
vt 0.527004 0.159665
vt 0.527004 0.159665
vt 0.527004 0.159922
vt 0.527004 0.159922
vt 0.527004 0.160007
vt 0.527004 0.160007
vt 0.527004 0.160263
vt 0.527004 0.160263
vt 0.527004 0.160349
vt 0.527004 0.160349
vt 0.527004 0.160605
vt 0.527004 0.160605
vt 0.527004 0.160691
vt 0.527004 0.160691
vt 0.527004 0.160776
vt 0.527004 0.160776
vt 0.527004 0.159238
vt 0.527004 0.159238
vt 0.528551 0.113671
vt 0.528109 0.113671
vt 0.527431 0.113671
vt 0.527593 0.113671
vt 0.527004 0.161286
vt 0.527004 0.161286
vt 0.527004 0.161543
vt 0.527004 0.161543
vt 0.527004 0.161628
vt 0.527004 0.161628
vt 0.527004 0.161884
vt 0.527004 0.161884
vt 0.527004 0.161970
vt 0.527004 0.161970
vt 0.527004 0.162226
vt 0.527004 0.162226
vt 0.527004 0.162312
vt 0.527004 0.162312
vt 0.527004 0.162568
vt 0.527004 0.162568
vt 0.527004 0.162653
vt 0.527004 0.162653
vt 0.527004 0.162739
vt 0.527004 0.162739
vt 0.527004 0.161201
vt 0.527004 0.161201
vt 0.528551 0.119559
vt 0.528109 0.119559
vt 0.527431 0.119559
vt 0.527593 0.119559
vt 0.527004 0.163249
vt 0.527004 0.163249
vt 0.527004 0.163505
vt 0.527004 0.163505
vt 0.527004 0.163591
vt 0.527004 0.163591
vt 0.527004 0.163847
vt 0.527004 0.163847
vt 0.527004 0.163933
vt 0.527004 0.163933
vt 0.527004 0.164189
vt 0.527004 0.164189
vt 0.527004 0.164274
vt 0.527004 0.164274
vt 0.527004 0.164531
vt 0.527004 0.164531
vt 0.527004 0.164616
vt 0.527004 0.164616
vt 0.527004 0.164701
vt 0.527004 0.164701
vt 0.527004 0.163164
vt 0.527004 0.163164
vt 0.527593 0.125447
vt 0.527431 0.125447
vt 0.528109 0.125447
vt 0.528551 0.125447
vt 0.527004 0.165212
vt 0.527004 0.165212
vt 0.527004 0.165468
vt 0.527004 0.165468
vt 0.527004 0.165554
vt 0.527004 0.165554
vt 0.527004 0.165810
vt 0.527004 0.165810
vt 0.527004 0.165895
vt 0.527004 0.165895
vt 0.527004 0.166152
vt 0.527004 0.166152
vt 0.527004 0.166237
vt 0.527004 0.166237
vt 0.527004 0.166493
vt 0.527004 0.166493
vt 0.527004 0.166579
vt 0.527004 0.166579
vt 0.527004 0.166664
vt 0.527004 0.166664
vt 0.527004 0.165126
vt 0.527004 0.165126
vt 0.527593 0.131335
vt 0.527431 0.131335
vt 0.528109 0.131335
vt 0.528551 0.131335
vt 0.527363 0.440445
vt 0.527406 0.440451
vt 0.527503 0.440451
vt 0.527555 0.438793
vt 0.527363 0.438865
vt 0.527540 0.438856
vt 0.527390 0.442955
vt 0.527363 0.442944
vt 0.527363 0.443017
vt 0.527386 0.443101
vt 0.527363 0.440902
vt 0.527406 0.440908
vt 0.527503 0.440908
vt 0.527555 0.438793
vt 0.527363 0.438865
vt 0.527540 0.438856
vt 0.527390 0.443365
vt 0.527386 0.443512
vt 0.527363 0.443427
vt 0.527363 0.443355
vt 0.504094 0.190960
vt 0.507537 0.185140
vt 0.503429 0.150672
vt 0.506759 0.154995
vt 0.527004 0.101895
vt 0.527004 0.109746
vt 0.503115 0.521174
vt 0.503115 0.521515
vt 0.503115 0.521857
vt 0.503115 0.522540
vt 0.503115 0.522199
vt 0.503115 0.522795
vt 0.503115 0.523136
vt 0.503115 0.523478
vt 0.503115 0.524161
vt 0.503115 0.523820
vt 0.503115 0.524415
vt 0.503115 0.524757
vt 0.503115 0.525099
vt 0.503115 0.525782
vt 0.503115 0.525441
vt 0.527004 0.166918
vt 0.527004 0.167260
vt 0.527004 0.167602
vt 0.527004 0.168285
vt 0.527004 0.167943
vt 0.527004 0.068783
vt 0.527004 0.068783
vt 0.528179 0.068783
vt 0.528179 0.069210
vt 0.527805 0.068783
vt 0.527805 0.068783
vt 0.528392 0.069210
vt 0.528286 0.069210
vt 0.527725 0.069210
vt 0.527645 0.069210
vt 0.527785 0.069225
vt 0.528179 0.069637
vt 0.527805 0.068902
vt 0.527367 0.070065
vt 0.527866 0.069210
vt 0.527865 0.068783
vt 0.527004 0.068783
vt 0.527004 0.068783
vt 0.528179 0.068783
vt 0.527805 0.068783
vt 0.527805 0.068783
vt 0.528179 0.069210
vt 0.528392 0.069210
vt 0.528286 0.069210
vt 0.527645 0.069210
vt 0.527725 0.069210
vt 0.527785 0.069225
vt 0.527805 0.068902
vt 0.528179 0.069637
vt 0.527367 0.070065
vt 0.527004 0.139186
vt 0.527044 0.137478
vt 0.528451 0.137478
vt 0.528451 0.139186
vt 0.527004 0.066522
vt 0.527004 0.064814
vt 0.528713 0.098224
vt 0.528713 0.099078
vt 0.527004 0.099078
vt 0.527004 0.098224
vt 0.528713 0.099932
vt 0.527004 0.099932
vt 0.527004 0.141149
vt 0.528451 0.141149
vt 0.528451 0.139440
vt 0.527044 0.139440
vt 0.527004 0.068501
vt 0.527004 0.066792
vt 0.528713 0.106075
vt 0.527004 0.106075
vt 0.527004 0.106929
vt 0.528713 0.106929
vt 0.527004 0.107783
vt 0.528713 0.107783
vt 0.527645 0.157105
vt 0.527570 0.157105
vt 0.527250 0.157110
vt 0.527004 0.157115
vt 0.527496 0.157105
vt 0.528713 0.070492
vt 0.528499 0.070492
vt 0.528713 0.070492
vt 0.527645 0.157105
vt 0.527570 0.157105
vt 0.527250 0.157110
vt 0.527496 0.157105
vt 0.528713 0.070492
vt 0.528713 0.070492
vt 0.528499 0.070492
vt 0.527004 0.113925
vt 0.527289 0.113925
vt 0.527289 0.115634
vt 0.527004 0.115634
vt 0.527858 0.113925
vt 0.527858 0.115634
vt 0.527004 0.149254
vt 0.527004 0.150962
vt 0.527289 0.150962
vt 0.527289 0.149254
vt 0.527574 0.150962
vt 0.527574 0.149254
vt 0.527858 0.150962
vt 0.527858 0.149254
vt 0.528143 0.150962
vt 0.528143 0.149254
vt 0.527004 0.113925
vt 0.527730 0.115634
vt 0.527574 0.115634
vt 0.528272 0.115634
vt 0.527004 0.119813
vt 0.527289 0.119813
vt 0.527289 0.121522
vt 0.527004 0.121522
vt 0.527858 0.119813
vt 0.527858 0.121522
vt 0.527004 0.151217
vt 0.527004 0.152925
vt 0.527289 0.152925
vt 0.527289 0.151217
vt 0.527574 0.152925
vt 0.527574 0.151217
vt 0.527858 0.152925
vt 0.527858 0.151217
vt 0.528143 0.152925
vt 0.528143 0.151217
vt 0.527004 0.119813
vt 0.527730 0.121522
vt 0.527574 0.121522
vt 0.528272 0.121522
vt 0.527004 0.125702
vt 0.527004 0.127410
vt 0.527289 0.127410
vt 0.527289 0.125702
vt 0.527858 0.127410
vt 0.527858 0.125702
vt 0.527004 0.153179
vt 0.527289 0.153179
vt 0.527289 0.154888
vt 0.527004 0.154888
vt 0.527574 0.153179
vt 0.527574 0.154888
vt 0.527858 0.153179
vt 0.527858 0.154888
vt 0.528143 0.153179
vt 0.528143 0.154888
vt 0.527004 0.125702
vt 0.527574 0.127410
vt 0.527730 0.127410
vt 0.528272 0.127410
vt 0.527004 0.131590
vt 0.527004 0.133298
vt 0.527289 0.133298
vt 0.527289 0.131590
vt 0.527858 0.133298
vt 0.527858 0.131590
vt 0.527004 0.155142
vt 0.527289 0.155142
vt 0.527289 0.156851
vt 0.527004 0.156851
vt 0.527574 0.155142
vt 0.527574 0.156851
vt 0.527858 0.155142
vt 0.527858 0.156851
vt 0.528143 0.155142
vt 0.528143 0.156851
vt 0.527004 0.131590
vt 0.527574 0.133298
vt 0.527730 0.133298
vt 0.528272 0.133298
vn 0.0088 -0.4062 -0.9138
vn 0.0277 -0.2923 -0.9559
vn 0.0339 -0.2019 -0.9788
vn -0.0028 -0.0580 -0.9983
vn -0.0846 -0.9934 0.0773
vn -0.0854 -0.9932 0.0790
vn -0.0832 -0.9770 0.1966
vn -0.0857 -0.9803 0.1782
vn 0.0058 0.2868 -0.9580
vn 0.0063 0.2842 -0.9587
vn -0.0841 -0.9559 0.2813
vn -0.0728 -0.9164 0.3936
vn 0.0220 0.9977 0.0637
vn 0.0222 0.9979 0.0613
vn -0.1498 -0.5682 0.8092
vn -0.1539 -0.6753 0.7213
vn -0.2956 0.9540 0.0508
vn -0.2790 0.9587 -0.0560
vn -0.4914 0.8682 -0.0695
vn -0.5209 0.8529 -0.0337
vn -0.8536 0.4992 -0.1488
vn -0.6951 0.7094 -0.1166
vn -0.7984 0.6011 -0.0344
vn -0.7897 0.6132 -0.0210
vn -0.9332 -0.0473 -0.3562
vn -0.8987 0.2410 -0.3663
vn -0.5852 0.7889 0.1876
vn -0.6293 0.7446 0.2225
vn -0.4615 -0.8697 0.1753
vn -0.6744 -0.6820 0.2829
vn -0.0879 -0.9924 0.0857
vn -0.0863 -0.9913 0.0996
vn -0.4117 -0.8134 0.4109
vn -0.5145 -0.7362 0.4397
vn 0.3435 -0.8247 -0.4494
vn 0.4401 -0.7142 -0.5443
vn 0.7811 -0.6241 0.0196
vn 0.4788 -0.8779 0.0039
vn 0.4460 -0.8866 0.1227
vn 0.7811 -0.6241 0.0197
vn -0.4455 0.7930 0.4155
vn -0.4147 0.8516 0.3206
vn 0.0065 0.3223 -0.9466
vn 0.0200 0.4079 -0.9128
vn -0.8037 -0.5454 0.2379
vn -0.6689 -0.7159 0.2000
vn -0.8285 -0.4946 0.2626
vn -0.6065 -0.7514 0.2600
vn 0.2450 -0.9608 0.1301
vn 0.5108 -0.8275 0.2329
vn 0.2041 -0.9763 0.0718
vn 0.2106 -0.9750 0.0708
vn -0.0767 -0.9926 -0.0946
vn -0.0738 -0.9878 -0.1371
vn -0.0592 -0.8622 -0.5031
vn -0.0541 -0.9433 -0.3275
vn -0.0499 -0.9988 0.0000
vn -0.0436 -0.9991 0.0000
vn 0.0199 0.9998 -0.0000
vn -0.7808 0.4673 -0.4146
vn -0.8865 0.3180 -0.3361
vn -0.9074 0.2311 -0.3510
vn -0.8403 0.4425 -0.3132
vn -0.8664 0.4379 -0.2398
vn -0.7912 0.5997 -0.1196
vn -0.7749 0.6203 -0.1219
vn -0.7663 0.6305 -0.1240
vn -0.3078 -0.9432 -0.1254
vn -0.5874 0.8048 -0.0854
vn -0.6546 0.7048 -0.2734
vn 0.2572 -0.9663 0.0118
vn 0.9987 -0.0081 -0.0494
vn 0.9926 0.0985 -0.0709
vn 0.9881 0.0499 -0.1457
vn 0.8147 0.0637 -0.5763
vn 0.8290 0.1683 -0.5334
vn 0.7748 0.0771 -0.6275
vn 0.7998 0.0998 -0.5920
vn 0.8165 -0.0386 -0.5760
vn 0.8132 -0.0302 -0.5813
vn 0.8396 0.0734 -0.5382
vn 0.8288 -0.0024 -0.5595
vn 0.8361 0.0969 -0.5399
vn 0.8294 0.0596 -0.5555
vn 0.9935 0.0731 -0.0874
vn 0.9855 0.0985 -0.1381
vn 0.9844 0.1079 -0.1390
vn 0.0277 -0.2923 0.9559
vn 0.0088 -0.4062 0.9138
vn -0.0028 -0.0580 0.9983
vn 0.0339 -0.2019 0.9788
vn -0.0854 -0.9932 -0.0790
vn -0.0846 -0.9934 -0.0773
vn -0.0857 -0.9803 -0.1782
vn -0.0832 -0.9770 -0.1966
vn 0.0063 0.2842 0.9587
vn 0.0058 0.2868 0.9580
vn -0.0728 -0.9164 -0.3936
vn -0.0841 -0.9559 -0.2813
vn 0.0222 0.9979 -0.0613
vn 0.0220 0.9977 -0.0637
vn -0.1539 -0.6753 -0.7213
vn -0.1498 -0.5682 -0.8092
vn -0.2790 0.9587 0.0560
vn -0.2956 0.9540 -0.0508
vn -0.5209 0.8529 0.0337
vn -0.4914 0.8681 0.0695
vn -0.7897 0.6132 0.0210
vn -0.8536 0.4992 0.1488
vn -0.6951 0.7094 0.1166
vn -0.7984 0.6011 0.0344
vn -0.8987 0.2410 0.3663
vn -0.9332 -0.0473 0.3562
vn -0.6293 0.7446 -0.2225
vn -0.5852 0.7889 -0.1876
vn -0.6744 -0.6820 -0.2829
vn -0.4615 -0.8697 -0.1753
vn -0.0863 -0.9913 -0.0996
vn -0.0879 -0.9924 -0.0857
vn -0.5145 -0.7362 -0.4397
vn -0.4117 -0.8134 -0.4109
vn 0.4401 -0.7142 0.5443
vn 0.3435 -0.8247 0.4494
vn 0.4788 -0.8779 -0.0039
vn 0.7811 -0.6241 -0.0196
vn 0.7811 -0.6241 -0.0197
vn 0.4460 -0.8866 -0.1227
vn -0.4147 0.8516 -0.3206
vn -0.4455 0.7930 -0.4156
vn 0.0200 0.4079 0.9128
vn 0.0065 0.3223 0.9466
vn -0.6689 -0.7159 -0.2000
vn -0.8037 -0.5454 -0.2379
vn -0.6065 -0.7514 -0.2600
vn -0.8285 -0.4946 -0.2626
vn 0.5108 -0.8275 -0.2329
vn 0.2450 -0.9608 -0.1301
vn 0.2106 -0.9750 -0.0708
vn 0.2041 -0.9763 -0.0719
vn -0.0738 -0.9878 0.1371
vn -0.0767 -0.9926 0.0946
vn -0.0541 -0.9433 0.3275
vn -0.0592 -0.8622 0.5031
vn -0.7697 0.4847 0.4154
vn -0.8403 0.4425 0.3132
vn -0.9073 0.2316 0.3509
vn -0.7912 0.5997 0.1196
vn -0.8664 0.4380 0.2398
vn -0.7749 0.6203 0.1219
vn -0.7662 0.6305 0.1240
vn -0.5874 0.8048 0.0854
vn -0.3078 -0.9432 0.1253
vn 0.2572 -0.9663 -0.0118
vn -0.6546 0.7048 0.2734
vn 0.9926 0.0985 0.0709
vn 0.9987 -0.0081 0.0494
vn 0.9881 0.0499 0.1457
vn 0.8290 0.1683 0.5334
vn 0.8147 0.0637 0.5763
vn 0.7998 0.0998 0.5920
vn 0.7748 0.0771 0.6275
vn 0.8132 -0.0302 0.5813
vn 0.8165 -0.0386 0.5760
vn 0.8288 -0.0024 0.5595
vn 0.8396 0.0734 0.5382
vn 0.8294 0.0596 0.5555
vn 0.8361 0.0969 0.5399
vn 0.9886 0.0537 0.1405
vn 0.9844 0.1079 0.1390
vn 0.9855 0.0985 0.1381
vn -0.2305 0.9587 0.1669
vn -0.8191 0.0066 0.5736
vn 0.0291 0.7024 0.7112
vn -0.6859 0.6916 -0.2263
vn 0.1670 -0.0014 0.9859
vn -0.9537 0.0077 0.3007
vn 0.9942 -0.0081 -0.1075
vn -0.2305 0.9586 -0.1669
vn -0.2305 0.9587 -0.1669
vn -0.8191 0.0066 -0.5736
vn 0.0291 0.7024 -0.7112
vn -0.6859 0.6916 0.2263
vn 0.1670 -0.0014 -0.9859
vn -0.9537 0.0077 -0.3007
vn 0.9942 -0.0081 0.1075
vn 0.0940 0.7469 0.6582
vn 0.0885 0.7465 0.6595
vn 0.0885 0.7465 -0.6595
vn 0.0940 0.7469 -0.6583
vn -0.7792 0.6148 0.1218
vn -0.7746 0.6201 0.1246
vn -0.7792 0.6148 -0.1218
vn -0.7746 0.6201 -0.1246
vn -0.8865 0.3180 0.3361
vn -0.7808 0.4673 0.4146
vn -0.7697 0.4847 -0.4154
vn 0.9775 0.0916 0.1902
vn 0.9935 0.0731 0.0874
vn 0.9775 0.0916 -0.1903
vn 0.9886 0.0537 -0.1405
vn -0.0753 0.9285 -0.3636
vn -0.1681 0.8541 -0.4922
vn -0.1842 0.9661 -0.1807
vn -0.0904 0.9817 -0.1676
vn -0.0110 0.7270 -0.6866
vn -0.0450 0.7663 -0.6409
vn -0.0451 0.8475 -0.5289
vn -0.0380 0.6829 -0.7296
vn 0.1279 0.9491 -0.2879
vn 0.1602 0.9761 -0.1472
vn 0.2010 0.9706 -0.1328
vn 0.1731 0.9444 -0.2794
vn -0.0403 0.7326 -0.6794
vn -0.0318 0.7449 -0.6665
vn -0.0442 0.5467 -0.8362
vn -0.0370 0.5603 -0.8275
vn -0.0468 0.9977 -0.0488
vn -0.0367 0.9993 -0.0098
vn -0.0100 0.9999 -0.0050
vn -0.0192 0.9983 -0.0550
vn -0.0018 0.7586 -0.6516
vn -0.0202 0.9686 -0.2478
vn -0.0295 0.8814 -0.4715
vn -0.0032 0.7469 -0.6649
vn 0.0550 0.9314 -0.3599
vn 0.0507 0.9869 -0.1533
vn -0.0377 0.5851 -0.8101
vn -0.0575 0.7677 -0.6383
vn -0.4696 0.6116 -0.6367
vn -0.6681 0.5601 -0.4899
vn -0.5113 0.7883 -0.3422
vn -0.6953 0.6990 -0.1674
vn -0.6175 0.7830 -0.0750
vn -0.4219 0.9051 -0.0534
vn -0.4882 0.8677 -0.0937
vn -0.0874 0.9954 -0.0383
vn -0.0883 0.9960 -0.0170
vn 0.0153 0.8084 -0.5884
vn -0.0579 0.9862 -0.1553
vn -0.0212 0.9752 -0.2201
vn 0.0206 0.7685 -0.6395
vn -0.2678 0.9626 -0.0417
vn -0.2936 0.9180 -0.2666
vn -0.2504 0.9681 -0.0107
vn -0.3369 0.7180 -0.6090
vn -0.0186 0.1690 -0.9854
vn -0.0061 0.1943 -0.9809
vn -0.4702 0.2788 -0.8374
vn -0.7360 0.2321 -0.6360
vn -0.0007 0.3086 -0.9512
vn -0.0070 0.2950 -0.9555
vn 0.0344 0.2565 -0.9659
vn 0.0267 0.2965 -0.9546
vn -0.0181 0.2710 -0.9624
vn -0.2059 0.8162 -0.5399
vn -0.2266 0.5231 -0.8216
vn -0.2566 0.2464 -0.9346
vn 0.0867 0.9827 -0.1636
vn 0.1062 0.9887 -0.1058
vn 0.0467 0.9975 -0.0524
vn 0.0623 0.9855 -0.1577
vn 0.1188 0.6002 -0.7910
vn 0.0871 0.9001 -0.4269
vn 0.0692 0.8946 -0.4414
vn 0.0874 0.5977 -0.7969
vn 0.0977 0.6205 -0.7781
vn 0.1204 0.3063 -0.9443
vn 0.0948 0.1938 -0.9765
vn 0.1210 0.3111 -0.9426
vn 0.0835 0.3878 -0.9180
vn 0.1008 0.6160 -0.7813
vn -0.0093 0.5604 -0.8282
vn 0.0771 0.7946 -0.6022
vn 0.1261 0.8621 -0.4908
vn 0.0573 0.6014 -0.7969
vn 0.0824 0.9025 -0.4228
vn 0.0149 0.3332 -0.9427
vn -0.0347 0.2295 -0.9727
vn -0.1409 0.9899 -0.0174
vn -0.1446 0.9894 -0.0107
vn -0.1216 0.9925 -0.0134
vn -0.1189 0.9928 -0.0144
vn -0.1901 0.9698 -0.1530
vn -0.1156 0.9837 -0.1375
vn -0.1086 0.8586 -0.5011
vn 0.0965 0.4066 -0.9085
vn 0.0332 0.6471 -0.7617
vn -0.0560 0.8590 -0.5089
vn -0.1041 0.9943 -0.0232
vn -0.1128 0.9935 -0.0151
vn -0.0809 0.9857 -0.1480
vn -0.1520 0.7182 -0.6791
vn -0.0014 0.0122 -0.9999
vn 0.1279 0.1266 -0.9837
vn 0.0660 0.0035 -0.9978
vn -0.4071 0.0470 -0.9122
vn -0.7851 -0.0144 -0.6192
vn -0.9735 0.2285 0.0075
vn -0.9945 0.0238 -0.1021
vn -0.9577 -0.2551 -0.1334
vn -1.0000 0.0014 0.0000
vn 0.3800 -0.0693 -0.9224
vn 0.3792 0.0906 -0.9209
vn 0.5727 -0.0785 -0.8160
vn 0.1385 0.6317 -0.7628
vn 0.0903 0.8934 -0.4401
vn 0.1149 0.8835 -0.4541
vn 0.0872 0.9746 -0.2063
vn 0.0717 0.9826 -0.1712
vn 0.0486 0.9973 -0.0550
vn 0.0454 0.9968 -0.0664
vn 0.0616 0.9978 -0.0246
vn 0.0453 0.9988 -0.0182
vn -0.7696 0.6125 -0.1802
vn -0.7230 0.6855 -0.0853
vn 0.0201 0.6532 -0.7570
vn 0.2385 0.7445 -0.6235
vn -0.1275 0.6022 -0.7881
vn -0.1255 0.6003 -0.7899
vn 0.2307 0.9162 -0.3276
vn 0.1315 0.9832 -0.1264
vn 0.9310 -0.0035 -0.3649
vn 0.7993 -0.0596 -0.5979
vn 0.7998 -0.0464 -0.5985
vn 0.9419 -0.0148 -0.3356
vn -0.9086 -0.2707 -0.3181
vn -0.8829 -0.3043 -0.3576
vn 0.0097 0.5830 -0.8124
vn 0.0677 0.6079 -0.7911
vn 0.0884 0.6204 -0.7793
vn -0.0590 0.8239 -0.5637
vn -0.1494 0.7273 -0.6699
vn 0.2045 0.9781 -0.0394
vn 0.0356 0.9994 -0.0000
vn 0.2277 0.9737 -0.0000
vn 0.1748 0.9612 -0.2132
vn 0.3022 0.8048 -0.5108
vn 0.2308 -0.0263 -0.9726
vn 0.2351 0.1332 -0.9628
vn 0.9025 -0.4110 -0.1288
vn 0.8859 -0.4446 -0.1319
vn -0.1776 0.9841 0.0000
vn -0.0716 0.9974 -0.0000
vn -0.0834 0.9936 -0.0765
vn -0.1829 0.9782 -0.0987
vn -0.0209 0.9998 -0.0000
vn 0.0037 1.0000 -0.0000
vn 0.0543 0.9964 -0.0656
vn 0.0521 0.9986 -0.0000
vn 0.1524 0.9883 -0.0000
vn 0.1673 0.9836 -0.0679
vn -0.5907 0.8069 0.0000
vn -0.4164 0.9092 0.0000
vn -0.0856 0.9963 -0.0000
vn -0.2361 0.9717 -0.0000
vn -0.1497 0.9887 -0.0000
vn -0.1239 0.9923 -0.0000
vn -0.1160 0.9933 -0.0000
vn -0.7626 0.6469 0.0000
vn 0.0463 0.8019 -0.5957
vn 0.0975 0.7780 -0.6206
vn 0.0235 0.5782 -0.8155
vn 0.0628 0.9980 -0.0000
vn 0.2337 0.9682 -0.0897
vn -0.1662 -0.0251 -0.9858
vn -0.8833 0.4688 0.0076
vn -0.7871 0.6125 -0.0733
vn 0.8210 0.5709 0.0000
vn 0.8284 0.5573 -0.0569
vn 0.9948 0.0881 -0.0513
vn 0.9905 0.1376 0.0000
vn 0.8379 0.5111 -0.1916
vn 0.9559 0.1769 -0.2346
vn 0.8120 0.4007 -0.4243
vn 0.8547 0.2688 -0.4440
vn 0.6517 -0.1104 -0.7504
vn 0.6840 0.3662 -0.6309
vn 0.6898 0.3444 -0.6368
vn 0.4252 0.1998 -0.8828
vn 0.4329 0.2464 -0.8671
vn -0.9577 -0.2482 -0.1457
vn 0.1990 0.2873 -0.9369
vn 0.2447 0.7046 -0.6661
vn 0.3723 0.4455 -0.8142
vn 0.1450 0.8709 -0.4695
vn -0.0140 0.2117 -0.9772
vn 0.0040 0.6329 -0.7742
vn 0.1538 0.6376 -0.7548
vn 0.2584 0.7058 -0.6596
vn 0.2093 0.9778 0.0000
vn 0.2240 0.9724 -0.0656
vn 0.1577 0.7587 -0.6321
vn 0.3335 0.7596 -0.5583
vn 0.0128 -0.0172 -0.9998
vn 0.0133 -0.0182 -0.9997
vn 0.0134 -0.0177 -0.9998
vn 0.0135 -0.0172 -0.9998
vn 0.6199 0.2500 -0.7438
vn 0.9866 0.0985 -0.1303
vn 0.6707 0.7185 -0.1840
vn 0.7538 0.6524 -0.0781
vn -0.0753 0.9285 0.3636
vn -0.0904 0.9817 0.1676
vn -0.1842 0.9661 0.1807
vn -0.1681 0.8541 0.4922
vn -0.0110 0.7270 0.6866
vn -0.0380 0.6829 0.7296
vn -0.0451 0.8475 0.5289
vn -0.0450 0.7663 0.6409
vn 0.1279 0.9491 0.2879
vn 0.1731 0.9444 0.2794
vn 0.2010 0.9706 0.1328
vn 0.1602 0.9761 0.1472
vn -0.0403 0.7326 0.6795
vn -0.0370 0.5603 0.8275
vn -0.0442 0.5467 0.8362
vn -0.0318 0.7449 0.6665
vn -0.0468 0.9977 0.0488
vn -0.0192 0.9983 0.0550
vn -0.0100 0.9999 0.0050
vn -0.0367 0.9993 0.0098
vn -0.0018 0.7586 0.6516
vn -0.0032 0.7469 0.6649
vn -0.0295 0.8814 0.4715
vn -0.0202 0.9686 0.2478
vn 0.0550 0.9314 0.3599
vn 0.0507 0.9869 0.1533
vn -0.0377 0.5851 0.8101
vn -0.0575 0.7677 0.6383
vn -0.4696 0.6116 0.6367
vn -0.5113 0.7883 0.3422
vn -0.6681 0.5601 0.4899
vn -0.6953 0.6990 0.1674
vn -0.4882 0.8677 0.0937
vn -0.4219 0.9051 0.0534
vn -0.6175 0.7830 0.0750
vn -0.0874 0.9954 0.0383
vn -0.0883 0.9960 0.0170
vn 0.0153 0.8084 0.5884
vn 0.0206 0.7685 0.6395
vn -0.0212 0.9752 0.2201
vn -0.0579 0.9862 0.1553
vn -0.2936 0.9180 0.2666
vn -0.2678 0.9626 0.0417
vn -0.2504 0.9681 0.0107
vn -0.3369 0.7180 0.6090
vn -0.0061 0.1943 0.9809
vn -0.0186 0.1690 0.9854
vn -0.7360 0.2321 0.6360
vn -0.4702 0.2788 0.8374
vn -0.0070 0.2950 0.9555
vn -0.0007 0.3086 0.9512
vn 0.0267 0.2965 0.9546
vn 0.0344 0.2565 0.9659
vn -0.0181 0.2710 0.9624
vn -0.2566 0.2464 0.9346
vn -0.2266 0.5231 0.8216
vn -0.2059 0.8162 0.5399
vn 0.0867 0.9827 0.1636
vn 0.0623 0.9855 0.1577
vn 0.0467 0.9975 0.0524
vn 0.1062 0.9887 0.1058
vn 0.1188 0.6002 0.7910
vn 0.0874 0.5977 0.7969
vn 0.0692 0.8946 0.4414
vn 0.0871 0.9001 0.4269
vn 0.0977 0.6205 0.7781
vn 0.0948 0.1938 0.9765
vn 0.1204 0.3063 0.9443
vn 0.1008 0.6160 0.7813
vn 0.0835 0.3878 0.9180
vn 0.1210 0.3111 0.9426
vn -0.0093 0.5604 0.8282
vn 0.0573 0.6014 0.7969
vn 0.1261 0.8621 0.4908
vn 0.0771 0.7946 0.6022
vn 0.0824 0.9025 0.4228
vn -0.0347 0.2295 0.9727
vn 0.0149 0.3332 0.9427
vn -0.1409 0.9899 0.0174
vn -0.1189 0.9928 0.0144
vn -0.1216 0.9925 0.0134
vn -0.1446 0.9894 0.0107
vn -0.1086 0.8586 0.5011
vn -0.1156 0.9837 0.1375
vn -0.1901 0.9698 0.1530
vn -0.0560 0.8590 0.5089
vn 0.0332 0.6471 0.7617
vn 0.0965 0.4066 0.9085
vn -0.1041 0.9943 0.0232
vn -0.1128 0.9935 0.0151
vn -0.0809 0.9857 0.1480
vn -0.1520 0.7182 0.6791
vn -0.0014 0.0122 0.9999
vn 0.0660 0.0035 0.9978
vn 0.1279 0.1266 0.9837
vn -0.7851 -0.0144 0.6192
vn -0.4071 0.0470 0.9122
vn -0.9577 -0.2551 0.1334
vn -0.9954 0.0308 0.0903
vn 0.3800 -0.0693 0.9224
vn 0.5727 -0.0785 0.8160
vn 0.3792 0.0906 0.9208
vn 0.1385 0.6317 0.7628
vn 0.1149 0.8835 0.4541
vn 0.0903 0.8934 0.4401
vn 0.0872 0.9746 0.2063
vn 0.0454 0.9968 0.0664
vn 0.0486 0.9973 0.0550
vn 0.0717 0.9826 0.1712
vn 0.0453 0.9988 0.0182
vn 0.0616 0.9978 0.0246
vn -0.7696 0.6125 0.1802
vn -0.7230 0.6855 0.0853
vn 0.2385 0.7445 0.6235
vn 0.0201 0.6532 0.7570
vn -0.1255 0.6003 0.7899
vn -0.1275 0.6022 0.7881
vn 0.2307 0.9162 0.3276
vn 0.1315 0.9832 0.1264
vn 0.9311 -0.0035 0.3649
vn 0.9419 -0.0148 0.3356
vn 0.7998 -0.0464 0.5985
vn 0.7993 -0.0596 0.5979
vn -0.8829 -0.3043 0.3576
vn -0.9086 -0.2707 0.3181
vn 0.0097 0.5830 0.8124
vn 0.0884 0.6204 0.7793
vn 0.0677 0.6079 0.7911
vn -0.1494 0.7273 0.6699
vn -0.0590 0.8239 0.5637
vn 0.2045 0.9781 0.0394
vn 0.1748 0.9612 0.2132
vn 0.3022 0.8048 0.5108
vn 0.2308 -0.0263 0.9726
vn 0.2351 0.1332 0.9628
vn 0.9025 -0.4110 0.1288
vn 0.8859 -0.4446 0.1319
vn -0.1829 0.9782 0.0987
vn -0.0834 0.9936 0.0765
vn 0.0543 0.9964 0.0656
vn 0.1673 0.9836 0.0679
vn 0.0463 0.8019 0.5957
vn 0.0975 0.7780 0.6206
vn 0.0235 0.5782 0.8155
vn 0.2337 0.9682 0.0898
vn -0.1662 -0.0251 0.9858
vn -0.7952 0.6037 0.0573
vn 0.9948 0.0881 0.0513
vn 0.8284 0.5573 0.0569
vn 0.9559 0.1769 0.2346
vn 0.8379 0.5111 0.1916
vn 0.8120 0.4007 0.4243
vn 0.8547 0.2688 0.4440
vn 0.6517 -0.1104 0.7504
vn 0.6840 0.3662 0.6310
vn 0.6898 0.3444 0.6368
vn 0.4329 0.2464 0.8671
vn 0.4252 0.1998 0.8828
vn -0.9577 -0.2482 0.1457
vn 0.1990 0.2873 0.9369
vn 0.3723 0.4455 0.8142
vn 0.2447 0.7046 0.6661
vn 0.1450 0.8709 0.4695
vn -0.0140 0.2117 0.9772
vn 0.0040 0.6329 0.7742
vn 0.1538 0.6376 0.7548
vn 0.2584 0.7058 0.6596
vn 0.2240 0.9724 0.0656
vn 0.1577 0.7587 0.6321
vn 0.3335 0.7596 0.5583
vn 0.0128 -0.0172 0.9998
vn 0.0135 -0.0172 0.9998
vn 0.0134 -0.0177 0.9998
vn 0.0133 -0.0182 0.9997
vn 0.6199 0.2500 0.7438
vn 0.9866 0.0985 0.1303
vn 0.7538 0.6524 0.0781
vn 0.6707 0.7185 0.1840
vn 0.9883 -0.1525 -0.0077
vn 0.9915 -0.1300 0.0000
vn 0.4897 -0.0642 0.6352
vn -0.1079 0.0140 0.9941
vn 0.9959 -0.0902 0.0000
vn 0.9898 -0.1420 -0.0080
vn 0.1616 0.7368 0.6566
vn 0.1615 0.7366 0.6567
vn 0.1624 0.7379 0.6551
vn 0.1625 0.7381 0.6549
vn -0.9925 0.1226 -0.0000
vn 0.9898 -0.1420 0.0080
vn -0.2134 0.0278 -0.9685
vn 0.9883 -0.1525 0.0085
vn -0.5932 0.0777 0.8013
vn 0.1616 0.7368 -0.6566
vn 0.1625 0.7381 -0.6549
vn 0.1624 0.7379 -0.6551
vn 0.1615 0.7366 -0.6567
vn -0.9508 0.3098 0.0000
vn -0.9861 0.1647 0.0226
vn -0.9695 0.1291 -0.2085
vn -0.9822 0.1881 0.0001
vn -0.9821 0.1884 0.0000
vn -0.9716 0.1622 0.1723
vn -0.9898 0.1318 -0.0535
vn -0.9695 0.1291 0.2085
vn -0.9861 0.1647 -0.0226
vn -0.9821 0.1885 -0.0000
vn -0.9822 0.1881 -0.0001
vn -0.9898 0.1318 0.0535
vn -0.9716 0.1622 -0.1723
vn 0.6285 -0.0000 -0.7778
vn 0.7778 -0.0081 0.6285
vn 0.5544 0.7013 0.4480
vn 0.0063 1.0000 0.0051
vn -0.5455 0.7128 -0.4408
vn -0.7778 0.0081 -0.6285
vn -0.5544 -0.7013 -0.4480
vn -0.0063 -1.0000 -0.0051
vn 0.5455 -0.7128 0.4408
vn -0.0000 -0.0000 -1.0000
vn 1.0000 -0.0081 -0.0000
vn 0.7128 0.7013 -0.0000
vn 0.0081 1.0000 -0.0000
vn -0.7013 0.7128 0.0000
vn -1.0000 0.0081 0.0000
vn -0.7128 -0.7013 0.0000
vn -0.0081 -1.0000 0.0000
vn 0.7013 -0.7128 -0.0000
vn -0.6285 0.0000 0.7778
vn 0.0000 0.0000 1.0000
vn 0.8762 -0.3493 -0.3321
vn 0.7333 -0.1008 -0.6723
vn 0.6112 0.3240 -0.7221
vn 0.5813 0.6764 -0.4523
vn 0.6612 0.7499 -0.0209
vn 0.8040 0.5015 0.3194
vn 0.9262 0.0766 0.3692
vn 0.9561 -0.2758 0.0993
vn 0.9561 -0.2757 0.0993
vn 0.6597 -0.2573 -0.7061
vn 0.4044 0.0421 -0.9136
vn 0.2896 0.4650 -0.8366
vn 0.3826 0.7635 -0.5202
vn 0.6289 0.7629 -0.1497
vn 0.8842 0.4635 0.0578
vn 0.9990 0.0406 -0.0192
vn 0.9990 0.0407 -0.0192
vn 0.9060 -0.2579 -0.3356
vn 0.8762 -0.3493 0.3321
vn 0.7333 -0.1008 0.6723
vn 0.6112 0.3240 0.7221
vn 0.5813 0.6764 0.4523
vn 0.6612 0.7499 0.0209
vn 0.8041 0.5015 -0.3194
vn 0.8040 0.5015 -0.3194
vn 0.9262 0.0767 -0.3692
vn 0.9262 0.0766 -0.3692
vn 0.9561 -0.2757 -0.0993
vn 0.9561 -0.2758 -0.0993
vn 0.6597 -0.2573 0.7061
vn 0.4044 0.0421 0.9136
vn 0.2896 0.4650 0.8366
vn 0.3826 0.7635 0.5202
vn 0.6289 0.7629 0.1497
vn 0.8842 0.4635 -0.0578
vn 0.9990 0.0406 0.0192
vn 0.9060 -0.2579 0.3357
vn 0.8025 0.0070 -0.5965
vn 0.8299 0.0932 -0.5501
vn 0.8288 0.0881 -0.5526
vn 0.7929 -0.0278 -0.6087
vn 0.9357 0.0621 -0.3474
vn 0.9211 0.0472 -0.3865
vn 0.0511 -0.9605 -0.2737
vn 0.0667 0.9595 -0.2737
vn 0.2105 -0.0017 -0.9776
vn 0.9528 -0.0077 -0.3036
vn -0.7434 0.0060 -0.6689
vn 0.8025 0.0071 0.5965
vn 0.7929 -0.0278 0.6087
vn 0.8288 0.0881 0.5526
vn 0.8299 0.0932 0.5501
vn 0.9211 0.0472 0.3865
vn 0.9357 0.0621 0.3474
vn 0.0511 -0.9605 0.2737
vn 0.0667 0.9595 0.2737
vn 0.2105 -0.0017 0.9776
vn 0.9528 -0.0077 0.3036
vn -0.7434 0.0060 0.6689
vn 0.9446 0.2462 -0.2169
vn 0.9447 0.2462 -0.2168
vn 0.9447 0.2462 -0.2169
vn 0.7918 0.3107 -0.5259
vn 0.9446 0.2462 0.2169
vn 0.9446 0.2462 0.2168
vn 0.9447 0.2462 0.2169
vn 0.7918 0.3107 0.5259
vn -0.0033 -0.9600 -0.2799
vn 0.0123 0.9599 -0.2799
vn 0.0162 -0.0001 -0.9999
vn 0.8754 -0.0071 -0.4833
vn -0.8593 0.0070 -0.5113
vn -0.0033 -0.9600 0.2799
vn 0.0123 0.9599 0.2799
vn 0.0162 -0.0001 0.9999
vn 0.8754 -0.0071 0.4833
vn -0.8593 0.0070 0.5113
vn 0.8191 -0.0066 -0.5736
vn 0.8191 -0.0066 0.5736
vn -0.4229 0.8400 -0.3400
vn -0.4070 0.8714 -0.2739
vn -0.4238 0.8819 -0.2067
vn -0.4179 0.8788 -0.2305
vn -0.3650 0.8293 -0.4231
vn 0.2420 0.7127 -0.6584
vn 0.2768 0.6571 -0.7011
vn 0.3369 0.6676 -0.6639
vn 0.3895 0.8039 -0.4496
vn 0.3917 0.9009 -0.1871
vn 0.2950 0.8168 -0.4958
vn 0.3852 0.7045 -0.5960
vn -0.0117 0.5249 -0.8511
vn -0.0291 0.5025 -0.8641
vn -0.0111 0.4768 -0.8790
vn -0.0317 0.5206 -0.8532
vn -0.0194 0.5654 -0.8246
vn -0.0415 0.5299 -0.8471
vn 0.0031 0.5485 -0.8361
vn 0.0109 0.5721 -0.8201
vn -0.4024 0.8471 0.3472
vn -0.4179 0.8788 0.2305
vn -0.4258 0.8813 0.2048
vn -0.3964 0.8878 0.2338
vn -0.4413 0.8930 0.0887
vn -0.4331 0.8956 0.1012
vn -0.4440 0.8960 -0.0007
vn -0.4181 0.8630 0.2836
vn -0.4353 0.8916 0.1246
vn -0.3685 0.8164 0.4446
vn 0.3712 0.9272 0.0498
vn 0.3912 0.9145 0.1029
vn 0.3458 0.8923 0.2901
vn 0.3693 0.9217 0.1188
vn 0.3688 0.9295 -0.0000
vn 0.3670 0.9302 -0.0000
vn 0.3369 0.6676 0.6639
vn 0.2768 0.6571 0.7011
vn 0.2420 0.7127 0.6584
vn 0.3895 0.8039 0.4496
vn 0.3917 0.9009 0.1871
vn 0.2950 0.8168 0.4958
vn 0.3852 0.7045 0.5960
vn -0.0117 0.5249 0.8511
vn -0.0317 0.5206 0.8532
vn -0.0111 0.4768 0.8790
vn -0.0291 0.5025 0.8641
vn -0.4405 0.8977 -0.0038
vn -0.0194 0.5654 0.8246
vn 0.0109 0.5721 0.8201
vn 0.0031 0.5485 0.8361
vn -0.0415 0.5299 0.8471
vn -0.4398 0.8938 -0.0879
vn -0.4350 0.8922 -0.1216
vn 0.3693 0.9217 -0.1188
vn 0.3912 0.9145 -0.1029
vn -0.4317 0.8952 -0.1107
vn 0.3712 0.9272 -0.0498
vn -0.4440 0.8960 -0.0010
vn -0.4116 0.8658 -0.2846
vn 0.3458 0.8923 -0.2901
vn -0.8232 0.3488 -0.4480
vn -0.3354 0.8287 -0.4480
vn 0.3488 0.8232 -0.4480
vn 0.8287 0.3354 -0.4480
vn 0.8232 -0.3488 -0.4480
vn 0.3354 -0.8287 -0.4480
vn -0.3488 -0.8232 -0.4480
vn -0.8287 -0.3354 -0.4480
vn -0.9207 0.3902 0.0000
vn -0.3752 0.9270 0.0000
vn 0.3902 0.9207 0.0000
vn 0.9270 0.3752 0.0000
vn 0.9207 -0.3902 0.0000
vn 0.3752 -0.9270 0.0000
vn -0.3902 -0.9207 0.0000
vn -0.9270 -0.3752 0.0000
vn -0.8232 0.3488 0.4480
vn -0.3354 0.8287 0.4480
vn 0.3488 0.8232 0.4480
vn 0.8287 0.3354 0.4480
vn 0.8232 -0.3488 0.4480
vn 0.3354 -0.8287 0.4480
vn -0.3488 -0.8232 0.4480
vn -0.8287 -0.3354 0.4480
vn 0.0031 0.3827 -0.9239
vn 0.0075 0.9238 -0.3827
vn 0.0075 0.9238 0.3827
vn 0.0031 0.3827 0.9239
vn -0.0031 -0.3827 0.9239
vn -0.0075 -0.9238 0.3827
vn -0.0075 -0.9238 -0.3827
vn -0.0031 -0.3827 -0.9239
vn 0.0075 0.9239 0.3827
vn -0.0159 -0.7070 -0.7071
vn 0.6989 -0.7152 0.0000
vn -0.0054 -0.7071 0.7071
vn -0.0006 -0.7071 0.7071
vn 0.0078 -0.7071 0.7070
vn 0.0136 -0.7071 0.7069
vn -0.7077 -0.7065 -0.0000
vn 0.0131 -0.7071 -0.7070
vn 0.0143 -0.7071 -0.7069
vn -0.0047 -0.7071 -0.7071
vn -0.0149 -0.7070 -0.7071
vn -0.0159 -0.7070 0.7071
vn -0.0149 -0.7070 0.7071
vn -0.0047 -0.7071 0.7071
vn 0.0143 -0.7071 0.7069
vn 0.0131 -0.7071 0.7070
vn 0.0136 -0.7071 -0.7069
vn 0.0078 -0.7071 -0.7070
vn -0.0006 -0.7071 -0.7071
vn -0.0054 -0.7071 -0.7071
vn -0.7176 -0.6964 -0.0005
vn -0.0159 -0.7069 -0.7071
vn 0.6964 -0.7176 -0.0000
vn 0.7121 -0.7021 -0.0001
vn 0.0078 -0.7071 0.7071
vn 0.0136 -0.7070 0.7070
vn 0.0136 -0.7070 0.7071
vn -0.7024 -0.7118 -0.0000
vn 0.0131 -0.7070 -0.7071
vn 0.0143 -0.7070 -0.7070
vn -0.7176 -0.6964 0.0005
vn -0.0159 -0.7069 0.7071
vn 0.7121 -0.7021 0.0001
vn 0.0143 -0.7070 0.7070
vn 0.0131 -0.7070 0.7071
vn 0.0136 -0.7070 -0.7070
vn 0.0136 -0.7070 -0.7071
vn 0.0078 -0.7071 -0.7071
vn 0.0625 -0.7046 -0.7069
vn 0.7553 -0.6554 0.0000
vn 0.0611 -0.7047 0.7069
vn 0.0393 -0.7060 0.7071
vn 0.0392 -0.7060 0.7071
vn 0.0094 -0.7073 0.7068
vn -0.6848 -0.7288 0.0000
vn 0.0066 -0.7074 -0.7068
vn 0.0387 -0.7060 -0.7071
vn 0.0387 -0.7061 -0.7071
vn 0.0625 -0.7046 0.7069
vn 0.0387 -0.7060 0.7071
vn 0.0066 -0.7074 0.7068
vn 0.0094 -0.7073 -0.7068
vn 0.0393 -0.7060 -0.7071
vn 0.0392 -0.7061 -0.7071
vn 0.0611 -0.7047 -0.7069
vn -0.0305 -0.7270 0.6860
vn -0.0312 -0.7066 0.7069
vn -0.7175 -0.6965 -0.0000
vn -0.7173 -0.6968 0.0000
vn -0.0234 -0.7070 -0.7069
vn -0.0253 -0.7275 -0.6857
vn 0.6754 -0.7375 0.0000
vn 0.6756 -0.7372 0.0000
vn -0.0306 -0.7067 0.7069
vn -0.0306 -0.7068 0.7067
vn -0.0297 -0.7067 -0.7069
vn -0.0321 -0.7277 -0.6851
vn -0.0306 -0.7068 -0.7067
vn -0.0306 -0.7067 -0.7069
vn 0.6756 -0.7373 -0.0000
vn -0.0244 -0.7271 0.6861
vn -0.0242 -0.7065 0.7073
vn 0.8924 -0.4513 -0.0000
vn 0.1635 -0.5454 0.8220
vn 0.1632 -0.5451 0.8223
vn -0.0027 -0.5548 0.8320
vn -0.0024 -0.5557 0.8314
vn -0.8270 -0.5622 0.0000
vn -0.0027 -0.5548 -0.8320
vn -0.0027 -0.5557 -0.8314
vn -0.0024 -0.5548 -0.8320
vn 0.1634 -0.5452 -0.8222
vn 0.1633 -0.5455 -0.8221
vn -0.8098 -0.5866 -0.0000
vn 0.0079 -0.8308 -0.5566
vn 0.0074 -0.8314 -0.5557
vn 0.0087 -0.8302 -0.5575
vn 0.0082 -0.8308 -0.5565
vn -0.0023 -0.8294 -0.5586
vn -0.0030 -0.8302 -0.5575
vn 0.8077 -0.5896 0.0000
vn -0.0024 -0.8302 0.5575
vn -0.0030 -0.8293 0.5588
vn 0.0087 -0.8308 0.5565
vn 0.0082 -0.8302 0.5575
vn 0.0079 -0.8313 0.5558
vn 0.0074 -0.8308 0.5566
vn -0.2741 -0.9617 0.0000
vn 0.0134 -0.9581 -0.2860
vn 0.2978 -0.9546 0.0000
vn 0.0134 -0.9581 0.2860
vn -0.0118 -0.5510 0.8344
vn 0.2027 -0.5052 0.8389
vn 0.2236 -0.5238 0.8220
vn 0.0094 -0.5391 0.8422
vn 0.0151 -0.5474 0.8368
vn -0.4747 -0.8802 0.0000
vn -0.4752 -0.8799 -0.0001
vn -0.4746 -0.8802 0.0000
vn 0.0132 -0.5444 -0.8387
vn 0.0187 -0.5266 -0.8499
vn 0.2490 -0.5160 -0.8196
vn 0.2535 -0.4899 -0.8341
vn -0.0568 -0.5527 -0.8315
vn -0.0558 -0.5498 -0.8334
vn 0.5815 -0.5203 -0.6254
vn 0.8627 -0.5056 0.0000
vn 0.8628 -0.5056 0.0000
vn -0.0118 -0.5507 -0.8346
vn 0.5814 -0.5205 0.6253
vn -0.0568 -0.5502 0.8331
vn -0.0558 -0.5531 0.8313
vn 0.2469 -0.4925 0.8345
vn 0.2682 -0.5125 0.8157
vn 0.0087 -0.5394 0.8420
vn 0.0127 -0.5451 0.8383
vn -0.4751 -0.8799 -0.0000
vn 0.0096 -0.5480 -0.8364
vn 0.0147 -0.5319 -0.8467
vn 0.2109 -0.5258 -0.8241
vn 0.2141 -0.5017 -0.8381
vn 0.9451 0.3174 0.0779
vn 0.9451 0.3173 0.0779
vn 0.5919 0.7788 -0.2075
vn 0.0884 0.7841 -0.6143
vn -0.2705 0.3300 -0.9044
vn -0.2746 -0.3174 -0.9077
vn -0.2746 -0.3173 -0.9077
vn 0.0785 -0.7788 -0.6223
vn 0.5821 -0.7841 -0.2154
vn 0.9410 -0.3300 0.0746
vn -0.7788 0.3300 -0.5334
vn -0.3173 0.7841 -0.5334
vn 0.3300 0.7788 -0.5334
vn 0.7841 0.3173 -0.5334
vn 0.7788 -0.3300 -0.5334
vn 0.3173 -0.7841 -0.5334
vn -0.3300 -0.7788 -0.5334
vn -0.7841 -0.3173 -0.5334
vn -0.7841 -0.3174 -0.5334
vn 0.2746 0.3173 0.9077
vn 0.2746 0.3174 0.9077
vn -0.0785 0.7788 0.6223
vn -0.5821 0.7841 0.2154
vn -0.9410 0.3300 -0.0746
vn -0.9451 -0.3173 -0.0779
vn -0.5919 -0.7788 0.2075
vn -0.0884 -0.7841 0.6143
vn 0.2705 -0.3300 0.9044
vn -0.7788 0.3300 0.5334
vn -0.3173 0.7841 0.5334
vn 0.3300 0.7788 0.5334
vn 0.7841 0.3173 0.5334
vn 0.7788 -0.3300 0.5334
vn 0.3173 -0.7841 0.5334
vn -0.3300 -0.7788 0.5334
vn -0.7841 -0.3174 0.5334
vn -0.7841 -0.3173 0.5334
vn -0.0078 -0.9631 -0.2690
vn -0.0078 -0.9631 0.2690
vn -0.0018 -0.2171 0.9761
vn -0.0018 -0.2171 -0.9761
vn -0.0069 -0.8552 -0.5182
vn -0.0069 -0.8552 0.5182
vn -0.0034 -0.4239 0.9057
vn -0.0034 -0.4239 -0.9057
vn 0.2637 -0.5303 0.8057
vn -0.0042 -0.5001 0.8659
vn -0.0109 -0.0001 0.9999
vn 0.3026 0.0055 0.9531
vn 0.1494 -0.8904 0.4300
vn 0.0036 -0.8660 0.5000
vn 0.0080 -0.9989 -0.0468
vn 0.0104 -0.9999 0.0001
vn -0.1245 -0.8536 -0.5059
vn 0.0145 -0.8660 -0.4998
vn -0.2220 -0.4926 -0.8415
vn 0.0146 -0.5002 -0.8658
vn -0.2641 -0.0015 -0.9645
vn 0.0109 -0.0003 -0.9999
vn -0.2417 0.4895 -0.8379
vn 0.0042 0.4997 -0.8662
vn -0.1609 0.8508 -0.5002
vn -0.0036 0.8658 -0.5004
vn -0.0380 0.9984 -0.0415
vn -0.0104 0.9999 -0.0004
vn 0.1065 0.8950 0.4332
vn -0.0144 0.8660 0.4998
vn 0.2386 0.5398 0.8072
vn -0.0146 0.4999 0.8659
vn 0.6617 -0.5424 0.5177
vn 0.9146 0.0113 0.4042
vn 0.3585 -0.8956 0.2634
vn -0.0144 -0.9991 -0.0400
vn -0.3757 -0.8656 -0.3309
vn -0.6561 -0.5140 -0.5526
vn -0.5210 -0.0084 -0.8535
vn -0.6729 0.4953 -0.5494
vn -0.4063 0.8551 -0.3222
vn -0.0546 0.9983 -0.0226
vn 0.3158 0.9036 0.2894
vn 0.6322 0.5545 0.5412
vn 0.8105 -0.4907 0.3199
vn 0.9286 0.0126 0.3709
vn 0.4741 -0.8617 0.1808
vn 0.0085 -1.0000 -0.0013
vn -0.4609 -0.8701 -0.1748
vn -0.8081 -0.5087 -0.2970
vn -0.9402 -0.0125 -0.3404
vn -0.9352 -0.0125 -0.3539
vn -0.8215 0.4875 -0.2957
vn -0.4831 0.8583 -0.1728
vn -0.0159 0.9999 -0.0003
vn 0.4534 0.8731 0.1793
vn 0.7984 0.5118 0.3173
vn 0.8231 0.0104 0.5678
vn 0.7272 -0.4752 0.4953
vn 0.4493 -0.8430 0.2959
vn 0.0498 -0.9985 0.0216
vn -0.3745 -0.8901 -0.2597
vn -0.7031 -0.5298 -0.4743
vn -0.8313 -0.0111 -0.5557
vn -0.7159 0.5111 -0.4757
vn -0.3956 0.8802 -0.2623
vn 0.0269 0.9995 0.0183
vn 0.4303 0.8540 0.2926
vn 0.7164 0.4934 0.4932
vn 0.3971 -0.4863 0.7783
vn 0.4515 0.0075 0.8922
vn 0.2418 -0.8508 0.4666
vn 0.0265 -0.9989 0.0391
vn -0.1992 -0.8922 -0.4054
vn -0.3785 -0.5356 -0.7549
vn -0.4515 -0.0083 -0.8923
vn -0.3879 0.5219 -0.7597
vn -0.2148 0.8851 -0.4128
vn 0.0092 0.9995 0.0312
vn 0.2271 0.8584 0.4599
vn 0.3886 0.4993 0.7744
vn 0.0932 -0.4891 0.8672
vn 0.1049 0.0056 0.9945
vn 0.0571 -0.8561 0.5136
vn 0.0059 -0.9997 0.0244
vn -0.0472 -0.8785 -0.4754
vn -0.0882 -0.5163 -0.8518
vn -0.1050 -0.0066 -0.9945
vn -0.0923 0.5052 -0.8580
vn -0.0542 0.8726 -0.4854
vn -0.0020 0.9999 0.0136
vn 0.0503 0.8619 0.5046
vn 0.0893 0.4989 0.8620
vn -0.0096 -0.4951 0.8688
vn -0.0117 0.0057 0.9999
vn -0.0050 -0.8632 0.5049
vn 0.0010 -1.0000 0.0057
vn 0.0067 -0.8689 -0.4950
vn 0.0106 -0.5049 -0.8631
vn 0.0117 -0.0057 -0.9999
vn 0.0096 0.4951 -0.8688
vn 0.0050 0.8632 -0.5049
vn -0.0010 1.0000 -0.0057
vn -0.0067 0.8689 0.4950
vn -0.0106 0.5049 0.8631
vn 0.9999 0.0118 0.0117
vn 0.9999 0.0118 0.0116
vn -0.9999 -0.0011 -0.0117
vn -0.9999 -0.0010 -0.0117
vn 0.5017 -0.8588 -0.1035
vn 0.4988 -0.8517 -0.1606
vn 0.6148 -0.7223 -0.3166
vn 0.6174 -0.7670 -0.1748
vn 0.4405 -0.8500 -0.2888
vn 0.0997 -0.9934 -0.0571
vn 0.5333 -0.6426 -0.5501
vn 0.6805 -0.7297 -0.0675
vn 0.4298 -0.9029 -0.0059
vn 0.6150 -0.7514 -0.2393
vn 0.6630 -0.6533 -0.3656
vn 0.0187 0.6065 -0.7949
vn -0.0672 0.6795 -0.7306
vn -0.0151 0.5934 -0.8047
vn 0.0285 0.5884 -0.8080
vn -0.0131 0.5692 -0.8221
vn -0.9566 -0.2543 -0.1422
vn -0.9709 -0.2161 -0.1034
vn -0.9178 -0.2630 -0.2975
vn -0.9053 -0.2464 -0.3460
vn -0.8417 -0.3366 -0.4221
vn -0.8318 -0.3872 -0.3976
vn -0.4436 -0.1480 -0.8839
vn -0.2061 -0.1020 -0.9732
vn -0.1839 0.0059 -0.9829
vn -0.3682 -0.0213 -0.9295
vn -0.1695 0.0908 -0.9813
vn -0.4270 0.0913 -0.8996
vn 0.0715 -0.9974 -0.0000
vn 0.0320 -0.9995 -0.0000
vn -0.0435 -0.9991 -0.0002
vn -0.0433 -0.9991 0.0000
vn -0.0440 -0.9990 -0.0009
vn -0.0438 -0.9990 -0.0002
vn -0.0437 -0.9990 0.0000
vn 0.1898 -0.9818 0.0000
vn 0.1900 -0.9818 0.0003
vn -0.0214 -0.9998 -0.0000
vn 0.3170 -0.9484 -0.0000
vn 0.3167 -0.9485 -0.0001
vn 0.0126 -0.9999 -0.0000
vn -0.0149 -0.9999 0.0000
vn -0.0147 -0.9999 -0.0000
vn -0.0146 -0.9999 -0.0001
vn -0.0150 -0.9999 0.0000
vn 0.0002 -1.0000 0.0000
vn -0.0069 -1.0000 0.0000
vn 0.0068 -1.0000 0.0000
vn 0.0064 -1.0000 -0.0000
vn 0.0884 -0.9961 -0.0000
vn 0.0093 -1.0000 0.0000
vn 0.2135 -0.9770 -0.0001
vn 0.2138 -0.9769 0.0000
vn 0.0275 -0.9996 -0.0000
vn 0.0271 -0.9996 -0.0001
vn 0.3838 -0.9122 0.1433
vn 0.4528 -0.8916 0.0000
vn 0.2599 -0.9656 0.0000
vn 0.2658 -0.9640 0.0039
vn 0.4167 -0.9091 0.0000
vn 0.5280 -0.8492 0.0000
vn 0.3908 -0.9205 0.0000
vn 0.2987 -0.9544 -0.0000
vn 0.3168 -0.9485 -0.0000
vn -0.0109 -0.9999 0.0000
vn -0.0110 -0.9999 0.0000
vn 0.0073 -1.0000 0.0000
vn 0.0356 -0.9994 -0.0024
vn 0.2086 -0.9780 -0.0031
vn 0.1855 -0.9826 -0.0008
vn -0.0205 -0.9998 0.0004
vn -1.0000 0.0003 -0.0000
vn -0.9238 -0.2322 -0.3045
vn -0.9393 -0.2086 -0.2723
vn -0.9563 -0.2446 -0.1605
vn -0.9502 -0.2303 -0.2098
vn -0.9403 -0.3402 0.0000
vn -0.9265 -0.3762 0.0000
vn -0.4010 0.8818 -0.2483
vn -0.4214 0.8838 -0.2031
vn -0.4333 0.8927 -0.1237
vn -0.4440 0.8960 0.0000
vn -0.4479 0.8941 0.0000
vn -0.4450 0.8908 -0.0919
vn -0.4241 0.8521 -0.3066
vn -0.3695 0.8315 -0.4148
vn -0.4227 0.8321 -0.3590
vn 0.3550 0.9300 -0.0953
vn 0.2816 0.9324 -0.2265
vn 0.2808 0.7936 -0.5397
vn 0.3905 0.6888 -0.6108
vn 0.4103 0.7248 -0.5535
vn 0.3389 0.7329 -0.5900
vn 0.2436 0.7353 -0.6325
vn 0.2747 0.8078 -0.5215
vn 0.3369 0.8911 -0.3040
vn 0.3718 0.9193 -0.1291
vn 0.3694 0.9293 -0.0000
vn 0.3661 0.9306 0.0000
vn 0.3626 0.9306 -0.0490
vn -0.0288 0.5031 -0.8637
vn -0.0496 0.5300 -0.8465
vn 0.0070 0.5412 -0.8408
vn -0.0137 0.5335 -0.8457
vn -0.0267 0.5141 -0.8573
vn -0.0363 0.5063 -0.8616
vn 0.5017 -0.8588 0.1035
vn 0.6174 -0.7670 0.1748
vn 0.6148 -0.7223 0.3166
vn 0.4988 -0.8517 0.1606
vn 0.4405 -0.8500 0.2888
vn 0.5333 -0.6426 0.5501
vn 0.0997 -0.9934 0.0571
vn 0.4298 -0.9029 0.0060
vn 0.6805 -0.7297 0.0675
vn 0.6150 -0.7514 0.2393
vn 0.6630 -0.6533 0.3656
vn -0.0151 0.5934 0.8047
vn -0.0672 0.6795 0.7306
vn 0.0187 0.6065 0.7949
vn 0.0285 0.5884 0.8080
vn -0.0131 0.5692 0.8221
vn -0.9178 -0.2630 0.2975
vn -0.9709 -0.2160 0.1034
vn -0.9566 -0.2543 0.1422
vn -0.9053 -0.2464 0.3460
vn -0.8417 -0.3366 0.4221
vn -0.8318 -0.3872 0.3976
vn -0.4436 -0.1480 0.8839
vn -0.3682 -0.0213 0.9295
vn -0.1839 0.0059 0.9829
vn -0.2061 -0.1020 0.9732
vn -0.4270 0.0913 0.8997
vn -0.1695 0.0908 0.9813
vn -0.0440 -0.9990 0.0009
vn -0.0435 -0.9991 0.0002
vn -0.0438 -0.9990 0.0002
vn 0.1899 -0.9818 0.0000
vn 0.1900 -0.9818 -0.0003
vn 0.3167 -0.9485 0.0001
vn -0.0146 -0.9999 0.0001
vn 0.2137 -0.9769 -0.0002
vn 0.0276 -0.9996 0.0000
vn 0.3838 -0.9122 -0.1433
vn 0.2658 -0.9640 -0.0039
vn 0.2076 -0.9782 -0.0004
vn 0.0255 -0.9997 -0.0006
vn 0.1898 -0.9818 -0.0005
vn -0.0206 -0.9998 -0.0004
vn 1.0000 0.0033 0.0000
vn 0.9971 -0.0765 -0.0013
vn 0.9972 -0.0750 -0.0022
vn 0.9969 -0.0781 -0.0004
vn 0.9968 -0.0796 0.0004
vn -0.9563 -0.2446 0.1605
vn -0.9393 -0.2086 0.2723
vn -0.9238 -0.2322 0.3045
vn -0.9502 -0.2303 0.2098
vn -0.4010 0.8818 0.2483
vn -0.4214 0.8838 0.2031
vn -0.4333 0.8927 0.1237
vn -0.4450 0.8908 0.0919
vn -0.4241 0.8521 0.3066
vn -0.3695 0.8315 0.4148
vn -0.4227 0.8321 0.3590
vn 0.3550 0.9300 0.0953
vn 0.2816 0.9324 0.2265
vn 0.2808 0.7936 0.5397
vn 0.3905 0.6888 0.6108
vn 0.4103 0.7248 0.5535
vn 0.3389 0.7329 0.5900
vn 0.2436 0.7353 0.6325
vn 0.2747 0.8078 0.5215
vn 0.3369 0.8911 0.3040
vn 0.3718 0.9193 0.1291
vn 0.3627 0.9306 0.0490
vn -0.0288 0.5032 0.8637
vn -0.0496 0.5300 0.8465
vn 0.0070 0.5412 0.8409
vn -0.0137 0.5335 0.8457
vn -0.0267 0.5141 0.8573
vn -0.0363 0.5063 0.8616
vn -0.0812 -0.9967 0.0000
vn -0.9130 0.1535 0.3781
vn -0.9319 0.0000 0.3628
vn -0.8581 0.2920 0.4224
vn -0.7726 0.4019 0.4915
vn -0.6649 0.4725 0.5786
vn -0.5455 0.4968 0.6750
vn -0.4261 0.4725 0.7715
vn -0.3183 0.4019 0.8586
vn -0.2329 0.2920 0.9276
vn -0.1780 0.1535 0.9720
vn -0.1591 0.0000 0.9873
vn -0.7397 0.3090 -0.5977
vn -0.7778 0.0000 -0.6285
vn -0.6293 0.5878 -0.5085
vn -0.4572 0.8090 -0.3694
vn -0.2404 0.9511 -0.1942
vn -0.2381 0.9520 -0.1924
vn 0.0062 1.0000 -0.0038
vn 0.0020 1.0000 0.0014
vn 0.2402 0.9518 0.1907
vn 0.2363 0.9527 0.1910
vn 0.4572 0.8090 0.3694
vn 0.6293 0.5878 0.5085
vn 0.7397 0.3090 0.5977
vn 0.7778 -0.0000 0.6285
vn -0.9558 0.1970 0.2183
vn -0.9801 0.0000 0.1987
vn -0.8854 0.3747 0.2752
vn -0.7757 0.5157 0.3638
vn -0.6375 0.6062 0.4755
vn -0.4843 0.6374 0.5993
vn -0.3311 0.6062 0.7231
vn -0.1929 0.5157 0.8348
vn -0.0832 0.3747 0.9234
vn -0.0128 0.1970 0.9803
vn 0.0115 -0.0000 0.9999
vn 0.2776 0.0000 -0.9607
vn 0.2924 0.1199 -0.9488
vn 0.3352 0.2280 -0.9141
vn 0.4020 0.3138 -0.8602
vn 0.4861 0.3689 -0.7922
vn 0.5793 0.3879 -0.7169
vn 0.6725 0.3689 -0.6416
vn 0.7566 0.3138 -0.5736
vn 0.8234 0.2280 -0.5197
vn 0.8662 0.1199 -0.4851
vn 0.8810 0.0000 -0.4731
vn -0.0022 1.0000 0.0066
vn 0.2370 0.9518 0.1948
vn 0.3325 0.1073 -0.9370
vn 0.3193 0.0000 -0.9477
vn 0.3709 0.2041 -0.9060
vn 0.4306 0.2809 -0.8577
vn 0.5059 0.3302 -0.7968
vn 0.5894 0.3472 -0.7294
vn 0.6729 0.3302 -0.6620
vn 0.7482 0.2809 -0.6011
vn 0.7481 0.2809 -0.6011
vn 0.8079 0.2041 -0.5528
vn 0.8463 0.1073 -0.5218
vn 0.8595 0.0000 -0.5112
vn 0.7822 -0.0000 0.6230
vn 0.7441 -0.3090 0.5923
vn 0.7441 0.3090 0.5923
vn 0.6337 0.5878 0.5030
vn 0.4616 0.8090 0.3639
vn 0.2448 0.9510 0.1887
vn 0.0044 1.0000 -0.0055
vn -0.2359 0.9510 -0.1997
vn -0.4527 0.8090 -0.3749
vn -0.4528 0.8090 -0.3749
vn -0.6248 0.5878 -0.5139
vn -0.7353 0.3090 -0.6032
vn -0.7734 0.0000 -0.6340
vn -0.7353 -0.3090 -0.6032
vn -0.6248 -0.5878 -0.5139
vn -0.4528 -0.8090 -0.3749
vn -0.2359 -0.9510 -0.1997
vn 0.0044 -1.0000 -0.0055
vn 0.2448 -0.9510 0.1887
vn 0.4616 -0.8090 0.3639
vn 0.6337 -0.5878 0.5030
vn -0.4725 0.1535 0.8679
vn -0.4968 0.0000 0.8679
vn -0.4019 0.2920 0.8679
vn -0.2920 0.4019 0.8679
vn -0.1535 0.4725 0.8679
vn -0.0000 0.4968 0.8679
vn 0.1535 0.4725 0.8679
vn 0.2920 0.4019 0.8679
vn 0.4019 0.2920 0.8679
vn 0.4725 0.1535 0.8679
vn 0.4968 -0.0000 0.8679
vn -0.9511 0.3090 -0.0000
vn -1.0000 -0.0000 -0.0000
vn -0.8090 0.5878 0.0000
vn -0.5878 0.8090 0.0000
vn -0.3090 0.9511 0.0000
vn -0.3062 0.9520 -0.0000
vn 0.0025 1.0000 -0.0069
vn 0.0024 1.0000 -0.0002
vn 0.3067 0.9518 -0.0026
vn 0.3038 0.9527 0.0000
vn 0.5878 0.8090 -0.0000
vn 0.8090 0.5878 -0.0000
vn 0.9511 0.3090 -0.0000
vn 1.0000 0.0000 0.0000
vn -0.6062 0.1970 0.7705
vn -0.6374 0.0000 0.7705
vn -0.5157 0.3747 0.7705
vn -0.3747 0.5157 0.7705
vn -0.1970 0.6062 0.7705
vn 0.0000 0.6374 0.7705
vn 0.1970 0.6062 0.7705
vn 0.3747 0.5157 0.7705
vn 0.5157 0.3747 0.7705
vn 0.6062 0.1970 0.7705
vn 0.6374 -0.0000 0.7705
vn -0.3879 0.0000 -0.9217
vn -0.3689 0.1199 -0.9217
vn -0.3138 0.2280 -0.9217
vn -0.2280 0.3138 -0.9217
vn -0.1199 0.3689 -0.9217
vn 0.0000 0.3879 -0.9217
vn 0.1199 0.3689 -0.9217
vn 0.2280 0.3138 -0.9217
vn 0.3138 0.2280 -0.9217
vn 0.3689 0.1199 -0.9217
vn 0.3879 0.0000 -0.9217
vn 0.0024 1.0000 0.0065
vn 0.3067 0.9518 0.0025
vn -0.3302 0.1073 -0.9378
vn -0.3472 0.0000 -0.9378
vn -0.2809 0.2041 -0.9378
vn -0.2041 0.2809 -0.9378
vn -0.1073 0.3302 -0.9378
vn 0.0000 0.3472 -0.9378
vn 0.1073 0.3302 -0.9378
vn 0.2041 0.2809 -0.9378
vn 0.2809 0.2041 -0.9378
vn 0.3302 0.1073 -0.9378
vn 0.3472 0.0000 -0.9378
vn 1.0000 -0.0000 -0.0070
vn 0.9510 -0.3090 -0.0070
vn 0.9510 0.3090 -0.0070
vn 0.8090 0.5878 -0.0070
vn 0.5878 0.8090 -0.0070
vn 0.3090 0.9510 -0.0070
vn 0.0000 1.0000 -0.0070
vn -0.3090 0.9510 -0.0070
vn -0.5878 0.8090 -0.0070
vn -0.8090 0.5878 -0.0070
vn -0.9510 0.3090 -0.0070
vn -1.0000 0.0000 -0.0070
vn -0.9510 -0.3090 -0.0070
vn -0.8090 -0.5878 -0.0070
vn -0.5878 -0.8090 -0.0070
vn -0.3090 -0.9510 -0.0070
vn -0.0000 -1.0000 -0.0070
vn 0.3090 -0.9510 -0.0070
vn 0.5878 -0.8090 -0.0070
vn 0.8090 -0.5878 -0.0070
vn 0.9130 0.1535 -0.3781
vn 0.9319 0.0000 -0.3628
vn 0.8581 0.2920 -0.4224
vn 0.7726 0.4019 -0.4915
vn 0.6649 0.4725 -0.5786
vn 0.5455 0.4968 -0.6750
vn 0.4261 0.4725 -0.7715
vn 0.3183 0.4019 -0.8586
vn 0.2329 0.2920 -0.9276
vn 0.1780 0.1535 -0.9720
vn 0.1591 -0.0000 -0.9873
vn 0.2404 0.9511 0.1942
vn 0.2381 0.9520 0.1924
vn -0.0062 1.0000 0.0038
vn -0.0020 1.0000 -0.0014
vn -0.2402 0.9518 -0.1907
vn -0.2363 0.9527 -0.1910
vn 0.9558 0.1970 -0.2183
vn 0.9801 0.0000 -0.1987
vn 0.8854 0.3747 -0.2752
vn 0.7757 0.5157 -0.3639
vn 0.6375 0.6062 -0.4755
vn 0.4843 0.6374 -0.5993
vn 0.3311 0.6062 -0.7231
vn 0.1929 0.5157 -0.8348
vn 0.0832 0.3747 -0.9234
vn 0.0128 0.1970 -0.9803
vn -0.0115 -0.0000 -0.9999
vn -0.2776 -0.0000 0.9607
vn -0.2924 0.1199 0.9488
vn -0.3352 0.2280 0.9141
vn -0.4020 0.3138 0.8602
vn -0.4861 0.3689 0.7922
vn -0.5793 0.3879 0.7169
vn -0.6725 0.3689 0.6416
vn -0.7566 0.3138 0.5736
vn -0.8234 0.2280 0.5197
vn -0.8662 0.1199 0.4851
vn -0.8810 0.0000 0.4731
vn 0.0022 1.0000 -0.0066
vn -0.2370 0.9518 -0.1948
vn -0.3325 0.1073 0.9370
vn -0.3193 -0.0000 0.9477
vn -0.3709 0.2041 0.9060
vn -0.4306 0.2809 0.8577
vn -0.5059 0.3302 0.7968
vn -0.5894 0.3472 0.7294
vn -0.6729 0.3302 0.6620
vn -0.7482 0.2809 0.6011
vn -0.8079 0.2041 0.5528
vn -0.8463 0.1073 0.5218
vn -0.8595 0.0000 0.5112
vn -0.7822 -0.0000 -0.6230
vn -0.7441 -0.3090 -0.5923
vn -0.7441 0.3090 -0.5923
vn -0.6337 0.5878 -0.5030
vn -0.4616 0.8090 -0.3639
vn -0.2448 0.9510 -0.1887
vn -0.0044 1.0000 0.0055
vn 0.2359 0.9510 0.1997
vn 0.4528 0.8090 0.3749
vn 0.6248 0.5878 0.5139
vn 0.7353 0.3090 0.6032
vn 0.7734 0.0000 0.6340
vn 0.7353 -0.3090 0.6032
vn 0.6248 -0.5878 0.5139
vn 0.4528 -0.8090 0.3749
vn 0.4527 -0.8090 0.3749
vn 0.2359 -0.9510 0.1997
vn -0.0044 -1.0000 0.0055
vn -0.2448 -0.9510 -0.1887
vn -0.4616 -0.8090 -0.3639
vn -0.6337 -0.5878 -0.5030
vn 0.4725 0.1535 -0.8679
vn 0.4968 0.0000 -0.8679
vn 0.4019 0.2920 -0.8679
vn 0.2920 0.4019 -0.8679
vn 0.1535 0.4725 -0.8679
vn 0.0000 0.4968 -0.8679
vn -0.1535 0.4725 -0.8679
vn -0.2920 0.4019 -0.8679
vn -0.4019 0.2920 -0.8679
vn -0.4725 0.1535 -0.8679
vn -0.4968 0.0000 -0.8679
vn 0.3090 0.9511 0.0000
vn 0.3062 0.9520 0.0000
vn -0.0025 1.0000 0.0069
vn -0.0024 1.0000 0.0002
vn -0.3067 0.9518 0.0026
vn -0.3038 0.9527 -0.0000
vn 0.6062 0.1970 -0.7705
vn 0.6374 -0.0000 -0.7705
vn 0.5157 0.3747 -0.7705
vn 0.3747 0.5157 -0.7705
vn 0.1970 0.6062 -0.7705
vn 0.0000 0.6374 -0.7705
vn -0.1970 0.6062 -0.7705
vn -0.3747 0.5157 -0.7705
vn -0.5157 0.3747 -0.7705
vn -0.6062 0.1970 -0.7705
vn -0.6374 -0.0000 -0.7705
vn 0.3879 -0.0000 0.9217
vn 0.3689 0.1199 0.9217
vn 0.3138 0.2280 0.9217
vn 0.2280 0.3138 0.9217
vn 0.1199 0.3689 0.9217
vn -0.0000 0.3879 0.9217
vn -0.1199 0.3689 0.9217
vn -0.2280 0.3138 0.9217
vn -0.3138 0.2280 0.9217
vn -0.3689 0.1199 0.9217
vn -0.3879 0.0000 0.9217
vn -0.0024 1.0000 -0.0065
vn -0.3067 0.9518 -0.0025
vn 0.3302 0.1073 0.9378
vn 0.3472 0.0000 0.9378
vn 0.2809 0.2041 0.9378
vn 0.2041 0.2809 0.9378
vn 0.1073 0.3302 0.9378
vn 0.0000 0.3472 0.9378
vn -0.1073 0.3302 0.9378
vn -0.2041 0.2809 0.9378
vn -0.2809 0.2041 0.9378
vn -0.3302 0.1073 0.9378
vn -0.3472 -0.0000 0.9378
vn -1.0000 -0.0000 0.0070
vn -0.9510 -0.3090 0.0070
vn -0.9510 0.3090 0.0070
vn -0.8090 0.5878 0.0070
vn -0.5878 0.8090 0.0070
vn -0.3090 0.9510 0.0070
vn -0.0000 1.0000 0.0070
vn 0.3090 0.9510 0.0070
vn 0.5878 0.8090 0.0070
vn 0.8090 0.5878 0.0070
vn 0.9510 0.3090 0.0070
vn 1.0000 0.0000 0.0070
vn 0.9510 -0.3090 0.0070
vn 0.8090 -0.5878 0.0070
vn 0.5878 -0.8090 0.0070
vn 0.3090 -0.9510 0.0070
vn 0.0000 -1.0000 0.0070
vn -0.3090 -0.9510 0.0070
vn -0.5878 -0.8090 0.0070
vn -0.8090 -0.5878 0.0070
vn 0.7014 -0.7128 -0.0000
vn 0.8945 0.2517 -0.3695
vn 0.9906 0.1078 -0.0842
vn 0.6439 0.3318 -0.6894
vn 0.7899 0.2332 -0.5672
vn 0.9945 0.1046 -0.0000
vn 0.6687 0.6677 -0.3271
vn 0.7884 0.6048 -0.1123
vn 0.8258 0.5639 -0.0000
vn 0.6639 0.4943 -0.5612
vn 0.0024 0.0022 -1.0000
vn 0.0030 0.0028 -1.0000
vn -0.0056 0.0055 -1.0000
vn -0.0035 0.0034 -1.0000
vn -0.0123 -0.9999 -0.0000
vn 0.2298 -0.9732 0.0003
vn 0.2314 -0.9729 0.0000
vn 0.2131 -0.9770 -0.0000
vn 0.2104 -0.9776 -0.0000
vn 0.0293 -0.9996 0.0000
vn 0.0095 -1.0000 0.0002
vn 0.3176 -0.9482 0.0001
vn 0.3004 -0.9535 0.0259
vn 0.3266 -0.9452 0.0005
vn 0.2988 -0.9543 -0.0047
vn 0.1745 -0.9847 -0.0017
vn 0.0829 -0.9966 -0.0027
vn 0.3860 -0.9225 -0.0025
vn 0.1997 -0.9799 0.0000
vn 0.3152 -0.9490 -0.0018
vn 0.0589 -0.9983 -0.0000
vn -0.0372 -0.9993 -0.0069
vn -0.0188 -0.9998 -0.0067
vn -0.0180 -0.9998 -0.0001
vn -0.0425 -0.9991 -0.0000
vn -0.0324 -0.9994 -0.0134
vn -0.0410 -0.9987 -0.0289
vn 0.0001 -1.0000 -0.0062
vn 0.1716 -0.9845 0.0357
vn 0.1675 -0.9859 -0.0012
vn 0.3177 -0.9482 -0.0011
vn 0.0120 -0.9999 0.0002
vn 0.0107 -0.9999 0.0003
vn 0.0109 -0.9999 -0.0000
vn 0.0527 -0.9979 0.0383
vn -0.7625 -0.6470 0.0000
vn -0.2693 -0.9631 -0.0000
vn -0.1254 -0.9921 -0.0000
vn -0.1238 -0.9923 -0.0000
vn 0.1686 -0.9857 -0.0000
vn 0.1695 -0.9855 -0.0000
vn 0.5477 -0.8367 0.0000
vn 0.5377 -0.8431 -0.0000
vn 0.7446 -0.6675 -0.0000
vn -0.1437 -0.9896 0.0015
vn -0.1427 -0.9898 0.0019
vn -0.0776 -0.9970 0.0015
vn -0.0755 -0.9971 0.0012
vn 0.0543 -0.9985 0.0014
vn 0.0524 -0.9986 0.0009
vn 0.1172 -0.9931 0.0010
vn 0.1201 -0.9928 0.0019
vn 0.7712 -0.6367 0.0011
vn 0.7709 -0.6369 0.0008
vn 0.7711 -0.6367 0.0010
vn 0.7713 -0.6364 0.0014
vn 0.9971 -0.0765 0.0013
vn 0.9968 -0.0796 -0.0004
vn 0.9969 -0.0781 0.0004
vn 0.9972 -0.0750 0.0022
vn -0.9999 -0.0126 -0.0001
vn -0.9999 -0.0127 -0.0000
vn -0.9999 -0.0125 -0.0001
vn -0.7874 -0.6165 -0.0006
vn -0.7879 -0.6158 -0.0013
vn -0.7874 -0.6164 -0.0007
vn -0.7869 -0.6171 0.0001
vn -0.0478 0.0499 -0.9976
vn 0.0080 0.0074 -0.9999
vn -0.0140 0.0137 -0.9998
vn 0.0159 0.0153 -0.9998
vn 0.0157 0.0152 -0.9998
vn -0.7004 -0.7138 0.0000
vn -0.6993 -0.7148 0.0002
vn -0.6994 -0.7147 0.0002
vn -0.7005 -0.7137 0.0000
vn 0.7907 -0.6121 0.0023
vn 0.7890 -0.6144 0.0019
vn 0.7892 -0.6142 0.0020
vn 0.7909 -0.6119 0.0024
vn -0.7049 -0.7093 0.0000
vn -0.7050 -0.7092 -0.0000
vn 0.7000 -0.7141 -0.0018
vn 0.7115 -0.7026 0.0004
vn 0.0107 -0.9999 0.0014
vn 0.1683 -0.9740 0.1516
vn -0.0199 -0.9995 -0.0260
vn 0.0155 0.0152 -0.9998
vn 0.2989 -0.9543 -0.0047
vn -0.0188 -0.9996 -0.0186
vn 0.9906 0.1078 0.0842
vn 0.8945 0.2518 0.3695
vn 0.7899 0.2332 0.5671
vn 0.6439 0.3318 0.6894
vn 0.6687 0.6677 0.3271
vn 0.7884 0.6048 0.1123
vn 0.6639 0.4943 0.5612
vn 0.0030 0.0028 1.0000
vn 0.0024 0.0022 1.0000
vn -0.0056 0.0055 1.0000
vn -0.0035 0.0034 1.0000
vn 0.2298 -0.9732 -0.0003
vn 0.0095 -1.0000 -0.0002
vn 0.3176 -0.9482 -0.0001
vn 0.3266 -0.9452 -0.0005
vn 0.3004 -0.9535 -0.0259
vn 0.2988 -0.9543 0.0047
vn 0.3860 -0.9225 0.0025
vn 0.0829 -0.9966 0.0027
vn 0.1787 -0.9839 0.0032
vn 0.3152 -0.9490 0.0030
vn 0.2013 -0.9795 0.0042
vn 0.0522 -0.9986 0.0036
vn -0.0180 -0.9998 0.0001
vn -0.0188 -0.9998 0.0067
vn -0.0372 -0.9993 0.0069
vn -0.0324 -0.9994 0.0134
vn -0.0410 -0.9987 0.0289
vn 0.0001 -1.0000 0.0062
vn 0.1675 -0.9859 0.0012
vn 0.1716 -0.9845 -0.0357
vn 0.3177 -0.9482 0.0011
vn 0.0107 -0.9999 -0.0003
vn 0.0120 -0.9999 -0.0002
vn 0.0527 -0.9979 -0.0383
vn -0.1437 -0.9896 -0.0015
vn -0.0755 -0.9971 -0.0012
vn -0.0776 -0.9970 -0.0015
vn -0.1427 -0.9898 -0.0019
vn 0.0543 -0.9985 -0.0014
vn 0.1201 -0.9928 -0.0019
vn 0.1172 -0.9931 -0.0010
vn 0.0524 -0.9986 -0.0009
vn 0.7712 -0.6367 -0.0011
vn 0.7713 -0.6364 -0.0014
vn 0.7711 -0.6367 -0.0010
vn 0.7709 -0.6369 -0.0008
vn -0.9999 -0.0126 0.0001
vn -0.9999 -0.0125 0.0001
vn -0.7874 -0.6165 0.0006
vn -0.7869 -0.6171 -0.0001
vn -0.7874 -0.6164 0.0007
vn -0.7879 -0.6158 0.0013
vn -0.0478 0.0499 0.9976
vn 0.0080 0.0074 0.9999
vn -0.0140 0.0137 0.9998
vn 0.0159 0.0153 0.9998
vn 0.0157 0.0152 0.9998
vn -0.6994 -0.7147 -0.0002
vn -0.6993 -0.7148 -0.0002
vn 0.7907 -0.6121 -0.0023
vn 0.7909 -0.6119 -0.0024
vn 0.7892 -0.6142 -0.0020
vn 0.7890 -0.6144 -0.0019
vn 0.7115 -0.7026 -0.0004
vn 0.7000 -0.7141 0.0018
vn 0.0107 -0.9999 -0.0014
vn 0.1683 -0.9740 -0.1516
vn -0.0199 -0.9995 0.0260
vn 0.0155 0.0152 0.9998
vn -0.0188 -0.9996 0.0186
vn -0.1780 -0.1535 0.9720
vn -0.2329 -0.2920 0.9276
vn -0.3183 -0.4019 0.8586
vn -0.4261 -0.4725 0.7715
vn -0.5455 -0.4968 0.6750
vn -0.6649 -0.4725 0.5786
vn -0.7726 -0.4019 0.4915
vn -0.8581 -0.2920 0.4224
vn -0.9130 -0.1535 0.3781
vn 0.7397 -0.3090 0.5977
vn 0.6293 -0.5878 0.5085
vn 0.4572 -0.8090 0.3694
vn 0.2404 -0.9511 0.1942
vn -0.0000 -1.0000 -0.0000
vn -0.2404 -0.9511 -0.1942
vn -0.4572 -0.8090 -0.3694
vn -0.6293 -0.5878 -0.5085
vn -0.7397 -0.3090 -0.5977
vn -0.0128 -0.1970 0.9803
vn -0.0832 -0.3747 0.9234
vn -0.1929 -0.5157 0.8348
vn -0.3311 -0.6062 0.7231
vn -0.4843 -0.6374 0.5993
vn -0.6375 -0.6062 0.4755
vn -0.7757 -0.5157 0.3639
vn -0.8854 -0.3747 0.2752
vn -0.9558 -0.1970 0.2183
vn 0.8662 -0.1199 -0.4851
vn 0.8234 -0.2280 -0.5197
vn 0.7566 -0.3138 -0.5736
vn 0.6725 -0.3689 -0.6416
vn 0.5793 -0.3879 -0.7169
vn 0.4861 -0.3689 -0.7922
vn 0.4020 -0.3138 -0.8602
vn 0.3352 -0.2280 -0.9141
vn 0.2924 -0.1199 -0.9488
vn 0.8463 -0.1073 -0.5218
vn 0.8079 -0.2041 -0.5528
vn 0.7482 -0.2809 -0.6011
vn 0.6729 -0.3302 -0.6620
vn 0.5894 -0.3472 -0.7294
vn 0.5059 -0.3302 -0.7968
vn 0.4306 -0.2809 -0.8577
vn 0.3709 -0.2041 -0.9060
vn 0.3325 -0.1073 -0.9370
vn 0.4725 -0.1535 0.8679
vn 0.4019 -0.2920 0.8679
vn 0.2920 -0.4019 0.8679
vn 0.1535 -0.4725 0.8679
vn -0.0000 -0.4968 0.8679
vn -0.1535 -0.4725 0.8679
vn -0.2920 -0.4019 0.8679
vn -0.4019 -0.2920 0.8679
vn -0.4725 -0.1535 0.8679
vn 0.9511 -0.3090 0.0000
vn 0.8090 -0.5878 -0.0000
vn 0.5878 -0.8090 -0.0000
vn 0.3090 -0.9511 0.0000
vn -0.3090 -0.9511 0.0000
vn -0.5878 -0.8090 0.0000
vn -0.8090 -0.5878 0.0000
vn -0.9511 -0.3090 0.0000
vn 0.6062 -0.1970 0.7705
vn 0.5157 -0.3747 0.7705
vn 0.3747 -0.5157 0.7705
vn 0.1970 -0.6062 0.7705
vn -0.0000 -0.6374 0.7705
vn -0.1970 -0.6062 0.7705
vn -0.3747 -0.5157 0.7705
vn -0.5157 -0.3747 0.7705
vn -0.6062 -0.1970 0.7705
vn 0.3689 -0.1199 -0.9217
vn 0.3138 -0.2280 -0.9217
vn 0.2280 -0.3138 -0.9217
vn 0.1199 -0.3689 -0.9217
vn 0.0000 -0.3879 -0.9217
vn -0.1199 -0.3689 -0.9217
vn -0.2280 -0.3138 -0.9217
vn -0.3138 -0.2280 -0.9217
vn -0.3689 -0.1199 -0.9217
vn 0.3302 -0.1073 -0.9378
vn 0.2809 -0.2041 -0.9378
vn 0.2041 -0.2809 -0.9378
vn 0.1073 -0.3302 -0.9378
vn 0.0000 -0.3472 -0.9378
vn -0.1073 -0.3302 -0.9378
vn -0.2041 -0.2809 -0.9378
vn -0.2809 -0.2041 -0.9378
vn -0.3302 -0.1073 -0.9378
vn 0.1780 -0.1535 -0.9720
vn 0.2329 -0.2920 -0.9276
vn 0.3183 -0.4019 -0.8586
vn 0.4261 -0.4725 -0.7715
vn 0.5455 -0.4968 -0.6750
vn 0.6649 -0.4725 -0.5786
vn 0.7726 -0.4019 -0.4915
vn 0.8581 -0.2920 -0.4224
vn 0.9130 -0.1535 -0.3781
vn 0.0128 -0.1970 -0.9803
vn 0.0832 -0.3747 -0.9234
vn 0.1929 -0.5157 -0.8348
vn 0.3311 -0.6062 -0.7231
vn 0.4843 -0.6374 -0.5993
vn 0.6375 -0.6062 -0.4755
vn 0.7757 -0.5157 -0.3639
vn 0.8854 -0.3747 -0.2752
vn 0.9558 -0.1970 -0.2183
vn -0.8662 -0.1199 0.4851
vn -0.8234 -0.2280 0.5197
vn -0.7566 -0.3138 0.5736
vn -0.6725 -0.3689 0.6416
vn -0.5793 -0.3879 0.7169
vn -0.4861 -0.3689 0.7922
vn -0.4020 -0.3138 0.8602
vn -0.3352 -0.2280 0.9141
vn -0.2924 -0.1199 0.9488
vn -0.8463 -0.1073 0.5218
vn -0.8079 -0.2041 0.5528
vn -0.7481 -0.2809 0.6011
vn -0.7482 -0.2809 0.6011
vn -0.6729 -0.3302 0.6620
vn -0.5894 -0.3472 0.7294
vn -0.5059 -0.3302 0.7968
vn -0.4306 -0.2809 0.8577
vn -0.3709 -0.2041 0.9060
vn -0.3325 -0.1073 0.9370
vn -0.4725 -0.1535 -0.8679
vn -0.4019 -0.2920 -0.8679
vn -0.2920 -0.4019 -0.8679
vn -0.1535 -0.4725 -0.8679
vn -0.0000 -0.4968 -0.8679
vn 0.1535 -0.4725 -0.8679
vn 0.2920 -0.4019 -0.8679
vn 0.4019 -0.2920 -0.8679
vn 0.4725 -0.1535 -0.8679
vn -0.6062 -0.1970 -0.7705
vn -0.5157 -0.3747 -0.7705
vn -0.3747 -0.5157 -0.7705
vn -0.1970 -0.6062 -0.7705
vn 0.0000 -0.6374 -0.7705
vn 0.1970 -0.6062 -0.7705
vn 0.3747 -0.5157 -0.7705
vn 0.5157 -0.3747 -0.7705
vn 0.6062 -0.1970 -0.7705
vn -0.3689 -0.1199 0.9217
vn -0.3138 -0.2280 0.9217
vn -0.2280 -0.3138 0.9217
vn -0.1199 -0.3689 0.9217
vn -0.0000 -0.3879 0.9217
vn 0.1199 -0.3689 0.9217
vn 0.2280 -0.3138 0.9217
vn 0.3138 -0.2280 0.9217
vn 0.3689 -0.1199 0.9217
vn -0.3302 -0.1073 0.9378
vn -0.2809 -0.2041 0.9378
vn -0.2041 -0.2809 0.9378
vn -0.1073 -0.3302 0.9378
vn 0.0000 -0.3472 0.9378
vn 0.1073 -0.3302 0.9378
vn 0.2041 -0.2809 0.9378
vn 0.2809 -0.2041 0.9378
vn 0.3302 -0.1073 0.9378
vn 0.9638 -0.2666 -0.0000
vn 0.9638 -0.2667 0.0000
vn -0.0641 0.6036 0.7947
vn -0.0406 0.6771 0.7348
vn -0.0406 0.6771 -0.7348
vn -0.0641 0.6036 -0.7947
vn -0.3475 -0.9377 -0.0008
vn -0.3468 -0.9379 -0.0008
vn -0.3468 -0.9379 0.0008
vn -0.3475 -0.9377 0.0008
vn -0.1588 0.9789 -0.1283
vn 0.0843 -0.9941 0.0681
vn -0.7732 0.1084 -0.6248
vn 0.7614 -0.2041 0.6153
vn -0.3191 -0.9120 -0.2579
vn 0.3863 0.8680 0.3121
vn 0.5760 -0.6720 0.4654
vn -0.5227 0.7405 -0.4224
vn 0.6751 0.4966 0.5455
vn -0.7093 -0.4103 -0.5732
vn -0.2068 0.0717 0.9758
vn -0.5029 0.4525 0.7364
vn -0.8762 0.2080 0.4349
vn -0.8106 -0.3239 0.4878
vn -0.3969 -0.4082 0.8221
vn -0.2485 0.9476 -0.2008
vn -0.2521 0.9473 -0.1977
vn -0.0085 -0.9999 -0.0069
vn -0.0122 -0.9999 -0.0038
vn -0.7777 -0.0110 -0.6285
vn -0.7807 -0.0119 -0.6248
vn 0.7371 -0.3194 0.5956
vn 0.7339 -0.3203 0.5990
vn -0.2322 -0.9544 -0.1877
vn -0.2345 -0.9547 -0.1835
vn 0.4641 0.8025 0.3750
vn 0.4617 0.8020 0.3791
vn 0.6342 -0.5789 0.5125
vn 0.6317 -0.5781 0.5164
vn -0.4502 0.8154 -0.3638
vn -0.4526 0.8159 -0.3597
vn 0.6242 0.5966 0.5044
vn 0.6208 0.5974 0.5077
vn -0.7423 -0.2986 -0.5998
vn -0.7455 -0.2977 -0.5964
vn -0.9744 -0.1377 -0.1778
vn -0.4051 -0.8696 0.2822
vn 0.3122 -0.3997 0.8618
vn 0.1862 0.6226 0.7601
vn 0.1863 0.6226 0.7601
vn -0.6089 0.7845 0.1176
vn -0.2041 0.9789 0.0000
vn 0.1084 -0.9941 0.0000
vn -0.9941 0.1084 -0.0000
vn 0.9789 -0.2041 0.0000
vn -0.4103 -0.9120 -0.0000
vn 0.4966 0.8680 0.0000
vn 0.7405 -0.6720 0.0000
vn 0.7406 -0.6720 0.0000
vn -0.6720 0.7405 -0.0000
vn 0.8680 0.4966 -0.0000
vn -0.9120 -0.4103 0.0000
vn 0.4525 0.0717 0.8889
vn 0.0717 0.4525 0.8889
vn -0.4082 0.2080 0.8889
vn -0.3239 -0.3239 0.8889
vn 0.2080 -0.4082 0.8889
vn -0.3194 0.9476 0.0000
vn -0.3203 0.9473 0.0047
vn -0.0119 -0.9999 0.0047
vn -0.9999 -0.0110 -0.0000
vn -0.9999 -0.0119 0.0047
vn 0.9476 -0.3194 0.0000
vn 0.9473 -0.3203 0.0047
vn -0.2986 -0.9544 0.0000
vn -0.2977 -0.9547 0.0047
vn 0.5966 0.8025 0.0000
vn 0.5973 0.8020 0.0047
vn 0.8154 -0.5789 0.0000
vn 0.8159 -0.5781 0.0047
vn -0.5789 0.8154 -0.0000
vn -0.5781 0.8159 0.0047
vn 0.8025 0.5966 -0.0000
vn 0.8020 0.5974 0.0047
vn -0.9544 -0.2986 0.0000
vn -0.9547 -0.2977 0.0047
vn -0.8696 -0.1377 0.4741
vn -0.1377 -0.8696 0.4741
vn 0.7845 -0.3997 0.4741
vn 0.6226 0.6226 0.4741
vn -0.3997 0.7845 0.4741
vn 0.1588 0.9789 0.1283
vn -0.0843 -0.9941 -0.0681
vn 0.7732 0.1084 0.6248
vn -0.7614 -0.2041 -0.6153
vn 0.3191 -0.9120 0.2579
vn -0.3863 0.8680 -0.3121
vn -0.5760 -0.6720 -0.4654
vn 0.5227 0.7405 0.4224
vn -0.6751 0.4966 -0.5455
vn 0.7093 -0.4103 0.5732
vn 0.2068 0.0717 -0.9758
vn 0.2067 0.0717 -0.9758
vn 0.5029 0.4525 -0.7364
vn 0.8762 0.2080 -0.4349
vn 0.8106 -0.3239 -0.4878
vn 0.3969 -0.4082 -0.8221
vn 0.2485 0.9476 0.2008
vn 0.2521 0.9473 0.1977
vn 0.0085 -0.9999 0.0069
vn 0.0122 -0.9999 0.0038
vn 0.7778 -0.0110 0.6285
vn 0.7807 -0.0119 0.6248
vn -0.7371 -0.3194 -0.5956
vn -0.7339 -0.3203 -0.5990
vn 0.2322 -0.9544 0.1877
vn 0.2345 -0.9547 0.1835
vn -0.4641 0.8025 -0.3750
vn -0.4617 0.8020 -0.3791
vn -0.6342 -0.5789 -0.5125
vn -0.6317 -0.5781 -0.5164
vn 0.4502 0.8154 0.3638
vn 0.4526 0.8159 0.3597
vn -0.6242 0.5966 -0.5044
vn -0.6208 0.5974 -0.5077
vn 0.7423 -0.2986 0.5998
vn 0.7455 -0.2977 0.5964
vn 0.9744 -0.1377 0.1778
vn 0.4051 -0.8696 -0.2822
vn -0.3122 -0.3997 -0.8618
vn -0.1863 0.6226 -0.7601
vn -0.1862 0.6226 -0.7601
vn 0.6089 0.7845 -0.1176
vn 0.2041 0.9789 -0.0000
vn -0.1084 -0.9941 -0.0000
vn 0.9941 0.1084 0.0000
vn -0.9789 -0.2041 -0.0000
vn 0.4103 -0.9120 -0.0000
vn -0.4966 0.8680 0.0000
vn -0.7405 -0.6720 0.0000
vn 0.6720 0.7405 0.0000
vn -0.8680 0.4966 0.0000
vn 0.9120 -0.4103 -0.0000
vn -0.4525 0.0717 -0.8889
vn -0.0717 0.4525 -0.8889
vn 0.4082 0.2080 -0.8889
vn 0.3239 -0.3239 -0.8889
vn -0.2080 -0.4082 -0.8889
vn 0.3194 0.9476 0.0000
vn 0.3203 0.9473 -0.0047
vn 0.0110 -0.9999 -0.0000
vn 0.0119 -0.9999 -0.0047
vn 0.9999 -0.0110 0.0000
vn 0.9999 -0.0119 -0.0047
vn -0.9476 -0.3194 0.0000
vn -0.9473 -0.3203 -0.0047
vn 0.2986 -0.9544 -0.0000
vn 0.2977 -0.9547 -0.0047
vn -0.5966 0.8025 0.0000
vn -0.5973 0.8020 -0.0047
vn -0.8154 -0.5789 0.0000
vn -0.8159 -0.5781 -0.0047
vn 0.5789 0.8154 0.0000
vn 0.5781 0.8159 -0.0047
vn -0.8025 0.5966 0.0000
vn -0.8020 0.5974 -0.0047
vn 0.9544 -0.2986 -0.0000
vn 0.9547 -0.2977 -0.0047
vn 0.8696 -0.1377 -0.4741
vn 0.1377 -0.8696 -0.4741
vn -0.7845 -0.3997 -0.4741
vn -0.6226 0.6226 -0.4741
vn 0.3997 0.7845 -0.4741
vn -0.0057 -0.7071 0.7071
vn -0.0057 -0.7071 -0.7071
vn 0.0057 0.7071 -0.7071
vn 0.0057 0.7071 0.7071
vn 0.4236 -0.0685 0.9032
vn 0.3979 0.0292 0.9169
vn 0.3973 0.0285 0.9172
vn 0.4451 -0.1579 0.8815
vn 0.5862 -0.8102 0.0000
vn 0.5951 -0.8037 0.0000
vn 0.5080 -0.8613 -0.0082
vn 0.4996 -0.8663 -0.0062
vn 0.4748 -0.3040 0.8259
vn 0.4675 -0.2718 0.8412
vn 0.4717 -0.2932 0.8316
vn 0.4750 -0.3041 0.8258
vn -0.0699 0.3187 -0.9453
vn 0.1013 0.1450 -0.9842
vn 0.0440 0.2883 -0.9565
vn 0.2023 -0.8632 -0.4626
vn 0.1711 -0.8763 -0.4503
vn 0.8989 0.1003 -0.4264
vn 0.9476 -0.0754 -0.3104
vn 0.9379 -0.0290 -0.3457
vn 0.9109 0.1304 -0.3915
vn 0.8958 0.2272 -0.3821
vn 0.9046 0.2223 -0.3636
vn 0.1901 0.8937 -0.4063
vn 0.2048 0.8874 -0.4131
vn -0.0068 0.9165 -0.3999
vn -0.7421 -0.0774 0.6658
vn -0.7309 -0.0821 0.6776
vn -0.7466 -0.0755 0.6610
vn -0.7537 -0.0724 0.6532
vn -0.1404 -0.9829 -0.1195
vn -0.1359 -0.9835 -0.1190
vn -0.1343 -0.9754 -0.1749
vn -0.1285 -0.9759 -0.1762
vn -0.0937 -0.9663 -0.2396
vn -0.0804 -0.9656 -0.2472
vn -0.0958 -0.0890 -0.9914
vn -0.0889 -0.0804 -0.9928
vn -0.0979 -0.0915 -0.9910
vn -0.1024 -0.0972 -0.9900
vn -0.6341 0.7374 -0.2326
vn -0.6261 0.7469 -0.2239
vn -0.6651 0.7229 -0.1873
vn -0.6671 0.7210 -0.1874
vn -0.6795 0.7242 -0.1180
vn -0.6772 0.7269 -0.1139
vn -0.6925 0.7214 0.0000
vn -0.6927 0.7213 0.0000
vn -0.6946 0.7091 0.1211
vn -0.6890 0.7150 0.1186
vn -0.6757 0.6958 0.2433
vn -0.6642 0.6992 0.2645
vn -0.5028 0.0948 0.8592
vn -0.5196 0.1033 0.8481
vn -0.4994 0.0931 0.8613
vn -0.4885 0.0877 0.8681
vn -0.1629 -0.9734 0.1612
vn -0.1277 -0.9815 0.1430
vn -0.1691 -0.9825 0.0780
vn -0.1933 -0.9788 0.0685
vn -0.2713 -0.9625 0.0000
vn -0.2872 -0.9579 0.0000
vn 0.3613 0.8297 -0.4256
vn 0.3781 0.8363 -0.3970
vn 0.3466 0.8372 -0.4231
vn 0.3578 0.8216 -0.4437
vn -0.2561 -0.0713 -0.9640
vn -0.3563 -0.0148 -0.9343
vn -0.3014 0.0577 -0.9518
vn 0.2540 -0.8023 -0.5402
vn 0.2499 -0.7995 -0.5463
vn 0.2766 -0.8295 -0.4851
vn 0.9398 0.0079 -0.3416
vn 0.9348 0.1244 -0.3328
vn 0.9061 0.2235 -0.3592
vn 0.3439 0.8279 -0.4430
vn 0.3355 0.8394 -0.4276
vn 0.3237 -0.8531 -0.4092
vn 0.4236 -0.0685 -0.9033
vn 0.4451 -0.1579 -0.8815
vn 0.3973 0.0285 -0.9172
vn 0.3979 0.0292 -0.9170
vn 0.4995 -0.8663 0.0062
vn 0.5080 -0.8613 0.0082
vn 0.4748 -0.3040 -0.8259
vn 0.4750 -0.3041 -0.8258
vn 0.4717 -0.2932 -0.8316
vn 0.4675 -0.2718 -0.8412
vn -0.0699 0.3187 0.9453
vn 0.0440 0.2883 0.9565
vn 0.1013 0.1450 0.9842
vn 0.2023 -0.8632 0.4626
vn 0.1711 -0.8763 0.4503
vn 0.8989 0.1003 0.4264
vn 0.9109 0.1304 0.3915
vn 0.9379 -0.0290 0.3457
vn 0.9476 -0.0754 0.3104
vn 0.8958 0.2272 0.3821
vn 0.9046 0.2223 0.3636
vn 0.1901 0.8937 0.4063
vn -0.0068 0.9165 0.3999
vn 0.2048 0.8874 0.4131
vn -0.7421 -0.0774 -0.6658
vn -0.7537 -0.0724 -0.6532
vn -0.7466 -0.0755 -0.6610
vn -0.7309 -0.0821 -0.6776
vn -0.1404 -0.9829 0.1195
vn -0.1285 -0.9759 0.1762
vn -0.1343 -0.9754 0.1749
vn -0.1359 -0.9835 0.1190
vn -0.0804 -0.9656 0.2472
vn -0.0937 -0.9663 0.2396
vn -0.0958 -0.0890 0.9914
vn -0.1024 -0.0972 0.9900
vn -0.0979 -0.0915 0.9910
vn -0.0889 -0.0804 0.9928
vn -0.6341 0.7374 0.2326
vn -0.6671 0.7210 0.1874
vn -0.6651 0.7229 0.1873
vn -0.6261 0.7469 0.2239
vn -0.6772 0.7269 0.1139
vn -0.6795 0.7242 0.1180
vn -0.6890 0.7150 -0.1186
vn -0.6946 0.7091 -0.1211
vn -0.6642 0.6992 -0.2645
vn -0.6757 0.6958 -0.2433
vn -0.5028 0.0948 -0.8592
vn -0.4885 0.0877 -0.8681
vn -0.4994 0.0931 -0.8613
vn -0.5196 0.1033 -0.8481
vn -0.1629 -0.9734 -0.1612
vn -0.1933 -0.9788 -0.0685
vn -0.1691 -0.9825 -0.0780
vn -0.1277 -0.9815 -0.1430
vn 0.3613 0.8297 0.4256
vn 0.3578 0.8216 0.4437
vn 0.3466 0.8372 0.4231
vn 0.3781 0.8363 0.3970
vn -0.2561 -0.0713 0.9640
vn -0.3563 -0.0148 0.9343
vn -0.3014 0.0577 0.9518
vn 0.2766 -0.8295 0.4851
vn 0.2499 -0.7995 0.5463
vn 0.2540 -0.8023 0.5402
vn 0.9348 0.1244 0.3328
vn 0.9398 0.0079 0.3416
vn 0.9061 0.2235 0.3592
vn 0.3355 0.8394 0.4276
vn 0.3439 0.8279 0.4430
vn 0.3237 -0.8531 0.4092
vn 0.7682 -0.1564 0.6208
vn 0.6930 0.4540 0.5600
vn 0.3531 0.8910 0.2853
vn -0.1217 0.9877 -0.0983
vn -0.5500 0.7071 -0.4444
vn -0.7682 0.1564 -0.6208
vn -0.6930 -0.4540 -0.5600
vn -0.3531 -0.8910 -0.2853
vn 0.1217 -0.9877 0.0983
vn 0.5500 -0.7071 0.4444
vn 0.9877 -0.1564 -0.0000
vn 0.8910 0.4540 -0.0000
vn 0.4540 0.8910 -0.0000
vn -0.1564 0.9877 -0.0000
vn -0.7071 0.7071 -0.0000
vn -0.9877 0.1564 -0.0000
vn -0.8910 -0.4540 0.0000
vn -0.4540 -0.8910 0.0000
vn 0.1564 -0.9877 0.0000
vn 0.7071 -0.7071 -0.0000
vn -0.7682 -0.1564 -0.6208
vn -0.6930 0.4540 -0.5600
vn -0.3531 0.8910 -0.2853
vn 0.1217 0.9877 0.0983
vn 0.5500 0.7071 0.4444
vn 0.7682 0.1564 0.6208
vn 0.6930 -0.4540 0.5600
vn 0.3531 -0.8910 0.2853
vn -0.1217 -0.9877 -0.0983
vn -0.5500 -0.7071 -0.4444
vn -0.9877 -0.1564 0.0000
vn -0.8910 0.4540 0.0000
vn -0.4540 0.8910 0.0000
vn 0.1564 0.9877 -0.0000
vn 0.7071 0.7071 -0.0000
vn 0.9877 0.1564 -0.0000
vn 0.8910 -0.4540 -0.0000
vn 0.4540 -0.8910 -0.0000
vn -0.1564 -0.9877 -0.0000
vn -0.7071 -0.7071 0.0000
vn 1.0000 -0.0080 -0.0000
vn 0.0670 0.9954 0.0689
vn 0.0654 0.9951 0.0741
vn 0.0666 0.9944 0.0818
vn 0.0641 0.9949 0.0775
vn -0.0473 -0.9771 0.2077
vn 0.0278 0.5746 0.8180
vn 0.0527 0.4788 0.8763
vn 0.0020 0.0912 0.9958
vn 0.0018 0.0907 0.9959
vn -0.4886 0.8725 -0.0000
vn 0.0654 0.9951 -0.0741
vn 0.0670 0.9954 -0.0689
vn 0.0641 0.9949 -0.0775
vn 0.0666 0.9944 -0.0818
vn -0.0473 -0.9770 -0.2077
vn 0.0278 0.5746 -0.8180
vn 0.0527 0.4788 -0.8763
vn 0.0018 0.0907 -0.9959
vn 0.0020 0.0912 -0.9958
vn -0.4885 0.8725 0.0000
vn -0.2812 -0.9403 0.1916
vn -0.0110 -0.6926 0.7212
vn -0.9047 0.0073 -0.4260
vn 0.4878 -0.7297 0.4791
vn -0.6261 0.7208 -0.2975
vn 0.8191 -0.0067 -0.5736
vn -0.2812 -0.9403 -0.1916
vn -0.0110 -0.6926 -0.7212
vn -0.9047 0.0073 0.4260
vn 0.4878 -0.7297 -0.4791
vn -0.6260 0.7208 0.2975
vn -0.6261 0.7208 0.2975
vn 0.8191 -0.0067 0.5736
vn 0.2328 0.9725 0.0000
vn 0.1027 -0.0130 -0.9946
vn 0.1022 -0.0126 -0.9947
vn 0.1022 -0.0126 0.9947
vn 0.1027 -0.0130 0.9946
vn -0.6123 0.0033 0.7906
vn 0.7577 0.0284 -0.6520
vn -0.6258 0.0206 0.7797
vn 0.6402 0.1796 -0.7470
vn -0.6429 0.0095 0.7659
vn 0.4920 0.0825 -0.8666
vn -0.6399 -0.0148 0.7683
vn 0.5181 -0.1285 -0.8456
vn 0.5180 -0.1285 -0.8456
vn -0.6210 -0.0186 0.7836
vn 0.6822 -0.1620 -0.7130
vn -0.4355 0.0359 0.8995
vn 0.4874 -0.0268 -0.8728
vn -0.5838 0.2266 0.7796
vn 0.5983 -0.1694 -0.7831
vn -0.7708 0.1042 0.6286
vn 0.7381 -0.0779 -0.6702
vn -0.7379 -0.1622 0.6551
vn -0.7379 -0.1623 0.6551
vn 0.7135 0.1213 -0.6900
vn -0.5307 -0.2044 0.8225
vn 0.5586 0.1529 -0.8152
vn 0.0206 0.0033 0.9998
vn 0.1796 0.0284 -0.9833
vn 0.0033 0.0206 0.9998
vn 0.0284 0.1796 -0.9833
vn -0.0186 0.0095 0.9998
vn -0.1620 0.0825 -0.9833
vn -0.0148 -0.0148 0.9998
vn -0.1285 -0.1285 -0.9833
vn 0.0095 -0.0186 0.9998
vn 0.0825 -0.1620 -0.9833
vn 0.2266 0.0359 0.9733
vn -0.1694 -0.0268 -0.9852
vn 0.0359 0.2266 0.9733
vn -0.0268 -0.1694 -0.9852
vn -0.2044 0.1042 0.9733
vn 0.1529 -0.0779 -0.9852
vn -0.1622 -0.1622 0.9733
vn 0.1213 0.1213 -0.9852
vn 0.1042 -0.2044 0.9733
vn -0.0779 0.1529 -0.9852
vn 0.6123 0.0033 -0.7906
vn -0.7577 0.0284 0.6520
vn 0.6258 0.0206 -0.7797
vn -0.6402 0.1796 0.7470
vn 0.6429 0.0095 -0.7659
vn -0.4920 0.0825 0.8666
vn 0.6399 -0.0148 -0.7683
vn -0.5180 -0.1285 0.8456
vn -0.5181 -0.1285 0.8456
vn 0.6210 -0.0186 -0.7836
vn -0.6822 -0.1620 0.7130
vn 0.4355 0.0359 -0.8995
vn -0.4874 -0.0268 0.8728
vn 0.5838 0.2266 -0.7796
vn -0.5983 -0.1694 0.7831
vn 0.7708 0.1042 -0.6286
vn -0.7381 -0.0779 0.6702
vn 0.7379 -0.1622 -0.6551
vn -0.7135 0.1213 0.6900
vn 0.5307 -0.2044 -0.8225
vn -0.5586 0.1529 0.8152
vn -0.0206 0.0033 -0.9998
vn -0.1796 0.0284 0.9833
vn -0.0033 0.0206 -0.9998
vn -0.0284 0.1796 0.9833
vn 0.0186 0.0095 -0.9998
vn 0.1620 0.0825 0.9833
vn 0.0148 -0.0148 -0.9998
vn 0.1285 -0.1285 0.9833
vn -0.0095 -0.0186 -0.9998
vn -0.0825 -0.1620 0.9833
vn -0.2266 0.0359 -0.9733
vn 0.1694 -0.0268 0.9852
vn -0.0359 0.2266 -0.9733
vn 0.0268 -0.1694 0.9852
vn 0.2044 0.1042 -0.9733
vn -0.1529 -0.0779 0.9852
vn 0.1623 -0.1622 -0.9733
vn 0.1622 -0.1622 -0.9733
vn -0.1213 0.1213 0.9852
vn -0.1042 -0.2044 -0.9733
vn 0.0779 0.1529 0.9852
vn 0.1573 -0.1040 -0.9821
vn 0.2883 -0.1496 -0.9458
vn -0.4571 -0.1277 -0.8802
vn -0.8186 -0.2952 -0.4926
vn -0.0014 -0.0228 -0.9997
vn -0.0029 -0.0088 -1.0000
vn -0.0116 -0.0104 -0.9999
vn -0.0104 -0.0214 -0.9997
vn -0.1021 -0.0027 -0.9948
vn -0.0357 0.0013 -0.9994
vn -0.0125 -0.0246 -0.9996
vn -0.1124 -0.0115 -0.9936
vn -0.0088 -0.0336 -0.9994
vn -0.0124 0.0103 -0.9999
vn 0.0441 0.0144 -0.9989
vn 0.0006 -0.0307 -0.9995
vn 0.3757 -0.1642 -0.9121
vn -0.0467 -0.1047 -0.9934
vn 0.9870 0.0621 -0.1479
vn 0.9905 0.1077 -0.0859
vn -0.0034 0.0237 -0.9997
vn -0.0117 0.0245 -0.9996
vn 0.0768 0.0174 -0.9969
vn -0.0388 0.0160 -0.9991
vn -0.7693 0.5924 -0.2395
vn -0.7604 0.6116 -0.2185
vn -0.8053 0.4853 -0.3405
vn -0.8008 0.4853 -0.3511
vn 0.7393 0.4921 -0.4596
vn -0.8048 0.5697 -0.1667
vn -0.7803 0.6053 -0.1571
vn 0.9915 0.1199 -0.0499
vn 0.9947 0.0928 -0.0445
vn 0.9620 0.2730 0.0000
vn 0.9543 0.2989 0.0000
vn 0.5096 0.8604 -0.0000
vn 0.0549 -0.0553 -0.9970
vn 0.0814 -0.0174 -0.9965
vn 0.0225 0.0020 -0.9997
vn -0.1186 0.0084 -0.9929
vn -0.8600 -0.3008 -0.4123
vn -0.8495 -0.3025 -0.4323
vn -0.9089 -0.2620 -0.3244
vn -0.8943 -0.2618 -0.3628
vn -0.9512 -0.2798 -0.1299
vn -0.9450 -0.2551 -0.2048
vn -0.9156 -0.2821 -0.2866
vn -0.9383 -0.2894 -0.1894
vn -0.9467 -0.2512 -0.2016
vn -0.9488 -0.2436 -0.2011
vn -0.9527 -0.2825 -0.1121
vn -0.9495 -0.3138 0.0000
vn -0.9491 -0.3150 -0.0000
vn 0.7990 -0.6013 0.0000
vn 0.8048 -0.5897 -0.0683
vn 0.8929 -0.4436 -0.0764
vn 0.8983 -0.4393 0.0000
vn -0.0094 -0.0231 -0.9997
vn 0.0306 -0.0277 -0.9991
vn -0.0098 0.0020 -1.0000
vn 0.1084 -0.0778 -0.9911
vn 0.0850 -0.0181 -0.9962
vn -0.0025 0.0073 -1.0000
vn -0.0193 -0.0313 -0.9993
vn 0.0100 -0.0203 -0.9997
vn 0.0129 -0.0180 -0.9998
vn 0.0097 -0.0179 -0.9998
vn 0.0097 -0.0162 -0.9998
vn 0.0093 -0.0447 -0.9990
vn -0.0031 -0.0190 -0.9998
vn -0.7769 0.5884 -0.2242
vn -0.7880 0.5024 -0.3559
vn -0.7737 0.6141 -0.1556
vn 0.1573 -0.1040 0.9821
vn 0.2883 -0.1496 0.9458
vn -0.4571 -0.1277 0.8802
vn -0.8186 -0.2952 0.4926
vn -0.0014 -0.0228 0.9997
vn -0.0104 -0.0214 0.9997
vn -0.0116 -0.0104 0.9999
vn -0.0029 -0.0088 1.0000
vn -0.1021 -0.0027 0.9948
vn -0.1124 -0.0115 0.9936
vn -0.0125 -0.0246 0.9996
vn -0.0357 0.0013 0.9994
vn -0.0088 -0.0336 0.9994
vn 0.0006 -0.0307 0.9995
vn 0.0441 0.0144 0.9989
vn -0.0124 0.0103 0.9999
vn 0.3757 -0.1642 0.9121
vn -0.0467 -0.1047 0.9934
vn 0.9870 0.0621 0.1479
vn 0.9905 0.1077 0.0859
vn -0.0117 0.0245 0.9996
vn -0.0034 0.0237 0.9997
vn 0.0768 0.0174 0.9969
vn -0.0388 0.0160 0.9991
vn -0.7693 0.5924 0.2395
vn -0.8008 0.4852 0.3511
vn -0.8054 0.4853 0.3405
vn -0.7604 0.6116 0.2185
vn 0.7393 0.4921 0.4596
vn -0.8048 0.5697 0.1667
vn -0.7803 0.6053 0.1571
vn 0.9915 0.1199 0.0499
vn 0.9947 0.0928 0.0445
vn 0.0814 -0.0174 0.9965
vn 0.0549 -0.0553 0.9970
vn 0.0225 0.0020 0.9997
vn -0.1186 0.0084 0.9929
vn -0.8495 -0.3025 0.4323
vn -0.8600 -0.3008 0.4123
vn -0.8943 -0.2618 0.3628
vn -0.9089 -0.2620 0.3244
vn -0.9450 -0.2551 0.2048
vn -0.9512 -0.2798 0.1299
vn -0.9383 -0.2893 0.1894
vn -0.9156 -0.2821 0.2866
vn -0.9467 -0.2512 0.2016
vn -0.9488 -0.2436 0.2011
vn -0.9527 -0.2825 0.1121
vn 0.8929 -0.4436 0.0764
vn 0.8048 -0.5897 0.0683
vn -0.0094 -0.0231 0.9997
vn 0.0306 -0.0277 0.9991
vn -0.0098 0.0020 1.0000
vn 0.1084 -0.0778 0.9911
vn 0.0850 -0.0181 0.9962
vn -0.0193 -0.0313 0.9993
vn -0.0025 0.0073 1.0000
vn 0.0100 -0.0203 0.9997
vn 0.0129 -0.0180 0.9998
vn 0.0097 -0.0179 0.9998
vn 0.0093 -0.0447 0.9990
vn 0.0097 -0.0162 0.9998
vn -0.0031 -0.0190 0.9998
vn -0.7769 0.5884 0.2242
vn -0.7880 0.5024 0.3559
vn -0.7737 0.6141 0.1556
vn 0.2820 0.9594 0.0000
vn -0.0788 0.0131 0.9968
vn -0.0788 0.0127 0.9968
vn -0.0788 0.0128 0.9968
vn -0.0788 0.0132 0.9968
vn 0.1736 -0.0281 -0.9844
vn 0.1744 -0.0255 -0.9843
vn 0.9904 -0.1378 0.0144
vn 0.1729 -0.0227 -0.9847
vn 0.1750 -0.0222 -0.9843
vn 0.0113 -0.0014 0.9812
vn -0.0788 0.0131 -0.9968
vn -0.0788 0.0132 -0.9968
vn -0.0788 0.0128 -0.9968
vn -0.0788 0.0127 -0.9968
vn 0.1736 -0.0281 0.9844
vn 0.1729 -0.0227 0.9847
vn 0.0549 -0.0076 0.6188
vn 0.1744 -0.0255 0.9843
vn 0.3083 -0.1507 -0.9393
vn 0.1750 -0.0222 0.9843
vn -0.9913 0.1320 -0.0000
vn -0.9912 0.1320 -0.0000
vn 0.4579 0.5745 -0.6784
vn 0.4579 0.5745 0.6784
vn 0.3344 0.9028 0.2702
vn -0.4409 0.8238 -0.3563
vn -0.7754 -0.0791 -0.6265
vn -0.3344 -0.9029 -0.2702
vn 0.2599 -0.9425 0.2100
vn 0.7754 0.0791 0.6265
vn 0.4409 -0.8238 0.3563
vn -0.3344 -0.9028 -0.2702
vn -0.5919 0.6487 -0.4783
vn -0.6407 -0.5669 -0.5177
vn -0.6407 -0.5669 -0.5178
vn 0.7542 -0.2443 0.6095
vn 0.0920 0.9930 0.0743
vn 0.6407 0.5669 0.5177
vn 0.4300 0.9029 0.0000
vn -0.5669 0.8238 0.0000
vn -0.9969 -0.0791 0.0000
vn -0.4300 -0.9029 0.0000
vn 0.3341 -0.9425 0.0000
vn 0.9969 0.0791 -0.0000
vn 0.5669 -0.8238 0.0000
vn -0.7610 0.6487 -0.0000
vn -0.8238 -0.5669 0.0000
vn 0.9697 -0.2443 -0.0000
vn 0.1182 0.9930 -0.0000
vn 0.8238 0.5669 -0.0000
vn 0.3344 0.9029 0.2702
vn -0.4410 0.8238 -0.3563
vn 0.4300 0.9028 0.0000
usemtl 02_-_Default
s off
f 749/1/1 752/2/1 751/3/1
f 751/3/2 750/4/2 749/1/2
f 757/5/3 750/4/3 751/3/3
f 751/3/4 758/6/4 757/5/4
f 762/7/5 761/8/5 764/9/5
f 764/9/6 763/10/6 762/7/6
f 765/11/7 761/8/7 762/7/7
f 762/7/8 766/12/8 765/11/8
f 767/13/9 770/14/9 769/15/9
f 769/15/10 768/16/10 767/13/10
f 771/17/11 765/11/11 766/12/11
f 766/12/12 772/18/12 771/17/12
f 776/19/13 767/20/13 768/21/13
f 768/21/14 777/22/14 776/19/14
f 781/23/15 780/24/15 783/25/15
f 783/25/16 782/26/16 781/23/16
f 777/22/17 768/21/17 769/27/17
f 769/27/18 779/28/18 777/22/18
f 758/29/19 773/30/19 779/28/19
f 779/28/20 769/27/20 758/29/20
f 751/31/21 785/32/21 784/33/21
f 751/31/22 784/33/22 759/34/22
f 758/35/23 751/31/23 759/34/23
f 758/35/24 759/34/24 773/36/24
f 785/32/25 751/31/25 752/37/25
f 752/37/26 786/38/26 785/32/26
f 784/39/27 787/40/27 756/41/27
f 756/41/28 759/42/28 784/39/28
f 763/10/29 787/43/29 784/44/29
f 784/44/30 762/7/30 763/10/30
f 764/9/31 781/23/31 782/26/31
f 782/26/32 763/10/32 764/9/32
f 783/25/33 787/43/33 763/10/33
f 763/10/34 782/26/34 783/25/34
f 749/1/35 750/4/35 788/45/35
f 788/45/36 790/46/36 749/1/36
f 789/47/37 791/48/37 764/9/37
f 764/9/38 761/8/38 789/47/38
f 780/24/39 781/23/39 764/9/39
f 764/9/40 791/48/40 780/24/40
f 755/49/41 756/41/41 787/40/41
f 787/40/42 783/50/42 755/49/42
f 769/15/43 770/14/43 757/5/43
f 757/5/44 758/6/44 769/15/44
f 785/51/45 766/12/45 762/7/45
f 762/7/46 784/44/46 785/51/46
f 766/12/47 785/51/47 786/52/47
f 786/52/48 772/18/48 766/12/48
f 761/8/49 765/11/49 788/53/49
f 788/53/50 789/47/50 761/8/50
f 765/11/51 771/17/51 790/54/51
f 790/54/52 788/53/52 765/11/52
f 771/17/53 772/18/53 786/52/53
f 786/52/54 790/54/54 771/17/54
f 749/55/55 790/54/55 786/52/55
f 786/52/56 752/56/56 749/55/56
f 774/57/57 775/58/57 792/59/57
f 792/59/57 369/60/57 774/57/57
f 773/61/58 774/57/58 369/60/58
f 369/60/58 1265/62/58 773/61/58
f 778/63/59 779/64/59 793/65/59
f 793/65/59 1264/66/59 778/63/59
f 449/67/60 542/68/60 543/69/60
f 543/69/61 422/70/61 449/67/61
f 422/70/62 543/69/62 540/71/62
f 540/71/63 530/72/63 422/70/63
f 530/72/64 540/71/64 575/73/64
f 575/73/65 531/74/65 530/72/65
f 811/75/66 518/76/66 2846/77/66
f 2846/77/67 576/78/67 811/75/67
f 518/76/68 811/75/68 812/79/68
f 812/79/69 544/80/69 518/76/69
f 544/80/70 812/79/70 810/81/70
f 810/81/71 449/67/71 544/80/71
f 1041/82/72 371/83/72 508/84/72
f 508/84/73 562/85/73 1041/82/73
f 507/86/74 506/87/74 813/88/74
f 506/87/75 510/89/75 815/90/75
f 815/90/76 814/91/76 506/87/76
f 510/89/77 437/92/77 816/93/77
f 816/93/78 815/90/78 510/89/78
f 437/92/79 512/94/79 817/95/79
f 817/95/80 816/93/80 437/92/80
f 512/94/81 511/96/81 818/97/81
f 818/97/82 817/95/82 512/94/82
f 511/96/83 509/98/83 819/99/83
f 819/99/84 818/97/84 511/96/84
f 509/98/85 820/100/85 819/99/85
f 508/101/86 507/86/86 813/88/86
f 813/88/87 820/100/87 508/101/87
f 1221/102/88 1224/103/88 1223/104/88
f 1223/104/89 1222/105/89 1221/102/89
f 1230/106/90 1229/107/90 1223/104/90
f 1223/104/91 1224/103/91 1230/106/91
f 1236/108/92 1235/109/92 1234/110/92
f 1234/110/93 1233/111/93 1236/108/93
f 1238/112/94 1237/113/94 1236/108/94
f 1236/108/95 1233/111/95 1238/112/95
f 1239/114/96 1242/115/96 1241/116/96
f 1241/116/97 1240/117/97 1239/114/97
f 1244/118/98 1243/119/98 1237/113/98
f 1237/113/99 1238/112/99 1244/118/99
f 1249/120/100 1248/121/100 1242/122/100
f 1242/122/101 1239/123/101 1249/120/101
f 1255/124/102 1254/125/102 1253/126/102
f 1253/126/103 1252/127/103 1255/124/103
f 1248/121/104 1250/128/104 1241/129/104
f 1241/129/105 1242/122/105 1248/121/105
f 1229/130/106 1241/129/106 1250/128/106
f 1250/128/107 1247/131/107 1229/130/107
f 1229/132/108 1247/133/108 1232/134/108
f 1257/135/109 1256/136/109 1223/137/109
f 1232/134/110 1257/135/110 1223/137/110
f 1229/132/111 1232/134/111 1223/137/111
f 1256/136/112 1258/138/112 1222/139/112
f 1222/139/113 1223/137/113 1256/136/113
f 1257/140/114 1232/141/114 1226/142/114
f 1226/142/115 1259/143/115 1257/140/115
f 1235/109/116 1236/108/116 1257/144/116
f 1257/144/117 1259/145/117 1235/109/117
f 1234/110/118 1235/109/118 1254/125/118
f 1254/125/119 1255/124/119 1234/110/119
f 1253/126/120 1254/125/120 1235/109/120
f 1235/109/121 1259/145/121 1253/126/121
f 1221/102/122 1262/146/122 1261/147/122
f 1261/147/123 1224/103/123 1221/102/123
f 1260/148/124 1233/111/124 1234/110/124
f 1234/110/125 1263/149/125 1260/148/125
f 1252/127/126 1263/149/126 1234/110/126
f 1234/110/127 1255/124/127 1252/127/127
f 1227/150/128 1253/151/128 1259/143/128
f 1259/143/129 1226/142/129 1227/150/129
f 1241/116/130 1229/107/130 1230/106/130
f 1230/106/131 1240/117/131 1241/116/131
f 1256/152/132 1257/144/132 1236/108/132
f 1236/108/133 1237/113/133 1256/152/133
f 1237/113/134 1243/119/134 1258/153/134
f 1258/153/135 1256/152/135 1237/113/135
f 1233/111/136 1260/148/136 1261/154/136
f 1261/154/137 1238/112/137 1233/111/137
f 1238/112/138 1261/154/138 1262/155/138
f 1262/155/139 1244/118/139 1238/112/139
f 1244/118/140 1262/155/140 1258/153/140
f 1258/153/141 1243/119/141 1244/118/141
f 1221/156/142 1222/157/142 1258/153/142
f 1258/153/143 1262/155/143 1221/156/143
f 1246/158/57 369/60/57 792/59/57
f 792/59/57 1245/159/57 1246/158/57
f 1247/160/58 1265/62/58 369/60/58
f 369/60/58 1246/158/58 1247/160/58
f 1251/161/59 1264/66/59 793/65/59
f 793/65/59 1250/162/59 1251/161/59
f 898/163/144 993/164/144 1282/165/144
f 870/166/145 979/167/145 991/168/145
f 991/168/146 992/169/146 870/166/146
f 979/167/147 980/170/147 1033/171/147
f 1033/171/148 991/168/148 979/167/148
f 2844/172/149 966/173/149 1283/174/149
f 1283/174/150 1034/175/150 2844/172/150
f 966/173/151 995/176/151 1284/177/151
f 1284/177/152 1283/174/152 966/173/152
f 995/176/153 898/163/153 1282/165/153
f 1282/165/154 1284/177/154 995/176/154
f 1041/82/155 1016/178/155 1072/179/155
f 1072/179/156 371/83/156 1041/82/156
f 1022/180/157 957/181/157 990/182/157
f 990/182/158 954/183/158 961/184/158
f 961/184/159 989/185/159 990/182/159
f 989/185/160 961/184/160 958/186/160
f 958/186/161 888/187/161 989/185/161
f 888/187/162 958/186/162 959/188/162
f 959/188/163 1013/189/163 888/187/163
f 1013/189/164 959/188/164 960/190/164
f 960/190/165 1012/191/165 1013/189/165
f 1012/191/166 960/190/166 955/192/166
f 955/192/167 1017/193/167 1012/191/167
f 1017/193/168 956/194/168 1072/195/168
f 1072/195/169 956/194/169 957/181/169
f 957/181/170 1022/180/170 1072/195/170
f 1415/196/171 1417/197/171 1416/198/171
f 1416/198/171 1414/199/171 1415/196/171
f 1412/200/172 1420/201/172 1422/202/172
f 1404/203/172 1412/200/172 1422/202/172
f 1406/204/172 1404/203/172 1422/202/172
f 1414/199/173 1408/205/173 1409/206/173
f 1409/206/173 1415/196/173 1414/199/173
f 1417/197/174 1411/207/174 1410/208/174
f 1410/208/174 1416/198/174 1417/197/174
f 1419/209/175 1409/206/175 1408/205/175
f 1408/205/175 1420/201/175 1419/209/175
f 1408/205/172 1414/199/172 1416/198/172
f 1416/198/172 1410/208/172 1422/202/172
f 1408/205/172 1416/198/172 1422/202/172
f 1420/201/172 1408/205/172 1422/202/172
f 1406/204/176 1422/202/176 1425/210/176
f 1425/210/176 1424/211/176 1406/204/176
f 1421/212/177 1418/213/177 1427/214/177
f 1427/214/177 1426/215/177 1421/212/177
f 1418/213/177 1407/216/177 1423/217/177
f 1423/217/177 1427/214/177 1418/213/177
f 1443/218/178 1442/219/178 1445/220/178
f 1445/220/179 1444/221/179 1443/218/179
f 1454/222/180 1449/223/180 1446/224/180
f 1454/222/180 1446/224/180 1438/225/180
f 1439/226/180 1454/222/180 1438/225/180
f 1442/219/181 1443/218/181 1456/227/181
f 1456/227/181 1455/228/181 1442/219/181
f 1444/221/182 1445/220/182 1458/229/182
f 1458/229/182 1457/230/182 1444/221/182
f 1448/231/183 1449/223/183 1455/228/183
f 1455/228/183 1456/227/183 1448/231/183
f 1454/222/180 1458/229/180 1445/220/180
f 1445/220/180 1442/219/180 1455/228/180
f 1454/222/180 1445/220/180 1455/228/180
f 1449/223/180 1454/222/180 1455/228/180
f 1439/226/184 1466/232/184 1468/233/184
f 1468/233/184 1454/222/184 1439/226/184
f 1465/234/185 1469/235/185 1471/236/185
f 1471/236/185 1470/237/185 1465/234/185
f 1470/237/185 1471/236/185 1467/238/185
f 1467/238/185 1440/239/185 1470/237/185
f 1476/240/186 1480/241/186 1484/242/186
f 1484/242/187 1487/243/187 1476/240/187
f 1501/244/188 1508/245/188 1509/246/188
f 1509/246/189 1496/247/189 1501/244/189
f 1034/175/190 1033/171/190 980/170/190
f 980/170/191 2844/172/191 1034/175/191
f 531/74/192 575/73/192 576/78/192
f 576/78/193 2846/77/193 531/74/193
f 898/163/194 870/166/194 992/169/194
f 992/169/195 993/164/195 898/163/195
f 449/67/196 810/81/196 542/68/196
f 957/181/197 954/183/197 990/182/197
f 1017/193/198 955/192/198 956/194/198
f 506/87/199 814/91/199 813/88/199
f 509/98/200 508/101/200 820/100/200
s 1
f 384/248/201 387/249/202 386/250/203
f 386/250/203 385/251/204 384/248/201
f 388/252/205 391/253/206 390/254/207
f 390/254/207 389/255/208 388/252/205
f 395/256/209 394/257/210 393/258/211
f 393/258/211 392/259/212 395/256/209
f 399/260/213 398/261/214 397/262/215
f 397/262/215 396/263/216 399/260/213
f 407/264/217 406/265/218 405/266/219
f 405/266/219 404/267/220 407/264/217
f 411/268/221 410/269/222 409/270/223
f 409/270/223 408/271/224 411/268/221
f 417/272/225 416/273/226 394/257/210
f 394/257/210 395/256/209 417/272/225
f 419/274/227 418/275/228 399/260/213
f 399/260/213 396/263/216 419/274/227
f 420/276/229 422/277/230 421/278/231
f 426/279/232 425/280/233 424/281/234
f 424/281/234 423/282/235 426/279/232
f 428/283/236 427/284/237 406/265/218
f 406/265/218 407/264/217 428/283/236
f 432/285/238 431/286/239 430/287/240
f 430/287/240 429/288/241 432/285/238
f 430/287/240 407/264/217 404/267/220
f 404/267/220 410/269/222 430/287/240
f 426/279/232 423/282/235 421/278/231
f 421/278/231 422/277/230 426/279/232
f 423/282/235 441/289/242 440/290/243
f 440/290/243 421/278/231 423/282/235
f 423/282/235 424/281/234 445/291/244
f 445/291/244 441/289/242 423/282/235
f 420/276/229 421/278/231 440/290/243
f 440/290/243 446/292/245 420/276/229
f 396/293/216 397/294/215 448/295/246
f 448/295/246 447/296/247 396/293/216
f 422/70/230 420/297/229 450/298/248
f 450/298/248 449/67/249 422/70/230
f 408/299/224 388/300/205 460/301/250
f 460/301/250 459/302/251 408/299/224
f 429/303/241 411/304/221 462/305/252
f 462/305/252 461/306/253 429/303/241
f 388/300/205 389/307/208 463/308/254
f 463/308/254 460/301/250 388/300/205
f 446/309/245 466/310/255 465/311/256
f 465/311/256 464/312/257 446/309/245
f 420/313/229 446/309/245 464/312/257
f 464/312/257 450/314/248 420/313/229
f 384/248/201 385/251/204 416/273/226
f 416/273/226 417/272/225 384/248/201
f 472/315/258 471/316/259 470/317/260
f 470/317/260 469/318/261 472/315/258
f 476/319/262 475/320/263 474/321/264
f 474/321/264 473/322/265 476/319/262
f 479/323/266 478/324/267 477/325/268
f 477/325/268 473/326/265 479/323/266
f 476/327/262 482/328/269 481/329/270
f 481/329/270 480/330/271 476/327/262
f 486/331/272 485/332/273 484/333/274
f 484/333/274 483/334/275 486/331/272
f 480/335/271 487/336/276 475/320/263
f 475/320/263 476/319/262 480/335/271
f 473/326/265 477/325/268 482/328/269
f 482/328/269 476/327/262 473/326/265
f 486/337/272 483/338/275 489/339/277
f 489/339/277 488/340/278 486/337/272
f 493/341/279 492/342/280 491/343/281
f 491/343/281 490/344/282 493/341/279
f 466/345/255 496/346/283 495/347/284
f 495/347/284 494/348/285 466/345/255
f 432/349/238 499/350/286 498/351/287
f 498/351/287 497/352/288 432/349/238
f 501/353/289 500/354/290 427/284/237
f 427/284/237 428/283/236 501/353/289
f 497/355/288 502/356/291 431/286/239
f 431/286/239 432/285/238 497/355/288
f 429/303/241 461/306/253 499/350/286
f 499/350/286 432/349/238 429/303/241
f 494/357/285 503/358/292 465/311/256
f 465/311/256 466/310/255 494/357/285
f 441/289/242 445/291/244 492/342/280
f 492/342/280 493/341/279 441/289/242
f 446/292/245 440/290/243 496/346/283
f 496/346/283 466/345/255 446/292/245
f 504/359/293 477/325/268 505/360/294
f 505/360/294 374/361/295 504/359/293
f 449/67/249 450/298/248 377/362/296
f 377/362/296 378/363/297 449/67/249
f 355/364/298 518/76/299 517/365/300
f 517/365/300 353/366/301 355/364/298
f 438/367/302 519/368/303 437/92/304
f 377/369/296 450/314/248 464/312/257
f 521/370/305 479/371/266 523/372/306
f 523/372/306 522/373/307 521/370/305
f 524/374/308 527/375/309 526/376/310
f 526/376/310 525/377/311 524/374/308
f 526/376/310 529/378/312 528/379/313
f 528/379/313 525/377/311 526/376/310
f 422/277/230 530/380/314 426/279/232
f 530/380/314 531/381/315 425/280/233
f 425/280/233 426/279/232 530/380/314
f 398/261/214 533/382/316 532/383/317
f 532/383/317 485/332/273 398/261/214
f 391/253/206 409/270/223 535/384/318
f 535/384/318 534/385/319 391/253/206
f 536/386/320 524/374/308 525/377/311
f 525/377/311 537/387/321 536/386/320
f 538/388/322 539/389/323 510/89/324
f 510/89/324 506/87/325 538/388/322
f 496/346/283 440/290/243 441/289/242
f 441/289/242 493/341/279 496/346/283
f 431/286/239 502/356/291 501/353/289
f 501/353/289 428/283/236 431/286/239
f 430/287/240 431/286/239 428/283/236
f 428/283/236 407/264/217 430/287/240
f 495/347/284 496/346/283 493/341/279
f 493/341/279 490/344/282 495/347/284
f 449/67/249 378/363/297 545/390/326
f 545/390/326 544/80/327 449/67/249
f 546/391/328 548/392/329 547/393/330
f 387/249/202 384/248/201 550/394/331
f 550/394/331 549/395/332 387/249/202
f 549/395/332 534/385/319 535/384/318
f 535/384/318 387/249/202 549/395/332
f 525/377/311 528/379/313 551/396/333
f 551/396/333 537/387/321 525/377/311
f 551/396/333 528/379/313 356/397/334
f 356/397/334 1003/398/335 551/396/333
f 523/372/306 527/375/309 524/374/308
f 524/374/308 522/373/307 523/372/306
f 474/321/264 475/320/263 472/315/258
f 472/315/258 469/318/261 474/321/264
f 475/320/263 487/336/276 553/399/336
f 553/399/336 472/315/258 475/320/263
f 485/332/273 532/383/317 554/400/337
f 554/400/337 484/333/274 485/332/273
f 373/401/338 374/361/295 505/360/294
f 505/360/294 558/402/339 373/401/338
f 567/403/340 538/388/322 506/87/325
f 506/87/325 507/86/341 567/403/340
f 362/404/342 1024/405/343 569/406/344
f 569/406/344 568/407/345 362/404/342
f 406/265/218 1026/408/346 363/409/347
f 363/409/347 405/266/219 406/265/218
f 570/410/348 572/411/349 1028/412/350
f 1028/412/350 571/413/351 570/410/348
f 425/280/233 364/414/352 1030/415/353
f 1030/415/353 424/281/234 425/280/233
f 1031/416/354 1026/408/346 406/265/218
f 406/265/218 427/284/237 1031/416/354
f 424/281/234 1030/415/353 1032/417/355
f 1032/417/355 445/291/244 424/281/234
f 569/406/344 1024/405/343 572/411/349
f 572/411/349 570/410/348 569/406/344
f 1035/418/356 1036/419/357 491/343/281
f 491/343/281 492/342/280 1035/418/356
f 1037/420/358 1031/416/354 427/284/237
f 427/284/237 500/354/290 1037/420/358
f 1032/417/355 1035/418/356 492/342/280
f 492/342/280 445/291/244 1032/417/355
f 518/76/299 544/80/327 545/390/326
f 545/390/326 517/365/300 518/76/299
f 531/381/315 579/421/359 364/414/352
f 364/414/352 425/280/233 531/381/315
f 384/248/201 417/272/225 582/422/360
f 582/422/360 550/394/331 384/248/201
f 584/423/361 548/392/329 583/424/362
f 583/424/362 582/422/360 584/423/361
f 479/371/266 473/322/265 474/321/264
f 474/321/264 523/372/306 479/371/266
f 527/375/309 469/318/261 470/317/260
f 470/317/260 526/376/310 527/375/309
f 474/321/264 469/318/261 527/375/309
f 527/375/309 523/372/306 474/321/264
f 356/397/334 528/379/313 529/378/312
f 529/378/312 1048/425/363 356/397/334
f 529/378/312 526/376/310 470/317/260
f 471/316/259 472/315/258 553/399/336
f 553/399/336 587/426/364 471/316/259
f 482/328/269 477/325/268 504/359/293
f 444/427/365 464/312/257 465/311/256
f 408/271/224 409/270/223 391/253/206
f 391/253/206 388/252/205 408/271/224
f 429/288/241 430/287/240 410/269/222
f 410/269/222 411/268/221 429/288/241
f 411/304/221 408/299/224 459/302/251
f 459/302/251 462/305/252 411/304/221
f 548/392/329 546/391/328 583/424/362
f 518/76/299 355/364/298 2845/428/366
f 2845/428/366 2846/77/367 518/76/299
f 580/429/368 563/430/369 452/431/370
f 452/431/370 573/432/371 580/429/368
f 563/430/369 561/433/372 451/434/373
f 451/434/373 452/431/370 563/430/369
f 560/435/374 456/436/375 451/434/373
f 451/434/373 561/433/372 560/435/374
f 436/437/376 437/92/304 510/89/324
f 510/89/324 539/389/323 436/437/376
f 559/438/377 455/439/378 456/436/375
f 456/436/375 560/435/374 559/438/377
f 559/438/377 605/440/379 467/441/380
f 467/441/380 455/439/378 559/438/377
f 353/366/301 517/365/300 601/442/381
f 606/443/382 558/444/339 505/360/294
f 505/360/294 478/324/267 606/443/382
f 479/323/266 521/445/305 606/443/382
f 606/443/382 478/324/267 479/323/266
f 478/324/267 505/360/294 477/325/268
f 521/445/305 435/446/383 468/447/384
f 468/447/384 606/443/382 521/445/305
f 606/443/382 468/447/384 467/448/380
f 606/443/382 467/448/380 558/444/339
f 558/449/339 467/441/380 605/440/379
f 558/449/339 605/440/379 519/368/303
f 373/450/338 558/449/339 519/368/303
f 519/368/303 438/367/302 373/450/338
f 524/374/308 536/386/320 434/451/385
f 434/451/385 522/373/307 524/374/308
f 434/451/385 435/452/383 521/370/305
f 521/370/305 522/373/307 434/451/385
f 419/453/227 516/454/386 463/308/254
f 463/308/254 389/307/208 419/453/227
f 404/267/220 409/270/223 410/269/222
f 568/407/345 569/406/344 385/251/204
f 385/251/204 386/250/203 568/407/345
f 416/273/226 570/410/348 571/413/351
f 571/413/351 394/257/210 416/273/226
f 385/251/204 569/406/344 570/410/348
f 570/410/348 416/273/226 385/251/204
f 389/255/208 390/254/207 418/275/228
f 418/275/228 419/274/227 389/255/208
f 396/293/216 447/296/247 516/454/386
f 516/454/386 419/453/227 396/293/216
f 582/422/360 417/272/225 395/256/209
f 395/256/209 584/423/361 582/422/360
f 398/261/214 485/332/273 486/331/272
f 486/331/272 397/262/215 398/261/214
f 397/294/215 486/337/272 488/340/278
f 488/340/278 448/295/246 397/294/215
f 399/260/213 635/455/387 533/382/316
f 533/382/316 398/261/214 399/260/213
f 639/456/388 638/457/389 547/393/330
f 547/393/330 548/392/329 639/456/388
f 641/458/390 640/459/391 571/413/351
f 571/413/351 1028/412/350 641/458/390
f 642/460/392 639/456/388 548/392/329
f 548/392/329 584/423/361 642/460/392
f 640/459/391 393/258/211 394/257/210
f 394/257/210 571/413/351 640/459/391
f 392/259/212 642/460/392 584/423/361
f 584/423/361 395/256/209 392/259/212
f 547/393/330 638/457/389 532/383/317
f 532/383/317 533/382/316 547/393/330
f 635/455/387 546/391/328 547/393/330
f 547/393/330 533/382/316 635/455/387
f 532/383/317 638/457/389 643/461/393
f 643/461/393 554/400/337 532/383/317
f 553/399/336 554/400/337 643/461/393
f 643/461/393 587/426/364 553/399/336
f 480/330/271 481/329/270 489/339/277
f 489/339/277 483/338/275 480/330/271
f 483/334/275 484/333/274 487/336/276
f 487/336/276 480/335/271 483/334/275
f 490/344/282 491/343/281 500/354/290
f 500/354/290 501/353/289 490/344/282
f 494/348/285 495/347/284 502/356/291
f 502/356/291 497/355/288 494/348/285
f 497/352/288 498/351/287 503/358/292
f 503/358/292 494/357/285 497/352/288
f 501/353/289 502/356/291 495/347/284
f 495/347/284 490/344/282 501/353/289
f 553/399/336 487/336/276 484/333/274
f 484/333/274 554/400/337 553/399/336
f 491/343/281 1036/419/357 1037/420/358
f 1037/420/358 500/354/290 491/343/281
f 679/462/394 650/463/395 651/464/396
f 651/464/396 653/465/397 679/462/394
f 377/369/296 464/312/257 444/427/365
f 437/92/304 519/368/303 512/94/398
f 508/101/399 509/98/400 562/85/401
f 605/440/379 512/94/398 519/368/303
f 833/466/402 836/467/403 835/468/404
f 835/468/404 834/469/405 833/466/402
f 837/470/406 840/471/407 839/472/408
f 839/472/408 838/473/409 837/470/406
f 842/474/410 841/475/411 844/476/412
f 844/476/412 843/477/413 842/474/410
f 846/478/414 845/479/415 848/480/416
f 848/480/416 847/481/417 846/478/414
f 854/482/418 853/483/419 856/484/420
f 856/484/420 855/485/421 854/482/418
f 858/486/422 857/487/423 860/488/424
f 860/488/424 859/489/425 858/486/422
f 865/490/426 842/474/410 843/477/413
f 843/477/413 866/491/427 865/490/426
f 867/492/428 845/479/415 846/478/414
f 846/478/414 868/493/429 867/492/428
f 869/494/430 871/495/431 870/496/432
f 873/497/433 872/498/434 875/499/435
f 875/499/435 874/500/436 873/497/433
f 876/501/437 854/482/418 855/485/421
f 855/485/421 877/502/438 876/501/437
f 879/503/439 878/504/440 881/505/441
f 881/505/441 880/506/442 879/503/439
f 881/505/441 859/489/425 853/483/419
f 853/483/419 854/482/418 881/505/441
f 873/497/433 870/496/432 871/495/431
f 871/495/431 872/498/434 873/497/433
f 872/498/434 871/495/431 890/507/443
f 890/507/443 889/508/444 872/498/434
f 872/498/434 889/508/444 894/509/445
f 894/509/445 875/499/435 872/498/434
f 869/494/430 895/510/446 890/507/443
f 890/507/443 871/495/431 869/494/430
f 845/511/415 896/512/447 897/513/448
f 897/513/448 848/514/416 845/511/415
f 870/166/432 898/163/449 899/515/450
f 899/515/450 869/516/430 870/166/432
f 857/517/423 908/518/451 909/519/452
f 909/519/452 837/520/406 857/517/423
f 878/521/440 910/522/453 911/523/454
f 911/523/454 858/524/422 878/521/440
f 837/520/406 909/519/452 912/525/455
f 912/525/455 840/526/407 837/520/406
f 895/527/446 913/528/456 915/529/457
f 915/529/457 914/530/458 895/527/446
f 869/531/430 899/532/450 913/528/456
f 913/528/456 895/527/446 869/531/430
f 833/466/402 865/490/426 866/491/427
f 866/491/427 836/467/403 833/466/402
f 918/533/459 917/534/460 920/535/461
f 920/535/461 919/536/462 918/533/459
f 922/537/463 921/538/464 924/539/465
f 924/539/465 923/540/466 922/537/463
f 925/541/467 921/542/464 927/543/468
f 927/543/468 926/544/469 925/541/467
f 922/545/463 928/546/470 930/547/471
f 930/547/471 929/548/472 922/545/463
f 932/549/473 931/550/474 934/551/475
f 934/551/475 933/552/476 932/549/473
f 928/553/470 922/537/463 923/540/466
f 923/540/466 935/554/477 928/553/470
f 921/542/464 922/545/463 929/548/472
f 929/548/472 927/543/468 921/542/464
f 932/555/473 937/556/478 936/557/479
f 936/557/479 931/558/474 932/555/473
f 939/559/480 938/560/481 941/561/482
f 941/561/482 940/562/483 939/559/480
f 914/563/458 942/564/484 944/565/485
f 944/565/485 943/566/486 914/563/458
f 879/567/439 945/568/487 947/569/488
f 947/569/488 946/570/489 879/567/439
f 948/571/490 876/501/437 877/502/438
f 877/502/438 949/572/491 948/571/490
f 945/573/487 879/503/439 880/506/442
f 880/506/442 950/574/492 945/573/487
f 878/521/440 879/567/439 946/570/489
f 946/570/489 910/522/453 878/521/440
f 942/575/484 914/530/458 915/529/457
f 915/529/457 951/576/493 942/575/484
f 889/508/444 939/559/480 940/562/483
f 940/562/483 894/509/445 889/508/444
f 895/510/446 914/563/458 943/566/486
f 943/566/486 890/507/443 895/510/446
f 952/577/494 823/578/495 953/579/496
f 953/579/496 927/543/468 952/577/494
f 898/163/449 827/580/497 828/581/498
f 828/581/498 899/515/450 898/163/449
f 355/364/298 353/366/301 967/582/499
f 967/582/499 966/173/500 355/364/298
f 887/583/501 888/187/502 968/584/503
f 828/585/498 913/528/456 899/532/450
f 970/586/504 972/587/505 971/588/506
f 971/588/506 925/589/467 970/586/504
f 973/590/507 976/591/508 975/592/509
f 975/592/509 974/593/510 973/590/507
f 975/592/509 976/591/508 978/594/511
f 978/594/511 977/595/512 975/592/509
f 870/496/432 873/497/433 979/596/513
f 979/596/513 873/497/433 874/500/436
f 874/500/436 980/597/514 979/596/513
f 847/481/417 933/552/476 982/598/515
f 982/598/515 981/599/516 847/481/417
f 838/473/409 984/600/517 983/601/518
f 983/601/518 860/488/424 838/473/409
f 985/602/519 986/603/520 976/591/508
f 976/591/508 973/590/507 985/602/519
f 987/604/521 990/182/522 989/185/523
f 989/185/523 988/605/524 987/604/521
f 943/566/486 939/559/480 889/508/444
f 889/508/444 890/507/443 943/566/486
f 880/506/442 876/501/437 948/571/490
f 948/571/490 950/574/492 880/506/442
f 881/505/441 854/482/418 876/501/437
f 876/501/437 880/506/442 881/505/441
f 944/565/485 938/560/481 939/559/480
f 939/559/480 943/566/486 944/565/485
f 898/163/449 995/176/525 996/606/526
f 996/606/526 827/580/497 898/163/449
f 997/607/527 999/608/528 998/609/529
f 834/469/405 1000/610/530 1001/611/531
f 1001/611/531 833/466/402 834/469/405
f 1000/610/530 834/469/405 983/601/518
f 983/601/518 984/600/517 1000/610/530
f 976/591/508 986/603/520 1002/612/532
f 1002/612/532 978/594/511 976/591/508
f 1002/612/532 1003/398/335 356/397/334
f 356/397/334 978/594/511 1002/612/532
f 971/588/506 972/587/505 973/590/507
f 973/590/507 974/593/510 971/588/506
f 924/539/465 917/534/460 918/533/459
f 918/533/459 923/540/466 924/539/465
f 923/540/466 918/533/459 1005/613/533
f 1005/613/533 935/554/477 923/540/466
f 933/552/476 934/551/475 1006/614/534
f 1006/614/534 982/598/515 933/552/476
f 824/615/535 1009/616/536 953/579/496
f 953/579/496 823/578/495 824/615/535
f 1021/617/537 1022/180/538 990/182/522
f 990/182/522 987/604/521 1021/617/537
f 362/404/342 1023/618/539 1025/619/540
f 1025/619/540 1024/405/343 362/404/342
f 855/485/421 856/484/420 363/409/347
f 363/409/347 1026/408/346 855/485/421
f 1027/620/541 1029/621/542 1028/412/350
f 1028/412/350 572/411/349 1027/620/541
f 874/500/436 875/499/435 1030/415/353
f 1030/415/353 364/414/352 874/500/436
f 1031/416/354 877/502/438 855/485/421
f 855/485/421 1026/408/346 1031/416/354
f 875/499/435 894/509/445 1032/417/355
f 1032/417/355 1030/415/353 875/499/435
f 1025/619/540 1027/620/541 572/411/349
f 572/411/349 1024/405/343 1025/619/540
f 1035/418/356 940/562/483 941/561/482
f 941/561/482 1036/419/357 1035/418/356
f 1037/420/358 949/572/491 877/502/438
f 877/502/438 1031/416/354 1037/420/358
f 1032/417/355 894/509/445 940/562/483
f 940/562/483 1035/418/356 1032/417/355
f 966/173/500 967/582/499 996/606/526
f 996/606/526 995/176/525 966/173/500
f 980/597/514 874/500/436 364/414/352
f 364/414/352 579/421/359 980/597/514
f 833/466/402 1001/611/531 1043/622/543
f 1043/622/543 865/490/426 833/466/402
f 1044/623/544 1043/622/543 1045/624/545
f 1045/624/545 998/609/529 1044/623/544
f 925/589/467 971/588/506 924/539/465
f 924/539/465 921/538/464 925/589/467
f 974/593/510 975/592/509 920/535/461
f 920/535/461 917/534/460 974/593/510
f 924/539/465 971/588/506 974/593/510
f 974/593/510 917/534/460 924/539/465
f 356/397/334 1048/425/363 977/595/512
f 977/595/512 978/594/511 356/397/334
f 977/595/512 920/535/461 975/592/509
f 919/536/462 1049/625/546 1005/613/533
f 1005/613/533 918/533/459 919/536/462
f 929/548/472 952/577/494 927/543/468
f 892/626/547 915/529/457 913/528/456
f 857/487/423 837/470/406 838/473/409
f 838/473/409 860/488/424 857/487/423
f 878/504/440 858/486/422 859/489/425
f 859/489/425 881/505/441 878/504/440
f 858/524/422 911/523/454 908/518/451
f 908/518/451 857/517/423 858/524/422
f 998/609/529 1045/624/545 997/607/527
f 355/364/298 966/173/500 2844/172/548
f 2844/172/548 2845/428/366 355/364/298
f 580/429/368 573/432/371 903/627/549
f 903/627/549 1015/628/550 580/429/368
f 1015/628/550 903/627/549 900/629/551
f 900/629/551 1014/630/552 1015/628/550
f 1011/631/553 1014/630/552 900/629/551
f 900/629/551 907/632/554 1011/631/553
f 885/633/555 988/605/524 989/185/523
f 989/185/523 888/187/502 885/633/555
f 1010/634/556 1011/631/553 907/632/554
f 907/632/554 904/635/557 1010/634/556
f 1010/634/556 904/635/557 916/636/558
f 916/636/558 1070/637/559 1010/634/556
f 353/366/301 1065/638/560 967/582/499
f 1071/639/561 926/544/469 953/579/496
f 953/579/496 1009/640/536 1071/639/561
f 925/541/467 926/544/469 1071/639/561
f 1071/639/561 970/641/504 925/541/467
f 926/544/469 927/543/468 953/579/496
f 970/641/504 1071/639/561 1055/642/562
f 1055/642/562 883/643/563 970/641/504
f 1071/639/561 916/644/558 1055/642/562
f 1071/639/561 1009/640/536 916/644/558
f 1009/645/536 1070/637/559 916/636/558
f 1009/645/536 968/584/503 1070/637/559
f 824/646/535 887/583/501 968/584/503
f 968/584/503 1009/645/536 824/646/535
f 973/590/507 972/587/505 884/647/564
f 884/647/564 985/602/519 973/590/507
f 884/647/564 972/587/505 970/586/504
f 970/586/504 883/648/563 884/647/564
f 867/649/428 840/526/407 912/525/455
f 912/525/455 965/650/565 867/649/428
f 853/483/419 859/489/425 860/488/424
f 1023/618/539 835/468/404 836/467/403
f 836/467/403 1025/619/540 1023/618/539
f 866/491/427 843/477/413 1029/621/542
f 1029/621/542 1027/620/541 866/491/427
f 836/467/403 866/491/427 1027/620/541
f 1027/620/541 1025/619/540 836/467/403
f 840/471/407 867/492/428 868/493/429
f 868/493/429 839/472/408 840/471/407
f 845/511/415 867/649/428 965/650/565
f 965/650/565 896/512/447 845/511/415
f 1043/622/543 1044/623/544 842/474/410
f 842/474/410 865/490/426 1043/622/543
f 847/481/417 848/480/416 932/549/473
f 932/549/473 933/552/476 847/481/417
f 848/514/416 897/513/448 937/556/478
f 937/556/478 932/555/473 848/514/416
f 846/478/414 847/481/417 981/599/516
f 981/599/516 1104/651/566 846/478/414
f 1107/652/567 998/609/529 999/608/528
f 999/608/528 1108/653/568 1107/652/567
f 641/458/390 1028/412/350 1029/621/542
f 1029/621/542 1109/654/569 641/458/390
f 1110/655/570 1044/623/544 998/609/529
f 998/609/529 1107/652/567 1110/655/570
f 1109/654/569 1029/621/542 843/477/413
f 843/477/413 844/476/412 1109/654/569
f 841/475/411 842/474/410 1044/623/544
f 1044/623/544 1110/655/570 841/475/411
f 999/608/528 981/599/516 982/598/515
f 982/598/515 1108/653/568 999/608/528
f 1104/651/566 981/599/516 999/608/528
f 999/608/528 997/607/527 1104/651/566
f 982/598/515 1006/614/534 1111/656/571
f 1111/656/571 1108/653/568 982/598/515
f 1005/613/533 1049/625/546 1111/656/571
f 1111/656/571 1006/614/534 1005/613/533
f 928/546/470 931/558/474 936/557/479
f 936/557/479 930/547/471 928/546/470
f 931/550/474 928/553/470 935/554/477
f 935/554/477 934/551/475 931/550/474
f 938/560/481 948/571/490 949/572/491
f 949/572/491 941/561/482 938/560/481
f 942/564/484 945/573/487 950/574/492
f 950/574/492 944/565/485 942/564/484
f 945/568/487 942/575/484 951/576/493
f 951/576/493 947/569/488 945/568/487
f 948/571/490 938/560/481 944/565/485
f 944/565/485 950/574/492 948/571/490
f 1005/613/533 1006/614/534 934/551/475
f 934/551/475 935/554/477 1005/613/533
f 941/561/482 949/572/491 1037/420/358
f 1037/420/358 1036/419/357 941/561/482
f 1148/657/572 1122/658/573 1119/659/574
f 1119/659/574 1120/660/575 1148/657/572
f 828/585/498 892/626/547 913/528/456
f 888/187/502 1013/189/576 968/584/503
f 1072/195/577 1016/178/578 1017/193/579
f 1070/637/559 968/584/503 1013/189/576
f 1473/661/580 1475/662/581 1482/663/582
f 1473/661/580 1482/663/582 1479/664/583
f 1479/664/583 1481/665/584 1477/666/585
f 1473/661/580 1479/664/583 1477/666/585
f 1480/667/586 1476/668/587 1477/669/588
f 1477/669/588 1481/670/589 1480/667/586
f 1484/242/590 1485/671/590 1486/672/590
f 1486/672/590 1487/243/590 1484/242/590
f 1500/673/591 1497/674/584 1498/675/592
f 1495/676/593 1500/673/591 1498/675/592
f 1495/676/593 1498/675/592 1502/677/594
f 1495/676/593 1502/677/594 1494/678/581
f 1496/679/595 1497/680/596 1500/681/597
f 1500/681/597 1501/682/598 1496/679/595
f 1509/246/590 1508/245/590 1511/683/590
f 1511/683/590 1510/684/590 1509/246/590
f 2844/172/548 980/170/514 579/685/359
f 579/685/359 2845/428/366 2844/172/548
f 579/685/359 531/74/315 2846/77/367
f 2846/77/367 2845/428/366 579/685/359
usemtl Material_#0
s off
f 1474/686/599 1472/687/599 1489/688/599
f 1489/688/599 1488/689/599 1474/686/599
f 1472/687/600 1476/240/600 1490/690/600
f 1490/690/601 1489/688/601 1472/687/601
f 1476/240/602 1483/691/602 1491/692/602
f 1491/692/603 1490/690/603 1476/240/603
f 1483/691/604 1474/686/604 1488/689/604
f 1488/689/605 1491/692/605 1483/691/605
f 1493/693/599 1504/694/599 1505/695/599
f 1505/695/599 1492/696/599 1493/693/599
f 1492/696/606 1505/695/606 1506/697/606
f 1506/697/607 1501/244/607 1492/696/607
f 1501/244/608 1506/697/608 1507/698/608
f 1507/698/609 1503/699/609 1501/244/609
f 1503/699/610 1507/698/610 1504/694/610
f 1504/694/611 1493/693/611 1503/699/611
s 1
f 1802/700/612 1803/701/612 1804/702/612
f 1804/702/612 1805/703/612 1806/704/612
f 1806/704/612 1807/705/612 1808/706/612
f 1804/702/612 1806/704/612 1808/706/612
f 1802/700/612 1804/702/612 1808/706/612
f 1801/707/612 1802/700/612 1808/706/612
f 1808/708/613 1807/709/614 1809/710/614
f 1809/710/614 1810/711/613 1808/708/613
f 1807/705/614 1806/704/615 1811/712/615
f 1811/712/615 1809/713/614 1807/705/614
f 1806/704/615 1805/703/616 1812/714/616
f 1812/714/616 1811/712/615 1806/704/615
f 1805/703/616 1804/702/617 1813/715/617
f 1813/715/617 1812/714/616 1805/703/616
f 1804/702/617 1803/701/618 1814/716/618
f 1814/716/618 1813/715/617 1804/702/617
f 1803/701/618 1802/700/619 1815/717/619
f 1815/717/619 1814/716/618 1803/701/618
f 1802/700/619 1801/707/620 1816/718/620
f 1816/718/620 1815/717/619 1802/700/619
f 1801/707/620 1808/708/613 1810/711/613
f 1810/711/613 1816/718/620 1801/707/620
f 2141/719/621 2140/720/621 2139/721/621
f 2139/721/621 2138/722/621 2137/723/621
f 2137/723/621 2136/724/621 2135/725/621
f 2139/721/621 2137/723/621 2135/725/621
f 2141/719/621 2139/721/621 2135/725/621
f 2134/726/621 2141/719/621 2135/725/621
f 2135/727/622 2136/728/623 2143/729/623
f 2143/729/623 2142/730/622 2135/727/622
f 2136/724/623 2137/723/624 2144/731/624
f 2144/731/624 2143/732/623 2136/724/623
f 2137/723/624 2138/722/625 2145/733/625
f 2145/733/625 2144/731/624 2137/723/624
f 2138/722/625 2139/721/626 2146/734/626
f 2146/734/626 2145/733/625 2138/722/625
f 2139/721/626 2140/720/627 2147/735/627
f 2147/735/627 2146/734/626 2139/721/626
f 2140/720/627 2141/719/628 2148/736/628
f 2148/736/628 2147/735/627 2140/720/627
f 2141/719/628 2134/726/629 2149/737/629
f 2149/737/629 2148/736/628 2141/719/628
f 2134/726/629 2135/727/622 2142/730/622
f 2142/730/622 2149/737/629 2134/726/629
f 2467/738/630 2468/739/630 2469/740/630
f 2469/740/630 2470/741/630 2471/742/630
f 2467/738/630 2469/740/630 2471/742/630
f 2471/742/630 2472/743/630 2473/744/630
f 2467/738/630 2471/742/630 2473/744/630
f 2474/745/630 2467/738/630 2473/744/630
f 2467/746/613 2475/747/613 2476/748/614
f 2476/748/614 2468/749/614 2467/746/613
f 2468/739/614 2476/750/614 2477/751/615
f 2477/751/615 2469/740/615 2468/739/614
f 2469/740/615 2477/751/615 2478/752/616
f 2478/752/616 2470/741/616 2469/740/615
f 2470/741/616 2478/752/616 2479/753/617
f 2479/753/617 2471/742/617 2470/741/616
f 2471/742/617 2479/753/617 2480/754/618
f 2480/754/618 2472/743/618 2471/742/617
f 2472/743/618 2480/754/618 2481/755/619
f 2481/755/619 2473/744/619 2472/743/618
f 2473/744/619 2481/755/619 2482/756/620
f 2482/756/620 2474/745/620 2473/744/619
f 2474/745/620 2482/756/620 2475/747/613
f 2475/747/613 2467/746/613 2474/745/620
f 2807/757/631 2806/758/631 2805/759/631
f 2805/759/631 2804/760/631 2803/761/631
f 2807/757/631 2805/759/631 2803/761/631
f 2803/761/631 2802/762/631 2801/763/631
f 2807/757/631 2803/761/631 2801/763/631
f 2800/764/631 2807/757/631 2801/763/631
f 2807/765/622 2809/766/622 2808/767/623
f 2808/767/623 2806/768/623 2807/765/622
f 2806/758/623 2808/769/623 2810/770/624
f 2810/770/624 2805/759/624 2806/758/623
f 2805/759/624 2810/770/624 2811/771/625
f 2811/771/625 2804/760/625 2805/759/624
f 2804/760/625 2811/771/625 2812/772/626
f 2812/772/626 2803/761/626 2804/760/625
f 2803/761/626 2812/772/626 2813/773/627
f 2813/773/627 2802/762/627 2803/761/626
f 2802/762/627 2813/773/627 2814/774/628
f 2814/774/628 2801/763/628 2802/762/627
f 2801/763/628 2814/774/628 2815/775/629
f 2815/775/629 2800/764/629 2801/763/628
f 2800/764/629 2815/775/629 2809/766/622
f 2809/766/622 2807/765/622 2800/764/629
usemtl Material_#1
s off
f 1818/776/612 1819/777/612 1820/778/612
f 1820/778/612 1821/779/612 1822/780/612
f 1818/776/612 1820/778/612 1822/780/612
f 1817/781/612 1818/776/612 1822/780/612
f 1824/782/630 1823/783/630 1825/784/630
f 1825/784/630 1826/785/630 1827/786/630
f 1824/782/630 1825/784/630 1827/786/630
f 1828/787/630 1824/782/630 1827/786/630
f 1830/788/612 1831/789/612 1832/790/612
f 1832/790/612 1833/791/612 1834/792/612
f 1830/788/612 1832/790/612 1834/792/612
f 1829/793/612 1830/788/612 1834/792/612
f 1839/794/630 1838/795/630 1837/796/630
f 1837/796/630 1836/797/630 1835/798/630
f 1839/794/630 1837/796/630 1835/798/630
f 1840/799/630 1839/794/630 1835/798/630
f 1835/800/630 1842/801/630 1843/802/630
f 1840/803/630 1835/800/630 1843/802/630
f 1840/803/630 1843/802/630 1824/782/630
f 1828/787/630 1840/803/630 1824/782/630
f 1822/780/612 1844/804/612 1841/805/612
f 1830/806/612 1829/807/612 1817/808/612
f 1841/805/612 1830/806/612 1817/808/612
f 1822/780/612 1841/805/612 1817/808/612
f 2155/809/621 2154/810/621 2153/811/621
f 2153/811/621 2152/812/621 2151/813/621
f 2155/809/621 2153/811/621 2151/813/621
f 2150/814/621 2155/809/621 2151/813/621
f 2156/815/631 2157/816/631 2158/817/631
f 2158/817/631 2159/818/631 2160/819/631
f 2156/815/631 2158/817/631 2160/819/631
f 2161/820/631 2156/815/631 2160/819/631
f 2167/821/621 2166/822/621 2165/823/621
f 2165/823/621 2164/824/621 2163/825/621
f 2167/821/621 2165/823/621 2163/825/621
f 2162/826/621 2167/821/621 2163/825/621
f 2172/827/631 2171/828/631 2170/829/631
f 2170/829/631 2168/830/631 2169/831/631
f 2172/827/631 2170/829/631 2169/831/631
f 2173/832/631 2172/827/631 2169/831/631
f 2169/833/631 2174/834/631 2176/835/631
f 2173/836/631 2169/833/631 2176/835/631
f 2173/836/631 2176/835/631 2156/815/631
f 2161/820/631 2173/836/631 2156/815/631
f 2151/813/621 2177/837/621 2175/838/621
f 2167/839/621 2162/840/621 2150/841/621
f 2175/838/621 2167/839/621 2150/841/621
f 2151/813/621 2175/838/621 2150/841/621
f 2483/842/630 2484/843/630 2485/844/630
f 2485/844/630 2486/845/630 2487/846/630
f 2483/842/630 2485/844/630 2487/846/630
f 2488/847/630 2483/842/630 2487/846/630
f 2493/848/612 2492/849/612 2491/850/612
f 2491/850/612 2490/851/612 2489/852/612
f 2493/848/612 2491/850/612 2489/852/612
f 2494/853/612 2493/848/612 2489/852/612
f 2496/854/630 2497/855/630 2498/856/630
f 2498/856/630 2499/857/630 2500/858/630
f 2496/854/630 2498/856/630 2500/858/630
f 2495/859/630 2496/854/630 2500/858/630
f 2502/860/612 2501/861/612 2503/862/612
f 2503/862/612 2504/863/612 2505/864/612
f 2502/860/612 2503/862/612 2505/864/612
f 2506/865/612 2502/860/612 2505/864/612
f 2508/866/612 2510/867/612 2502/868/612
f 2508/866/612 2502/868/612 2506/869/612
f 2489/852/612 2508/866/612 2506/869/612
f 2494/853/612 2489/852/612 2506/869/612
f 2488/870/630 2495/871/630 2500/872/630
f 2488/870/630 2500/872/630 2509/873/630
f 2483/842/630 2488/870/630 2509/873/630
f 2483/842/630 2509/873/630 2507/874/630
f 2821/875/631 2820/876/631 2819/877/631
f 2819/877/631 2818/878/631 2817/879/631
f 2821/875/631 2819/877/631 2817/879/631
f 2816/880/631 2821/875/631 2817/879/631
f 2826/881/621 2825/882/621 2824/883/621
f 2824/883/621 2822/884/621 2823/885/621
f 2826/881/621 2824/883/621 2823/885/621
f 2827/886/621 2826/881/621 2823/885/621
f 2833/887/631 2832/888/631 2831/889/631
f 2831/889/631 2830/890/631 2829/891/631
f 2833/887/631 2831/889/631 2829/891/631
f 2828/892/631 2833/887/631 2829/891/631
f 2834/893/621 2835/894/621 2836/895/621
f 2836/895/621 2837/896/621 2838/897/621
f 2834/893/621 2836/895/621 2838/897/621
f 2839/898/621 2834/893/621 2838/897/621
f 2842/899/621 2841/900/621 2834/901/621
f 2842/899/621 2834/901/621 2839/902/621
f 2823/885/621 2842/899/621 2839/902/621
f 2827/886/621 2823/885/621 2839/902/621
f 2816/903/631 2828/904/631 2829/905/631
f 2816/903/631 2829/905/631 2840/906/631
f 2821/875/631 2816/903/631 2840/906/631
f 2821/875/631 2840/906/631 2843/907/631
f 2847/908/632 2848/909/632 2856/910/632
f 2856/910/632 2855/911/632 2847/908/632
f 2848/909/633 2849/912/633 2857/913/633
f 2857/913/633 2856/910/633 2848/909/633
f 2849/912/634 2850/914/634 2858/915/634
f 2858/915/634 2857/913/634 2849/912/634
f 2850/914/635 2851/916/635 2859/917/635
f 2859/917/635 2858/915/635 2850/914/635
f 2851/916/636 2852/918/636 2860/919/636
f 2860/919/636 2859/917/636 2851/916/636
f 2852/918/637 2853/920/637 2861/921/637
f 2861/921/637 2860/919/637 2852/918/637
f 2853/920/638 2854/922/638 2862/923/638
f 2862/923/638 2861/921/638 2853/920/638
f 2854/922/639 2847/908/639 2855/911/639
f 2855/911/640 2862/923/640 2854/922/640
f 2863/924/641 2864/925/641 2872/926/641
f 2872/926/641 2871/927/641 2863/924/641
f 2864/925/642 2865/928/642 2873/929/642
f 2873/929/642 2872/926/642 2864/925/642
f 2865/928/643 2866/930/643 2874/931/643
f 2874/931/643 2873/929/643 2865/928/643
f 2866/930/644 2867/932/644 2875/933/644
f 2875/933/644 2874/931/644 2866/930/644
f 2867/932/645 2868/934/645 2876/935/645
f 2876/935/645 2875/933/645 2867/932/645
f 2868/934/646 2869/936/646 2877/937/646
f 2877/937/646 2876/935/646 2868/934/646
f 2869/936/647 2870/938/647 2878/939/647
f 2878/939/648 2877/937/648 2869/936/648
f 2870/938/649 2863/924/649 2871/927/649
f 2871/927/649 2878/939/649 2870/938/649
f 2887/940/650 2880/941/650 2881/942/650
f 2881/942/650 2888/943/650 2887/940/650
f 2888/943/651 2881/942/651 2882/944/651
f 2882/944/651 2889/945/651 2888/943/651
f 2889/945/652 2882/944/652 2883/946/652
f 2883/946/652 2890/947/652 2889/945/652
f 2890/947/653 2883/946/653 2884/948/653
f 2884/948/653 2891/949/653 2890/947/653
f 2891/949/654 2884/948/654 2885/950/654
f 2885/950/654 2892/951/654 2891/949/654
f 2892/951/655 2885/950/655 2886/952/655
f 2886/952/656 2893/953/656 2892/951/656
f 2893/953/657 2886/952/657 2879/954/657
f 2879/954/658 2894/955/658 2893/953/658
f 2894/955/659 2879/954/659 2880/941/659
f 2880/941/660 2887/940/660 2894/955/660
f 2903/956/661 2896/957/661 2897/958/661
f 2897/958/661 2904/959/661 2903/956/661
f 2904/959/662 2897/958/662 2898/960/662
f 2898/960/662 2905/961/662 2904/959/662
f 2905/961/663 2898/960/663 2899/962/663
f 2899/962/663 2906/963/663 2905/961/663
f 2906/963/664 2899/962/664 2900/964/664
f 2900/964/664 2907/965/664 2906/963/664
f 2907/965/665 2900/964/665 2901/966/665
f 2901/966/665 2908/967/665 2907/965/665
f 2908/967/666 2901/966/666 2902/968/666
f 2902/968/666 2909/969/666 2908/967/666
f 2909/969/667 2902/968/667 2895/970/667
f 2895/970/667 2910/971/667 2909/969/667
f 2910/971/668 2895/970/668 2896/957/668
f 2896/957/668 2903/956/668 2910/971/668
s 1
f 817/95/669 818/97/670 815/90/671
f 815/90/671 816/93/672 817/95/669
f 818/97/670 819/99/673 814/91/674
f 814/91/674 815/90/671 818/97/670
f 794/972/675 797/973/675 796/974/675
f 796/974/675 795/975/675 794/972/675
f 798/976/676 801/977/676 800/978/676
f 800/978/676 799/979/676 798/976/676
f 794/972/677 798/976/677 799/979/677
f 799/979/677 797/973/677 794/972/677
f 797/973/678 799/979/678 800/978/678
f 800/978/678 796/974/678 797/973/678
f 795/975/679 801/977/679 798/976/679
f 798/976/679 794/972/679 795/975/679
f 959/188/680 958/186/681 961/184/682
f 961/184/682 960/190/683 959/188/680
f 960/190/683 961/184/682 954/183/684
f 954/183/684 955/192/685 960/190/683
f 1266/980/686 1269/981/686 1268/982/686
f 1268/982/686 1267/983/686 1266/980/686
f 1270/984/687 1273/985/687 1272/986/687
f 1272/986/687 1271/987/687 1270/984/687
f 1266/980/688 1267/983/688 1273/985/688
f 1273/985/688 1270/984/688 1266/980/688
f 1267/983/689 1268/982/689 1272/986/689
f 1272/986/689 1273/985/689 1267/983/689
f 1269/981/690 1266/980/690 1270/984/690
f 1270/984/690 1271/987/690 1269/981/690
f 2855/911/691 2856/910/691 2857/913/691
f 2857/913/691 2858/915/692 2859/917/693
f 2859/917/693 2860/919/691 2861/921/691
f 2857/913/691 2859/917/693 2861/921/691
f 2855/911/691 2857/913/691 2861/921/691
f 2862/923/691 2855/911/691 2861/921/691
f 2871/927/694 2872/926/694 2873/929/694
f 2873/929/694 2874/931/694 2875/933/694
f 2875/933/694 2876/935/694 2877/937/694
f 2873/929/694 2875/933/694 2877/937/694
f 2871/927/694 2873/929/694 2877/937/694
f 2878/939/694 2871/927/694 2877/937/694
f 2886/952/695 2885/950/696 2884/948/695
f 2884/948/695 2883/946/697 2882/944/695
f 2886/952/695 2884/948/695 2882/944/695
f 2882/944/695 2881/942/695 2880/941/695
f 2886/952/695 2882/944/695 2880/941/695
f 2879/954/695 2886/952/695 2880/941/695
f 2902/968/698 2901/966/698 2900/964/698
f 2900/964/698 2899/962/698 2898/960/698
f 2902/968/698 2900/964/698 2898/960/698
f 2898/960/698 2897/958/698 2896/957/698
f 2902/968/698 2898/960/698 2896/957/698
f 2895/970/698 2902/968/698 2896/957/698
usemtl Material_#2
f 802/988/699 805/989/699 804/990/699
f 804/990/699 803/991/699 802/988/699
f 806/992/700 809/993/700 808/994/700
f 808/994/700 807/995/700 806/992/700
f 802/988/701 806/992/701 807/995/701
f 807/995/701 805/989/701 802/988/701
f 805/989/702 807/995/702 808/994/702
f 808/994/702 804/990/702 805/989/702
f 803/991/703 809/993/703 806/992/703
f 806/992/703 802/988/703 803/991/703
f 1274/996/704 1277/997/704 1276/998/704
f 1276/998/704 1275/999/704 1274/996/704
f 1278/1000/705 1281/1001/705 1280/1002/705
f 1280/1002/705 1279/1003/705 1278/1000/705
f 1274/996/706 1275/999/706 1281/1001/706
f 1281/1001/706 1278/1000/706 1274/996/706
f 1275/999/707 1276/998/707 1280/1002/707
f 1280/1002/707 1281/1001/707 1275/999/707
f 1277/997/708 1274/996/708 1278/1000/708
f 1278/1000/708 1279/1003/708 1277/997/708
usemtl Material_#3
s off
f 1430/1004/709 1431/1005/709 1436/1006/709
f 1436/1006/709 1437/1007/709 1430/1004/709
f 1428/1008/709 1429/1009/709 1430/1004/709
f 1430/1004/709 1437/1007/709 1428/1008/709
f 1451/1010/710 1450/1011/710 1453/1012/710
f 1453/1012/710 1452/1013/710 1451/1010/710
f 1459/1014/710 1450/1011/710 1451/1010/710
f 1451/1010/710 1460/1015/710 1459/1014/710
s 1
f 612/1016/711 611/1017/712 610/1018/713
f 610/1018/713 609/1019/714 612/1016/711
f 612/1016/711 617/1020/715 611/1017/712
f 628/1021/716 627/1022/717 626/1023/718
f 628/1021/716 626/1023/718 625/1024/719
f 628/1021/716 625/1024/719 624/1025/720
f 623/1026/721 628/1021/716 624/1025/720
f 627/1022/717 629/1027/722 626/1023/718
f 631/1028/723 630/1029/724 633/1030/725
f 633/1030/725 632/1031/726 631/1028/723
f 747/1032/727 644/1033/728 645/1034/729
f 645/1034/729 748/1035/730 747/1032/727
f 1078/1036/731 1077/1037/732 1080/1038/733
f 1080/1038/733 1079/1039/734 1078/1036/731
f 1081/1040/735 1083/1041/736 1082/1042/737
f 1084/1043/738 1079/1039/734 1083/1041/736
f 1083/1041/736 1081/1040/735 1084/1043/738
f 1083/1041/736 1080/1038/733 1085/1044/739
f 1078/1036/731 1079/1039/734 1084/1043/738
f 1084/1043/738 1086/1045/740 1078/1036/731
f 1087/1046/741 1090/1047/742 1089/1048/743
f 1089/1048/743 1088/1049/744 1087/1046/741
f 1091/1050/745 1087/1046/741 1088/1049/744
f 1088/1049/744 622/1051/746 1091/1050/745
f 1095/1052/747 1094/1053/748 1093/1054/749
f 1096/1055/750 1095/1052/747 1093/1054/749
f 1097/1056/751 1096/1055/750 1093/1054/749
f 1092/1057/752 1097/1056/751 1093/1054/749
f 1092/1057/752 1089/1048/743 1090/1047/742
f 1090/1047/742 1097/1056/751 1092/1057/752
f 1094/1053/748 1095/1052/747 1098/1058/753
f 1102/1059/754 1101/1060/755 1100/1061/756
f 1100/1061/756 1099/1062/757 1102/1059/754
f 1083/1041/736 1285/1063/758 1082/1042/737
f 1083/1041/736 1079/1039/734 1080/1038/733
f 1219/1064/759 1220/1065/760 1112/1066/761
f 1112/1066/761 1113/1067/762 1219/1064/759
f 1083/1041/736 1085/1044/739 1285/1063/758
f 613/1068/763 1082/1042/737 1285/1063/758
f 616/1069/764 610/1018/713 611/1017/712
f 1091/1050/745 622/1051/746 621/1070/765
f 623/1026/721 624/1025/720 619/1071/766
usemtl Material_#4
s off
f 1432/1072/709 1435/1073/709 1436/1006/709
f 1436/1006/709 1431/1005/709 1432/1072/709
f 1461/1074/710 1452/1013/710 1453/1012/710
f 1453/1012/710 1464/1075/710 1461/1074/710
s 1
f 613/1068/763 1285/1063/758 614/1076/767
f 618/1077/768 1091/1050/745 621/1070/765
f 631/1028/723 645/1034/729 644/1033/728
f 630/1029/724 631/1028/723 644/1033/728
f 1285/1063/758 1218/1078/769 614/1076/767
f 1102/1059/754 1113/1067/762 1112/1066/761
f 1099/1062/757 1113/1067/762 1102/1059/754
f 1285/1063/758 1085/1044/739 1218/1078/769
f 615/1079/770 613/1068/763 614/1076/767
f 618/1077/768 621/1070/765 620/1080/771
usemtl Material_#5
s off
f 1433/1081/709 1434/1082/709 1435/1073/709
f 1435/1073/709 1432/1072/709 1433/1081/709
f 1462/1083/710 1461/1074/710 1464/1075/710
f 1464/1075/710 1463/1084/710 1462/1083/710
s 1
f 615/1079/770 614/1076/767 611/1017/712
f 614/1076/767 616/1069/764 611/1017/712
f 618/1077/768 620/1080/771 619/1071/766
f 620/1080/771 623/1026/721 619/1071/766
f 1218/1078/769 616/1069/764 614/1076/767
f 617/1020/715 615/1079/770 611/1017/712
usemtl Material_#6
s off
f 1/1085/772 2/1086/772 10/1087/772
f 10/1087/772 9/1088/772 1/1085/772
f 2/1086/773 3/1089/773 11/1090/773
f 11/1090/773 10/1087/773 2/1086/773
f 3/1089/774 4/1091/774 12/1092/774
f 12/1092/774 11/1090/774 3/1089/774
f 4/1091/775 5/1093/775 13/1094/775
f 13/1094/775 12/1092/775 4/1091/775
f 5/1093/776 6/1095/776 14/1096/776
f 14/1096/776 13/1094/776 5/1093/776
f 6/1095/777 7/1097/777 15/1098/777
f 15/1098/777 14/1096/777 6/1095/777
f 7/1097/778 8/1099/778 16/1100/778
f 16/1100/778 15/1098/778 7/1097/778
f 8/1099/779 1/1085/779 9/1088/779
f 9/1088/779 16/1100/779 8/1099/779
f 9/1088/780 10/1087/780 18/1101/780
f 18/1101/780 17/1102/780 9/1088/780
f 10/1087/781 11/1090/781 19/1103/781
f 19/1103/781 18/1101/781 10/1087/781
f 11/1090/782 12/1092/782 20/1104/782
f 20/1104/782 19/1103/782 11/1090/782
f 12/1092/783 13/1094/783 21/1105/783
f 21/1105/783 20/1104/783 12/1092/783
f 13/1094/784 14/1096/784 22/1106/784
f 22/1106/784 21/1105/784 13/1094/784
f 14/1096/785 15/1098/785 23/1107/785
f 23/1107/785 22/1106/785 14/1096/785
f 15/1098/786 16/1100/786 24/1108/786
f 24/1108/786 23/1107/786 15/1098/786
f 16/1100/787 9/1088/787 17/1102/787
f 17/1102/787 24/1108/787 16/1100/787
f 41/1109/788 50/1110/788 49/1111/788
f 49/1111/788 42/1112/788 41/1109/788
f 42/1112/789 49/1111/789 51/1113/789
f 51/1113/789 43/1114/789 42/1112/789
f 43/1114/790 51/1113/790 52/1115/790
f 52/1115/790 44/1116/790 43/1114/790
f 44/1116/791 52/1115/791 53/1117/791
f 53/1117/791 45/1118/791 44/1116/791
f 45/1118/792 53/1117/792 54/1119/792
f 54/1119/792 46/1120/792 45/1118/792
f 46/1120/793 54/1119/793 55/1121/793
f 55/1121/793 47/1122/793 46/1120/793
f 47/1122/794 55/1121/794 56/1123/794
f 56/1123/794 48/1124/794 47/1122/794
f 48/1124/795 56/1123/795 50/1110/795
f 50/1110/795 41/1109/795 48/1124/795
f 50/1110/780 34/1125/780 35/1126/780
f 35/1126/780 49/1111/780 50/1110/780
f 49/1111/781 35/1126/781 36/1127/781
f 36/1127/781 51/1113/781 49/1111/781
f 51/1113/782 36/1127/782 37/1128/782
f 37/1128/782 52/1115/782 51/1113/782
f 52/1115/783 37/1128/783 38/1129/783
f 38/1129/783 53/1117/783 52/1115/783
f 53/1117/784 38/1129/784 39/1130/784
f 39/1130/784 54/1119/784 53/1117/784
f 54/1119/785 39/1130/785 40/1131/785
f 40/1131/785 55/1121/785 54/1119/785
f 55/1121/786 40/1131/786 33/1132/786
f 33/1132/786 56/1123/786 55/1121/786
f 56/1123/787 33/1132/787 34/1125/787
f 34/1125/787 50/1110/787 56/1123/787
f 65/1133/775 82/1134/775 81/1135/775
f 81/1135/775 68/1136/775 65/1133/775
f 68/1136/774 81/1135/774 83/1137/774
f 83/1137/774 70/1138/774 68/1136/774
f 70/1138/773 83/1137/773 84/1139/773
f 84/1139/773 72/1140/773 70/1138/773
f 72/1140/772 84/1139/772 85/1141/772
f 85/1141/772 74/1142/772 72/1140/772
f 74/1142/779 85/1141/779 86/1143/779
f 86/1143/779 76/1144/779 74/1142/779
f 76/1144/778 86/1143/778 87/1145/778
f 87/1145/778 78/1146/778 76/1144/778
f 78/1146/777 87/1145/777 88/1147/777
f 88/1147/777 80/1148/777 78/1146/777
f 80/1148/776 88/1147/776 82/1134/776
f 82/1134/776 65/1133/776 80/1148/776
f 82/1134/783 58/1149/783 59/1150/783
f 59/1150/783 81/1135/783 82/1134/783
f 81/1135/782 59/1150/782 60/1151/782
f 60/1151/782 83/1137/782 81/1135/782
f 83/1137/781 60/1151/781 61/1152/781
f 61/1152/781 84/1139/781 83/1137/781
f 84/1139/780 61/1152/780 62/1153/780
f 62/1153/780 85/1141/780 84/1139/780
f 85/1141/787 62/1153/787 63/1154/787
f 63/1154/787 86/1143/787 85/1141/787
f 86/1143/786 63/1154/786 64/1155/786
f 64/1155/786 87/1145/786 86/1143/786
f 87/1145/785 64/1155/785 57/1156/785
f 57/1156/785 88/1147/785 87/1145/785
f 88/1147/784 57/1156/784 58/1149/784
f 58/1149/784 82/1134/784 88/1147/784
f 97/1157/791 98/1158/791 106/1159/791
f 106/1159/791 105/1160/791 97/1157/791
f 98/1158/790 99/1161/790 107/1162/790
f 107/1162/790 106/1159/790 98/1158/790
f 99/1161/789 100/1163/789 108/1164/789
f 108/1164/789 107/1162/789 99/1161/789
f 100/1163/788 101/1165/788 109/1166/788
f 109/1166/788 108/1164/788 100/1163/788
f 101/1165/795 102/1167/795 110/1168/795
f 110/1168/795 109/1166/795 101/1165/795
f 102/1167/794 103/1169/794 111/1170/794
f 111/1170/794 110/1168/794 102/1167/794
f 103/1169/793 104/1171/793 112/1172/793
f 112/1172/793 111/1170/793 103/1169/793
f 104/1171/792 97/1157/792 105/1160/792
f 105/1160/792 112/1172/792 104/1171/792
f 105/1160/783 106/1159/783 95/1173/783
f 95/1173/783 96/1174/783 105/1160/783
f 106/1159/782 107/1162/782 94/1175/782
f 94/1175/782 95/1173/782 106/1159/782
f 107/1162/781 108/1164/781 93/1176/781
f 93/1176/781 94/1175/781 107/1162/781
f 108/1164/780 109/1166/780 92/1177/780
f 92/1177/780 93/1176/780 108/1164/780
f 109/1166/787 110/1168/787 91/1178/787
f 91/1178/787 92/1177/787 109/1166/787
f 110/1168/786 111/1170/786 90/1179/786
f 90/1179/786 91/1178/786 110/1168/786
f 111/1170/785 112/1172/785 89/1180/785
f 89/1180/785 90/1179/785 111/1170/785
f 112/1172/784 105/1160/784 96/1174/784
f 96/1174/784 89/1180/784 112/1172/784
f 113/1181/796 114/1182/796 122/1183/796
f 122/1183/796 121/1184/796 113/1181/796
f 114/1182/797 115/1185/797 123/1186/797
f 123/1186/797 122/1183/797 114/1182/797
f 115/1185/798 116/1187/798 124/1188/798
f 124/1188/798 123/1186/798 115/1185/798
f 116/1187/799 117/1189/799 125/1190/799
f 125/1190/799 124/1188/799 116/1187/799
f 117/1189/800 118/1191/800 126/1192/800
f 126/1192/800 125/1190/800 117/1189/800
f 118/1191/801 119/1193/801 127/1194/801
f 127/1194/801 126/1192/801 118/1191/801
f 119/1193/802 120/1195/802 128/1196/802
f 128/1196/802 127/1194/802 119/1193/802
f 120/1195/803 113/1181/803 121/1184/803
f 121/1184/803 128/1196/803 120/1195/803
f 120/1195/626 119/1193/626 118/1191/626
f 118/1191/626 117/1189/626 116/1187/626
f 116/1187/626 115/1185/626 114/1182/626
f 118/1191/626 116/1187/626 114/1182/626
f 120/1195/626 118/1191/626 114/1182/626
f 113/1181/626 120/1195/626 114/1182/626
f 137/1197/799 130/1198/799 131/1199/799
f 131/1199/799 138/1200/799 137/1197/799
f 138/1200/804 131/1199/804 132/1201/804
f 132/1201/804 139/1202/804 138/1200/804
f 139/1202/797 132/1201/797 133/1203/797
f 133/1203/797 140/1204/797 139/1202/797
f 140/1204/796 133/1203/796 134/1205/796
f 134/1205/796 141/1206/796 140/1204/796
f 141/1206/803 134/1205/803 135/1207/803
f 135/1207/803 142/1208/803 141/1206/803
f 142/1208/802 135/1207/802 136/1209/802
f 136/1209/802 143/1210/802 142/1208/802
f 143/1210/801 136/1209/801 129/1211/801
f 129/1211/801 144/1212/801 143/1210/801
f 144/1212/800 129/1211/800 130/1198/800
f 130/1198/800 137/1197/800 144/1212/800
f 138/1200/626 139/1202/626 140/1204/626
f 140/1204/626 141/1206/626 142/1208/626
f 138/1200/626 140/1204/626 142/1208/626
f 142/1208/626 143/1210/626 144/1212/626
f 138/1200/626 142/1208/626 144/1212/626
f 137/1197/626 138/1200/626 144/1212/626
f 153/1213/796 146/1214/796 147/1215/796
f 147/1215/796 154/1216/796 153/1213/796
f 154/1216/797 147/1215/797 148/1217/797
f 148/1217/797 155/1218/797 154/1216/797
f 155/1218/798 148/1217/798 149/1219/798
f 149/1219/798 156/1220/798 155/1218/798
f 156/1220/799 149/1219/799 150/1221/799
f 150/1221/799 157/1222/799 156/1220/799
f 157/1222/800 150/1221/800 151/1223/800
f 151/1223/800 158/1224/800 157/1222/800
f 158/1224/801 151/1223/801 152/1225/801
f 152/1225/801 159/1226/801 158/1224/801
f 159/1226/802 152/1225/802 145/1227/802
f 145/1227/802 160/1228/802 159/1226/802
f 160/1228/803 145/1227/803 146/1214/803
f 146/1214/803 153/1213/803 160/1228/803
f 154/1216/622 155/1218/622 156/1220/622
f 156/1220/622 157/1222/622 158/1224/622
f 154/1216/622 156/1220/622 158/1224/622
f 158/1224/622 159/1226/622 160/1228/622
f 154/1216/622 158/1224/622 160/1228/622
f 153/1213/622 154/1216/622 160/1228/622
f 169/1229/799 170/1230/799 167/1231/799
f 167/1231/799 168/1232/799 169/1229/799
f 170/1230/798 171/1233/798 166/1234/798
f 166/1234/804 167/1231/804 170/1230/804
f 171/1233/797 172/1235/797 165/1236/797
f 165/1236/797 166/1234/797 171/1233/797
f 172/1235/796 173/1237/796 164/1238/796
f 164/1238/796 165/1236/796 172/1235/796
f 173/1237/803 174/1239/803 163/1240/803
f 163/1240/803 164/1238/803 173/1237/803
f 174/1239/802 175/1241/802 162/1242/802
f 162/1242/802 163/1240/802 174/1239/802
f 175/1241/801 176/1243/801 161/1244/801
f 161/1244/801 162/1242/801 175/1241/801
f 176/1243/800 169/1229/800 168/1232/800
f 168/1232/800 161/1244/800 176/1243/800
f 176/1243/622 175/1241/622 174/1239/622
f 174/1239/622 173/1237/622 172/1235/622
f 172/1235/622 171/1233/622 170/1230/622
f 174/1239/622 172/1235/622 170/1230/622
f 176/1243/622 174/1239/622 170/1230/622
f 169/1229/622 176/1243/622 170/1230/622
f 634/1245/805 415/1246/805 1287/1247/805
f 1287/1247/805 1286/1248/805 634/1245/805
f 415/1246/806 730/1249/806 1288/1250/806
f 1288/1250/806 1287/1247/806 415/1246/806
f 730/1249/807 731/1251/807 1289/1252/807
f 1289/1252/807 1288/1250/807 730/1249/807
f 731/1251/807 732/1253/807 1290/1254/807
f 1290/1254/807 1289/1252/807 731/1251/807
f 732/1253/808 733/1255/808 1291/1256/808
f 1291/1256/808 1290/1254/808 732/1253/808
f 733/1255/809 734/1257/809 1292/1258/809
f 1292/1258/809 1291/1256/809 733/1255/809
f 734/1257/810 735/1259/810 1293/1260/810
f 1293/1260/810 1292/1258/810 734/1257/810
f 735/1259/811 679/462/811 1294/1261/811
f 1294/1261/811 1293/1260/811 735/1259/811
f 679/462/812 655/1262/812 1295/1263/812
f 1295/1263/812 1294/1261/812 679/462/812
f 655/1262/813 656/1264/813 1296/1265/813
f 1296/1265/813 1295/1263/813 655/1262/813
f 656/1264/814 658/1266/814 1297/1267/814
f 1297/1267/814 1296/1265/814 656/1264/814
f 658/1266/815 634/1245/815 1286/1248/815
f 1286/1248/815 1297/1267/815 658/1266/815
f 862/1268/816 1103/1269/816 1299/1270/816
f 1299/1270/816 1298/1271/816 862/1268/816
f 1103/1269/817 1126/1272/817 1300/1273/817
f 1300/1273/817 1299/1270/817 1103/1269/817
f 1126/1272/818 1125/1274/818 1301/1275/818
f 1301/1275/818 1300/1273/818 1126/1272/818
f 1125/1274/819 1123/1276/819 1302/1277/819
f 1302/1277/819 1301/1275/819 1125/1274/819
f 1123/1276/820 1148/657/820 1303/1278/820
f 1303/1278/820 1302/1277/820 1123/1276/820
f 1148/657/811 1206/1279/811 1304/1280/811
f 1304/1280/811 1303/1278/811 1148/657/811
f 1206/1279/821 1205/1281/821 1305/1282/821
f 1305/1282/821 1304/1280/821 1206/1279/821
f 1205/1281/822 1204/1283/822 1306/1284/822
f 1306/1284/822 1305/1282/822 1205/1281/822
f 1204/1283/823 1203/1285/823 1307/1286/823
f 1307/1286/823 1306/1284/823 1204/1283/823
f 1203/1285/824 1202/1287/824 1308/1288/824
f 1308/1288/824 1307/1286/824 1203/1285/824
f 1202/1287/824 1201/1289/824 1309/1290/824
f 1309/1290/824 1308/1288/824 1202/1287/824
f 1201/1289/806 862/1268/806 1298/1271/806
f 1298/1271/806 1309/1290/806 1201/1289/806
f 1289/1252/825 1286/1248/825 1311/1291/825
f 1311/1291/825 1310/1292/825 1289/1252/825
f 1286/1248/826 1287/1247/826 1312/1293/826
f 1312/1293/826 1311/1291/826 1286/1248/826
f 1287/1247/827 1288/1250/827 1313/1294/827
f 1313/1294/827 1312/1293/827 1287/1247/827
f 1288/1250/807 1289/1252/807 1310/1292/807
f 1310/1292/807 1313/1294/807 1288/1250/807
f 1296/1265/828 1291/1256/828 1315/1295/828
f 1315/1295/828 1314/1296/828 1296/1265/828
f 1291/1256/829 1292/1258/829 1316/1297/829
f 1316/1297/829 1315/1295/829 1291/1256/829
f 1292/1258/830 1293/1260/830 1317/1298/830
f 1317/1298/831 1316/1297/831 1292/1258/831
f 1293/1260/832 1294/1261/832 1318/1299/832
f 1318/1299/832 1317/1298/832 1293/1260/832
f 1294/1261/833 1295/1263/833 1319/1300/833
f 1319/1300/833 1318/1299/833 1294/1261/833
f 1295/1263/834 1296/1265/834 1314/1296/834
f 1314/1296/834 1319/1300/834 1295/1263/834
f 1299/1270/835 1308/1288/835 1321/1301/835
f 1321/1301/835 1320/1302/835 1299/1270/835
f 1308/1288/824 1309/1290/824 1322/1303/824
f 1322/1303/824 1321/1301/824 1308/1288/824
f 1309/1290/827 1298/1271/827 1323/1304/827
f 1323/1304/827 1322/1303/827 1309/1290/827
f 1298/1271/836 1299/1270/836 1320/1302/836
f 1320/1302/836 1323/1304/836 1298/1271/836
f 1306/1284/837 1301/1275/837 1325/1305/837
f 1325/1305/837 1324/1306/837 1306/1284/837
f 1301/1275/838 1302/1277/838 1326/1307/838
f 1326/1307/838 1325/1305/838 1301/1275/838
f 1302/1277/839 1303/1278/839 1327/1308/839
f 1327/1308/839 1326/1307/839 1302/1277/839
f 1303/1278/832 1304/1280/832 1328/1309/832
f 1328/1309/832 1327/1308/832 1303/1278/832
f 1304/1280/840 1305/1282/840 1329/1310/840
f 1329/1310/841 1328/1309/841 1304/1280/841
f 1305/1282/842 1306/1284/842 1324/1306/842
f 1324/1306/842 1329/1310/842 1305/1282/842
f 1149/1311/843 360/1312/843 1331/1313/843
f 1331/1313/843 1330/1314/843 1149/1311/843
f 360/1312/844 1187/1315/844 1332/1316/844
f 1332/1316/844 1331/1313/844 360/1312/844
f 1187/1315/845 1151/1317/845 1333/1318/845
f 1333/1318/845 1332/1316/845 1187/1315/845
f 1151/1317/846 1150/1319/846 1334/1320/846
f 1334/1320/847 1333/1318/847 1151/1317/847
f 1150/1319/848 1179/1321/848 1335/1322/848
f 1335/1322/848 1334/1320/848 1150/1319/848
f 1179/1321/849 709/1323/849 1336/1324/849
f 1336/1324/849 1335/1322/849 1179/1321/849
f 709/1323/850 358/1325/850 1337/1326/850
f 1337/1326/850 1336/1324/850 709/1323/850
f 358/1325/851 1149/1311/851 1330/1314/851
f 1330/1314/852 1337/1326/852 358/1325/852
f 360/1312/853 1149/1311/853 1339/1327/853
f 1339/1327/853 1338/1328/853 360/1312/853
f 1149/1311/854 358/1325/854 1340/1329/854
f 1340/1329/854 1339/1327/854 1149/1311/854
f 358/1325/855 709/1323/855 1341/1330/855
f 1341/1330/855 1340/1329/855 358/1325/855
f 709/1323/849 710/1331/849 1342/1332/849
f 1342/1332/849 1341/1330/849 709/1323/849
f 710/1331/856 681/1333/856 1343/1334/856
f 1343/1334/856 1342/1332/856 710/1331/856
f 681/1333/857 680/1335/857 1344/1336/857
f 1344/1336/858 1343/1334/858 681/1333/858
f 680/1335/859 717/1337/859 1345/1338/859
f 1345/1338/859 1344/1336/859 680/1335/859
f 717/1337/844 360/1312/844 1338/1328/844
f 1338/1328/844 1345/1338/844 717/1337/844
f 365/1339/860 354/1340/860 1347/1341/860
f 1347/1341/861 1346/1342/861 365/1339/861
f 354/1340/862 702/1343/862 1348/1344/862
f 1348/1344/863 1347/1341/863 354/1340/863
f 702/1343/864 703/1345/864 1349/1346/864
f 1349/1346/865 1348/1344/865 702/1343/865
f 703/1345/866 1174/1347/866 1350/1348/866
f 1350/1348/867 1349/1346/867 703/1345/867
f 1174/1347/868 365/1339/868 1346/1342/868
f 1346/1342/869 1350/1348/869 1174/1347/869
f 354/1340/870 365/1339/870 1352/1349/870
f 1352/1349/871 1351/1350/871 354/1340/871
f 365/1339/872 1174/1347/872 1353/1351/872
f 1353/1351/873 1352/1349/873 365/1339/873
f 1174/1347/874 1173/1352/874 1354/1353/874
f 1354/1353/866 1353/1351/866 1174/1347/866
f 1173/1352/875 1172/1354/875 1355/1355/875
f 1355/1355/876 1354/1353/876 1173/1352/876
f 1172/1354/863 354/1340/863 1351/1350/863
f 1351/1350/862 1355/1355/862 1172/1354/862
f 708/1356/877 707/1357/877 1357/1358/877
f 1357/1358/877 1356/1359/877 708/1356/877
f 707/1357/877 1178/1360/877 1358/1361/877
f 1358/1361/877 1357/1358/877 707/1357/877
f 1178/1360/878 1177/1362/878 1359/1363/878
f 1359/1363/879 1358/1361/879 1178/1360/879
f 1177/1362/880 1180/1364/880 1360/1365/880
f 1360/1365/881 1359/1363/881 1177/1362/881
f 1180/1364/880 1182/1366/880 1361/1367/880
f 1361/1367/880 1360/1365/880 1180/1364/880
f 1182/1366/882 1183/1368/882 1362/1369/882
f 1362/1369/882 1361/1367/882 1182/1366/882
f 1183/1368/882 714/1370/882 1363/1371/882
f 1363/1371/882 1362/1369/882 1183/1368/882
f 714/1370/883 711/1372/883 1364/1373/883
f 1364/1373/883 1363/1371/883 714/1370/883
f 711/1372/884 705/1374/884 1365/1375/884
f 1365/1375/885 1364/1373/885 711/1372/885
f 705/1374/886 708/1356/886 1356/1359/886
f 1356/1359/887 1365/1375/887 705/1374/887
f 1174/1347/888 703/1345/888 1367/1376/888
f 1367/1376/888 1366/1377/888 1174/1347/888
f 703/1345/889 716/1378/889 1368/1379/889
f 1368/1379/890 1367/1376/890 703/1345/890
f 716/1378/891 715/1380/891 1369/1381/891
f 1369/1381/892 1368/1379/892 716/1378/892
f 715/1380/893 713/1382/893 1370/1383/893
f 1370/1383/894 1369/1381/894 715/1380/894
f 713/1382/895 359/1384/895 1371/1385/895
f 1371/1385/895 1370/1383/895 713/1382/895
f 359/1384/895 1181/1386/895 1372/1387/895
f 1372/1387/895 1371/1385/895 359/1384/895
f 1181/1386/896 1184/1388/896 1373/1389/896
f 1373/1389/897 1372/1387/897 1181/1386/897
f 1184/1388/898 1185/1390/898 1374/1391/898
f 1374/1391/899 1373/1389/899 1184/1388/899
f 1185/1390/900 1173/1352/900 1375/1392/900
f 1375/1392/901 1374/1391/901 1185/1390/901
f 1173/1352/888 1174/1347/888 1366/1377/888
f 1366/1377/888 1375/1392/888 1173/1352/888
f 707/1357/902 708/1356/902 1377/1393/902
f 1377/1393/902 1376/1394/902 707/1357/902
f 708/1356/903 710/1331/903 1378/1395/903
f 1378/1395/903 1377/1393/903 708/1356/903
f 710/1331/904 709/1323/904 1379/1396/904
f 1379/1396/904 1378/1395/904 710/1331/904
f 709/1323/904 1179/1321/904 1380/1397/904
f 1380/1397/904 1379/1396/904 709/1323/904
f 1179/1321/905 1178/1360/905 1381/1398/905
f 1381/1398/905 1380/1397/905 1179/1321/905
f 1178/1360/902 707/1357/902 1376/1394/902
f 1376/1394/902 1381/1398/902 1178/1360/902
f 354/1340/906 1176/1399/906 1383/1400/906
f 1383/1400/906 1382/1401/906 354/1340/906
f 1176/1399/907 1189/1402/907 1384/1403/907
f 1384/1403/908 1383/1400/908 1176/1399/908
f 1189/1402/909 367/1404/909 1385/1405/909
f 1385/1405/910 1384/1403/910 1189/1402/910
f 367/1404/911 719/1406/911 1386/1407/911
f 1386/1407/912 1385/1405/912 367/1404/912
f 719/1406/913 596/1408/913 1387/1409/913
f 1387/1409/911 1386/1407/911 719/1406/911
f 596/1408/914 738/1410/914 1388/1411/914
f 1388/1411/915 1387/1409/915 596/1408/915
f 738/1410/916 737/1412/916 1389/1413/916
f 1389/1413/917 1388/1411/917 738/1410/917
f 737/1412/918 736/1414/918 1390/1415/918
f 1390/1415/919 1389/1413/919 737/1412/919
f 736/1414/920 739/1416/920 1391/1417/920
f 1391/1417/920 1390/1415/920 736/1414/920
f 739/1416/921 702/1343/921 1392/1418/921
f 1392/1418/921 1391/1417/921 739/1416/921
f 702/1343/922 354/1340/922 1382/1401/922
f 1382/1401/921 1392/1418/921 702/1343/921
f 1176/1399/923 354/1340/923 1394/1419/923
f 1394/1419/923 1393/1420/923 1176/1399/923
f 354/1340/921 1172/1354/921 1395/1421/921
f 1395/1421/921 1394/1419/921 354/1340/921
f 1172/1354/921 1210/1422/921 1396/1423/921
f 1396/1423/922 1395/1421/922 1172/1354/922
f 1210/1422/924 1207/1424/924 1397/1425/924
f 1397/1425/924 1396/1423/924 1210/1422/924
f 1207/1424/925 1208/1426/925 1398/1427/925
f 1398/1427/926 1397/1425/926 1207/1424/926
f 1208/1426/927 1209/1428/927 1399/1429/927
f 1399/1429/928 1398/1427/928 1208/1426/928
f 1209/1428/929 1058/1430/929 1400/1431/929
f 1400/1431/930 1399/1429/930 1209/1428/930
f 1058/1430/931 1190/1432/931 1401/1433/931
f 1401/1433/931 1400/1431/931 1058/1430/931
f 1190/1432/931 367/1404/931 1402/1434/931
f 1402/1434/931 1401/1433/931 1190/1432/931
f 367/1404/932 1189/1402/932 1403/1435/932
f 1403/1435/933 1402/1434/933 367/1404/933
f 1189/1402/934 1176/1399/934 1393/1420/934
f 1393/1420/935 1403/1435/935 1189/1402/935
f 1652/1436/612 1653/1437/612 1728/1438/612
f 1728/1438/612 1727/1439/612 1652/1436/612
f 1653/1437/612 1654/1440/612 1729/1441/612
f 1729/1441/612 1728/1438/612 1653/1437/612
f 1654/1440/612 1655/1442/612 1730/1443/612
f 1730/1443/612 1729/1441/612 1654/1440/612
f 1655/1442/612 1656/1444/612 1731/1445/612
f 1731/1445/612 1730/1443/612 1655/1442/612
f 1656/1446/612 1657/1447/612 1732/1448/612
f 1732/1448/612 1731/1449/612 1656/1446/612
f 1657/1447/612 1658/1450/612 1733/1451/612
f 1733/1451/612 1732/1448/612 1657/1447/612
f 1658/1450/612 1659/1452/612 1734/1453/612
f 1734/1453/612 1733/1451/612 1658/1450/612
f 1659/1452/612 1660/1454/612 1735/1455/612
f 1735/1455/612 1734/1453/612 1659/1452/612
f 1660/1454/612 1661/1456/612 1736/1457/612
f 1736/1457/612 1735/1455/612 1660/1454/612
f 1661/1456/612 1662/1458/612 1737/1459/612
f 1737/1459/612 1736/1457/612 1661/1456/612
f 1662/1458/612 1663/1460/612 1738/1461/612
f 1738/1461/612 1737/1459/612 1662/1458/612
f 1663/1460/612 1664/1462/612 1739/1463/612
f 1739/1463/612 1738/1461/612 1663/1460/612
f 1664/1462/612 1665/1464/612 1740/1465/612
f 1740/1465/612 1739/1463/612 1664/1462/612
f 1665/1464/612 1666/1466/612 1741/1467/612
f 1741/1467/612 1740/1465/612 1665/1464/612
f 1666/1466/612 1667/1468/612 1742/1469/612
f 1742/1469/612 1741/1467/612 1666/1466/612
f 1667/1468/612 1668/1470/612 1743/1471/612
f 1743/1471/612 1742/1469/612 1667/1468/612
f 1668/1470/612 1669/1472/612 1744/1473/612
f 1744/1473/612 1743/1471/612 1668/1470/612
f 1669/1472/612 1670/1474/612 1745/1475/612
f 1745/1475/612 1744/1473/612 1669/1472/612
f 1670/1474/612 1671/1476/612 1746/1477/612
f 1746/1477/612 1745/1475/612 1670/1474/612
f 1671/1476/612 1652/1436/612 1727/1439/612
f 1727/1439/612 1746/1477/612 1671/1476/612
f 1785/1478/936 1778/1479/936 1779/1480/936
f 1779/1480/937 1788/1481/937 1785/1478/937
f 1788/1481/938 1779/1480/938 1780/1482/938
f 1780/1482/938 1790/1483/938 1788/1481/938
f 1790/1483/939 1780/1482/939 1781/1484/939
f 1781/1484/939 1792/1485/939 1790/1483/939
f 1792/1485/940 1781/1484/940 1782/1486/940
f 1782/1486/940 1794/1487/940 1792/1485/940
f 1794/1487/941 1782/1486/941 1783/1488/941
f 1783/1488/942 1796/1489/942 1794/1487/942
f 1796/1489/943 1783/1488/943 1784/1490/943
f 1784/1490/943 1798/1491/943 1796/1489/943
f 1798/1491/944 1784/1490/944 1777/1492/944
f 1777/1492/944 1800/1493/944 1798/1491/944
f 1800/1493/945 1777/1492/945 1778/1479/945
f 1778/1479/945 1785/1478/945 1800/1493/945
f 1985/1494/621 1986/1495/621 2061/1496/621
f 2061/1496/621 2060/1497/621 1985/1494/621
f 1986/1495/621 1987/1498/621 2062/1499/621
f 2062/1499/621 2061/1496/621 1986/1495/621
f 1987/1498/621 1988/1500/621 2063/1501/621
f 2063/1501/621 2062/1499/621 1987/1498/621
f 1988/1500/621 1989/1502/621 2064/1503/621
f 2064/1503/621 2063/1501/621 1988/1500/621
f 1989/1504/621 1990/1505/621 2065/1506/621
f 2065/1506/621 2064/1507/621 1989/1504/621
f 1990/1505/621 1991/1508/621 2066/1509/621
f 2066/1509/621 2065/1506/621 1990/1505/621
f 1991/1508/621 1992/1510/621 2067/1511/621
f 2067/1511/621 2066/1509/621 1991/1508/621
f 1992/1510/621 1993/1512/621 2068/1513/621
f 2068/1513/621 2067/1511/621 1992/1510/621
f 1993/1512/621 1994/1514/621 2069/1515/621
f 2069/1515/621 2068/1513/621 1993/1512/621
f 1994/1514/621 1995/1516/621 2070/1517/621
f 2070/1517/621 2069/1515/621 1994/1514/621
f 1995/1516/621 1996/1518/621 2071/1519/621
f 2071/1519/621 2070/1517/621 1995/1516/621
f 1996/1518/621 1997/1520/621 2072/1521/621
f 2072/1521/621 2071/1519/621 1996/1518/621
f 1997/1520/621 1998/1522/621 2073/1523/621
f 2073/1523/621 2072/1521/621 1997/1520/621
f 1998/1522/621 1999/1524/621 2074/1525/621
f 2074/1525/621 2073/1523/621 1998/1522/621
f 1999/1524/621 2000/1526/621 2075/1527/621
f 2075/1527/621 2074/1525/621 1999/1524/621
f 2000/1526/621 2001/1528/621 2076/1529/621
f 2076/1529/621 2075/1527/621 2000/1526/621
f 2001/1528/621 2002/1530/621 2077/1531/621
f 2077/1531/621 2076/1529/621 2001/1528/621
f 2002/1530/621 2003/1532/621 2078/1533/621
f 2078/1533/621 2077/1531/621 2002/1530/621
f 2003/1532/621 2004/1534/621 2079/1535/621
f 2079/1535/621 2078/1533/621 2003/1532/621
f 2004/1534/621 1985/1494/621 2060/1497/621
f 2060/1497/621 2079/1535/621 2004/1534/621
f 2118/1536/946 2119/1537/946 2116/1538/946
f 2116/1538/946 2117/1539/946 2118/1536/946
f 2119/1537/947 2122/1540/947 2115/1541/947
f 2115/1541/947 2116/1538/947 2119/1537/947
f 2122/1540/948 2124/1542/948 2114/1543/948
f 2114/1543/948 2115/1541/948 2122/1540/948
f 2124/1542/949 2126/1544/949 2113/1545/949
f 2113/1545/949 2114/1543/949 2124/1542/949
f 2126/1544/950 2128/1546/950 2112/1547/950
f 2112/1547/950 2113/1545/950 2126/1544/950
f 2128/1546/951 2130/1548/951 2111/1549/951
f 2111/1549/951 2112/1547/951 2128/1546/951
f 2130/1548/952 2132/1550/952 2110/1551/952
f 2110/1551/952 2111/1549/952 2130/1548/952
f 2132/1550/953 2118/1536/953 2117/1539/953
f 2117/1539/954 2110/1551/954 2132/1550/954
f 2318/1552/630 2319/1553/630 2394/1554/630
f 2394/1554/630 2393/1555/630 2318/1552/630
f 2319/1553/630 2320/1556/630 2395/1557/630
f 2395/1557/630 2394/1554/630 2319/1553/630
f 2320/1556/630 2321/1558/630 2396/1559/630
f 2396/1559/630 2395/1557/630 2320/1556/630
f 2321/1558/630 2322/1560/630 2397/1561/630
f 2397/1561/630 2396/1559/630 2321/1558/630
f 2322/1562/630 2323/1563/630 2398/1564/630
f 2398/1564/630 2397/1565/630 2322/1562/630
f 2323/1563/630 2324/1566/630 2399/1567/630
f 2399/1567/630 2398/1564/630 2323/1563/630
f 2324/1566/630 2325/1568/630 2400/1569/630
f 2400/1569/630 2399/1567/630 2324/1566/630
f 2325/1568/630 2326/1570/630 2401/1571/630
f 2401/1571/630 2400/1569/630 2325/1568/630
f 2326/1570/630 2327/1572/630 2402/1573/630
f 2402/1573/630 2401/1571/630 2326/1570/630
f 2327/1572/630 2328/1574/630 2403/1575/630
f 2403/1575/630 2402/1573/630 2327/1572/630
f 2328/1574/630 2329/1576/630 2404/1577/630
f 2404/1577/630 2403/1575/630 2328/1574/630
f 2329/1576/630 2330/1578/630 2405/1579/630
f 2405/1579/630 2404/1577/630 2329/1576/630
f 2330/1578/630 2331/1580/630 2406/1581/630
f 2406/1581/630 2405/1579/630 2330/1578/630
f 2331/1580/630 2332/1582/630 2407/1583/630
f 2407/1583/630 2406/1581/630 2331/1580/630
f 2332/1582/630 2333/1584/630 2408/1585/630
f 2408/1585/630 2407/1583/630 2332/1582/630
f 2333/1584/630 2334/1586/630 2409/1587/630
f 2409/1587/630 2408/1585/630 2333/1584/630
f 2334/1586/630 2335/1588/630 2410/1589/630
f 2410/1589/630 2409/1587/630 2334/1586/630
f 2335/1588/630 2336/1590/630 2411/1591/630
f 2411/1591/630 2410/1589/630 2335/1588/630
f 2336/1590/630 2337/1592/630 2412/1593/630
f 2412/1593/630 2411/1591/630 2336/1590/630
f 2337/1592/630 2318/1552/630 2393/1555/630
f 2393/1555/630 2412/1593/630 2337/1592/630
f 2443/1594/955 2444/1595/955 2460/1596/955
f 2460/1596/956 2459/1597/956 2443/1594/956
f 2444/1595/957 2445/1598/957 2461/1599/957
f 2461/1599/957 2460/1596/957 2444/1595/957
f 2445/1598/958 2446/1600/958 2462/1601/958
f 2462/1601/958 2461/1599/958 2445/1598/958
f 2446/1600/959 2447/1602/959 2463/1603/959
f 2463/1603/959 2462/1601/959 2446/1600/959
f 2447/1602/960 2448/1604/960 2464/1605/960
f 2464/1605/960 2463/1603/960 2447/1602/960
f 2448/1604/961 2449/1606/961 2465/1607/961
f 2465/1607/961 2464/1605/961 2448/1604/961
f 2449/1606/962 2450/1608/962 2466/1609/962
f 2466/1609/962 2465/1607/962 2449/1606/962
f 2450/1608/963 2443/1594/963 2459/1597/963
f 2459/1597/963 2466/1609/963 2450/1608/963
f 2651/1610/631 2652/1611/631 2727/1612/631
f 2727/1612/631 2726/1613/631 2651/1610/631
f 2652/1611/631 2653/1614/631 2728/1615/631
f 2728/1615/631 2727/1612/631 2652/1611/631
f 2653/1614/631 2654/1616/631 2729/1617/631
f 2729/1617/631 2728/1615/631 2653/1614/631
f 2654/1616/631 2655/1618/631 2730/1619/631
f 2730/1619/631 2729/1617/631 2654/1616/631
f 2655/1620/631 2656/1621/631 2731/1622/631
f 2731/1622/631 2730/1623/631 2655/1620/631
f 2656/1621/631 2657/1624/631 2732/1625/631
f 2732/1625/631 2731/1622/631 2656/1621/631
f 2657/1624/631 2658/1626/631 2733/1627/631
f 2733/1627/631 2732/1625/631 2657/1624/631
f 2658/1626/631 2659/1628/631 2734/1629/631
f 2734/1629/631 2733/1627/631 2658/1626/631
f 2659/1628/631 2660/1630/631 2735/1631/631
f 2735/1631/631 2734/1629/631 2659/1628/631
f 2660/1630/631 2661/1632/631 2736/1633/631
f 2736/1633/631 2735/1631/631 2660/1630/631
f 2661/1632/631 2662/1634/631 2737/1635/631
f 2737/1635/631 2736/1633/631 2661/1632/631
f 2662/1634/631 2663/1636/631 2738/1637/631
f 2738/1637/631 2737/1635/631 2662/1634/631
f 2663/1636/631 2664/1638/631 2739/1639/631
f 2739/1639/631 2738/1637/631 2663/1636/631
f 2664/1638/631 2665/1640/631 2740/1641/631
f 2740/1641/631 2739/1639/631 2664/1638/631
f 2665/1640/631 2666/1642/631 2741/1643/631
f 2741/1643/631 2740/1641/631 2665/1640/631
f 2666/1642/631 2667/1644/631 2742/1645/631
f 2742/1645/631 2741/1643/631 2666/1642/631
f 2667/1644/631 2668/1646/631 2743/1647/631
f 2743/1647/631 2742/1645/631 2667/1644/631
f 2668/1646/631 2669/1648/631 2744/1649/631
f 2744/1649/631 2743/1647/631 2668/1646/631
f 2669/1648/631 2670/1650/631 2745/1651/631
f 2745/1651/631 2744/1649/631 2669/1648/631
f 2670/1650/631 2651/1610/631 2726/1613/631
f 2726/1613/631 2745/1651/631 2670/1650/631
f 2784/1652/964 2777/1653/964 2778/1654/964
f 2778/1654/964 2787/1655/964 2784/1652/964
f 2787/1655/965 2778/1654/965 2779/1656/965
f 2779/1656/965 2789/1657/965 2787/1655/965
f 2789/1657/966 2779/1656/966 2780/1658/966
f 2780/1658/966 2791/1659/966 2789/1657/966
f 2791/1659/967 2780/1658/967 2781/1660/967
f 2781/1660/967 2793/1661/967 2791/1659/967
f 2793/1661/968 2781/1660/968 2782/1662/968
f 2782/1662/968 2795/1663/968 2793/1661/968
f 2795/1663/969 2782/1662/969 2783/1664/969
f 2783/1664/969 2797/1665/969 2795/1663/969
f 2797/1665/970 2783/1664/970 2776/1666/970
f 2776/1666/970 2799/1667/970 2797/1665/970
f 2799/1667/971 2776/1666/971 2777/1653/971
f 2777/1653/972 2784/1652/972 2799/1667/972
s 1
f 17/1102/621 18/1101/621 19/1103/621
f 19/1103/621 20/1104/621 21/1105/621
f 17/1102/621 19/1103/621 21/1105/621
f 21/1105/621 22/1106/621 23/1107/621
f 17/1102/621 21/1105/621 23/1107/621
f 24/1108/621 17/1102/621 23/1107/621
f 25/1668/626 26/1669/625 2/1670/625
f 2/1670/625 1/1671/626 25/1668/626
f 26/1672/625 27/1673/624 3/1089/624
f 3/1089/624 2/1086/625 26/1672/625
f 27/1673/624 28/1674/623 4/1091/623
f 4/1091/623 3/1089/624 27/1673/624
f 28/1674/623 29/1675/622 5/1093/622
f 5/1093/622 4/1091/623 28/1674/623
f 29/1675/622 30/1676/629 6/1095/629
f 6/1095/629 5/1093/622 29/1675/622
f 30/1676/629 31/1677/628 7/1097/628
f 7/1097/628 6/1095/629 30/1676/629
f 31/1677/628 32/1678/627 8/1099/627
f 8/1099/627 7/1097/628 31/1677/628
f 32/1678/627 25/1668/626 1/1671/626
f 1/1671/626 8/1099/627 32/1678/627
f 40/1131/631 39/1130/631 38/1129/631
f 38/1129/631 37/1128/631 36/1127/631
f 36/1127/631 35/1126/631 34/1125/631
f 38/1129/631 36/1127/631 34/1125/631
f 40/1131/631 38/1129/631 34/1125/631
f 33/1132/631 40/1131/631 34/1125/631
f 25/1668/626 41/1679/626 42/1680/625
f 42/1680/625 26/1669/625 25/1668/626
f 26/1672/625 42/1112/625 43/1114/624
f 43/1114/624 27/1673/624 26/1672/625
f 27/1673/624 43/1114/624 44/1116/623
f 44/1116/623 28/1674/623 27/1673/624
f 28/1674/623 44/1116/623 45/1118/622
f 45/1118/622 29/1675/622 28/1674/623
f 29/1675/622 45/1118/622 46/1120/629
f 46/1120/629 30/1676/629 29/1675/622
f 30/1676/629 46/1120/629 47/1122/628
f 47/1122/628 31/1677/628 30/1676/629
f 31/1677/628 47/1122/628 48/1124/627
f 48/1124/627 32/1678/627 31/1677/628
f 32/1678/627 48/1124/627 41/1679/626
f 41/1679/626 25/1668/626 32/1678/627
f 64/1155/621 63/1154/621 62/1153/621
f 62/1153/621 61/1152/621 60/1151/621
f 60/1151/621 59/1150/621 58/1149/621
f 62/1153/621 60/1151/621 58/1149/621
f 64/1155/621 62/1153/621 58/1149/621
f 57/1156/621 64/1155/621 58/1149/621
f 66/1681/622 65/1682/622 68/1683/623
f 68/1683/623 67/1684/623 66/1681/622
f 67/1685/623 68/1136/623 70/1138/624
f 70/1138/624 69/1686/624 67/1685/623
f 69/1686/624 70/1138/624 72/1140/625
f 72/1140/625 71/1687/625 69/1686/624
f 71/1687/625 72/1140/625 74/1142/626
f 74/1142/626 73/1688/626 71/1687/625
f 73/1688/626 74/1142/626 76/1144/627
f 76/1144/627 75/1689/627 73/1688/626
f 75/1689/627 76/1144/627 78/1146/628
f 78/1146/628 77/1690/628 75/1689/627
f 77/1690/628 78/1146/628 80/1148/629
f 80/1148/629 79/1691/629 77/1690/628
f 79/1691/629 80/1148/629 65/1682/622
f 65/1682/622 66/1681/622 79/1691/629
f 96/1174/631 95/1173/631 94/1175/631
f 94/1175/631 93/1176/631 92/1177/631
f 96/1174/631 94/1175/631 92/1177/631
f 92/1177/631 91/1178/631 90/1179/631
f 96/1174/631 92/1177/631 90/1179/631
f 89/1180/631 96/1174/631 90/1179/631
f 66/1681/622 67/1684/623 98/1692/623
f 98/1692/623 97/1693/622 66/1681/622
f 67/1685/623 69/1686/624 99/1161/624
f 99/1161/624 98/1158/623 67/1685/623
f 69/1686/624 71/1687/625 100/1163/625
f 100/1163/625 99/1161/624 69/1686/624
f 71/1687/625 73/1688/626 101/1165/626
f 101/1165/626 100/1163/625 71/1687/625
f 73/1688/626 75/1689/627 102/1167/627
f 102/1167/627 101/1165/626 73/1688/626
f 75/1689/627 77/1690/628 103/1169/628
f 103/1169/628 102/1167/627 75/1689/627
f 77/1690/628 79/1691/629 104/1171/629
f 104/1171/629 103/1169/628 77/1690/628
f 79/1691/629 66/1681/622 97/1693/622
f 97/1693/622 104/1171/629 79/1691/629
f 121/1184/622 122/1183/622 123/1186/622
f 123/1186/622 124/1188/622 125/1190/622
f 121/1184/622 123/1186/622 125/1190/622
f 125/1190/622 126/1192/622 127/1194/622
f 121/1184/622 125/1190/622 127/1194/622
f 128/1196/622 121/1184/622 127/1194/622
f 136/1209/622 135/1207/622 134/1205/622
f 134/1205/622 133/1203/622 132/1201/622
f 132/1201/622 131/1199/622 130/1198/622
f 134/1205/622 132/1201/622 130/1198/622
f 136/1209/622 134/1205/622 130/1198/622
f 129/1211/622 136/1209/622 130/1198/622
f 152/1225/626 151/1223/626 150/1221/626
f 150/1221/626 149/1219/626 148/1217/626
f 148/1217/626 147/1215/626 146/1214/626
f 150/1221/626 148/1217/626 146/1214/626
f 152/1225/626 150/1221/626 146/1214/626
f 145/1227/626 152/1225/626 146/1214/626
f 168/1232/626 167/1231/626 166/1234/626
f 166/1234/626 165/1236/626 164/1238/626
f 168/1232/626 166/1234/626 164/1238/626
f 164/1238/626 163/1240/626 162/1242/626
f 168/1232/626 164/1238/626 162/1242/626
f 161/1244/626 168/1232/626 162/1242/626
f 183/1694/973 185/1695/973 189/1696/974
f 189/1696/974 191/1697/974 183/1694/973
f 177/1698/624 178/1699/624 180/1700/624
f 180/1700/624 179/1701/624 177/1698/624
f 188/1702/975 178/1703/631 177/1704/631
f 177/1704/631 192/1705/975 188/1702/975
f 187/1706/622 189/1707/622 185/1708/622
f 185/1708/622 184/1709/622 186/1710/622
f 187/1706/622 185/1708/622 186/1710/622
f 186/1710/622 180/1711/622 178/1712/622
f 187/1706/622 186/1710/622 178/1712/622
f 188/1713/622 187/1706/622 178/1712/622
f 182/1714/976 179/1715/621 180/1716/621
f 180/1716/621 186/1717/976 182/1714/976
f 181/1718/626 183/1719/626 191/1720/626
f 191/1720/626 190/1721/626 192/1722/626
f 181/1718/626 191/1720/626 192/1722/626
f 192/1722/626 177/1723/626 179/1724/626
f 181/1718/626 192/1722/626 179/1724/626
f 182/1725/626 181/1718/626 179/1724/626
f 185/1695/973 183/1694/973 181/1726/977
f 181/1726/977 184/1727/977 185/1695/973
f 191/1697/974 189/1696/974 187/1728/978
f 187/1728/978 190/1729/978 191/1697/974
f 188/1702/975 192/1705/975 190/1730/979
f 190/1730/979 187/1731/979 188/1702/975
f 182/1714/976 186/1717/976 184/1732/980
f 184/1732/980 181/1733/980 182/1714/976
f 206/1734/981 194/1735/982 193/1736/983
f 193/1736/983 205/1737/984 206/1734/981
f 207/1738/985 195/1739/986 194/1735/982
f 194/1735/982 206/1734/981 207/1738/985
f 208/1740/987 196/1741/988 195/1739/986
f 195/1739/986 207/1738/985 208/1740/987
f 209/1742/989 197/1743/990 196/1741/988
f 196/1741/988 208/1740/987 209/1742/989
f 210/1744/991 198/1745/992 197/1743/990
f 197/1743/990 209/1742/989 210/1744/991
f 211/1746/993 199/1747/994 198/1745/992
f 198/1745/992 210/1744/991 211/1746/993
f 212/1748/995 200/1749/996 199/1747/994
f 199/1747/994 211/1746/993 212/1748/995
f 213/1750/997 201/1751/998 200/1749/996
f 200/1749/996 212/1748/995 213/1750/997
f 214/1752/999 202/1753/1000 201/1751/998
f 201/1751/998 213/1750/997 214/1752/999
f 215/1754/1001 203/1755/1002 202/1753/1000
f 202/1753/1000 214/1752/999 215/1754/1001
f 216/1756/1003 204/1757/1004 203/1755/1002
f 203/1755/1002 215/1754/1001 216/1756/1003
f 205/1737/984 193/1736/983 204/1757/1004
f 204/1757/1004 216/1756/1003 205/1737/984
f 218/1758/1005 206/1734/981 205/1737/984
f 205/1737/984 217/1759/1006 218/1758/1005
f 219/1760/1007 207/1738/985 206/1734/981
f 206/1734/981 218/1758/1005 219/1760/1007
f 220/1761/1008 208/1740/987 207/1738/985
f 207/1738/985 219/1760/1007 220/1761/1008
f 221/1762/1009 209/1742/989 208/1740/987
f 208/1740/987 220/1761/1008 221/1762/1009
f 222/1763/1010 210/1744/991 209/1742/989
f 209/1742/989 221/1762/1009 222/1763/1010
f 223/1764/1011 211/1746/993 210/1744/991
f 210/1744/991 222/1763/1010 223/1764/1011
f 224/1765/1012 212/1748/995 211/1746/993
f 211/1746/993 223/1764/1011 224/1765/1012
f 225/1766/1013 213/1750/997 212/1748/995
f 212/1748/995 224/1765/1012 225/1766/1013
f 226/1767/1014 214/1752/999 213/1750/997
f 213/1750/997 225/1766/1013 226/1767/1014
f 227/1768/1015 215/1754/1001 214/1752/999
f 214/1752/999 226/1767/1014 227/1768/1015
f 228/1769/1016 216/1756/1003 215/1754/1001
f 215/1754/1001 227/1768/1015 228/1769/1016
f 217/1759/1006 205/1737/984 216/1756/1003
f 216/1756/1003 228/1769/1016 217/1759/1006
f 230/1770/1017 218/1758/1005 217/1759/1006
f 217/1759/1006 229/1771/1018 230/1770/1017
f 231/1772/1019 219/1760/1007 218/1758/1005
f 218/1758/1005 230/1770/1017 231/1772/1019
f 232/1773/1020 220/1761/1008 219/1760/1007
f 219/1760/1007 231/1772/1019 232/1773/1020
f 233/1774/1021 221/1762/1009 220/1761/1008
f 220/1761/1008 232/1773/1020 233/1774/1021
f 234/1775/1022 222/1763/1010 221/1762/1009
f 221/1762/1009 233/1774/1021 234/1775/1022
f 235/1776/1023 223/1764/1024 222/1763/1010
f 222/1763/1010 234/1775/1022 235/1776/1023
f 236/1777/1025 224/1765/1012 223/1764/1024
f 223/1764/1024 235/1776/1023 236/1777/1025
f 237/1778/1026 225/1766/1013 224/1765/1012
f 224/1765/1012 236/1777/1025 237/1778/1026
f 238/1779/1027 226/1767/1014 225/1766/1013
f 225/1766/1013 237/1778/1026 238/1779/1027
f 239/1780/1028 227/1768/1015 226/1767/1014
f 226/1767/1014 238/1779/1027 239/1780/1028
f 240/1781/1029 228/1769/1016 227/1768/1015
f 227/1768/1015 239/1780/1028 240/1781/1029
f 229/1771/1018 217/1759/1006 228/1769/1016
f 228/1769/1016 240/1781/1029 229/1771/1018
f 229/1771/1018 241/1782/1030 242/1783/1031
f 242/1783/1031 230/1770/1017 229/1771/1018
f 230/1770/1017 242/1783/1031 243/1784/1032
f 243/1784/1032 231/1772/1019 230/1770/1017
f 231/1772/1019 243/1784/1032 244/1785/1033
f 244/1785/1033 232/1773/1020 231/1772/1019
f 232/1773/1020 244/1785/1033 245/1786/1034
f 245/1786/1034 233/1774/1021 232/1773/1020
f 233/1774/1021 245/1786/1034 246/1787/1035
f 246/1787/1035 234/1775/1022 233/1774/1021
f 234/1775/1022 246/1787/1035 247/1788/1036
f 247/1788/1036 235/1776/1023 234/1775/1022
f 235/1776/1023 247/1788/1036 248/1789/1037
f 248/1789/1037 236/1777/1025 235/1776/1023
f 236/1777/1025 248/1789/1037 249/1790/1038
f 249/1790/1038 237/1778/1026 236/1777/1025
f 237/1778/1026 249/1790/1038 250/1791/1039
f 250/1791/1039 238/1779/1027 237/1778/1026
f 238/1779/1027 250/1791/1039 251/1792/1040
f 251/1792/1040 239/1780/1028 238/1779/1027
f 239/1780/1028 251/1792/1040 252/1793/1041
f 252/1793/1041 240/1781/1029 239/1780/1028
f 240/1781/1029 252/1793/1041 241/1782/1030
f 241/1782/1030 229/1771/1018 240/1781/1029
f 254/1794/1042 242/1783/1031 241/1782/1030
f 241/1782/1030 253/1795/1043 254/1794/1042
f 255/1796/1044 243/1784/1032 242/1783/1031
f 242/1783/1031 254/1794/1042 255/1796/1044
f 256/1797/1045 244/1785/1033 243/1784/1032
f 243/1784/1032 255/1796/1044 256/1797/1045
f 257/1798/1046 245/1786/1034 244/1785/1033
f 244/1785/1033 256/1797/1045 257/1798/1046
f 258/1799/1047 246/1787/1035 245/1786/1034
f 245/1786/1034 257/1798/1046 258/1799/1047
f 259/1800/1048 247/1788/1036 246/1787/1035
f 246/1787/1035 258/1799/1047 259/1800/1048
f 260/1801/1049 248/1789/1037 247/1788/1036
f 247/1788/1036 259/1800/1048 260/1801/1049
f 261/1802/1050 249/1790/1038 248/1789/1037
f 248/1789/1037 260/1801/1049 261/1802/1050
f 262/1803/1051 250/1791/1039 249/1790/1038
f 249/1790/1038 261/1802/1050 262/1803/1051
f 263/1804/1052 251/1792/1040 250/1791/1039
f 250/1791/1039 262/1803/1051 263/1804/1052
f 264/1805/1053 252/1793/1041 251/1792/1040
f 251/1792/1040 263/1804/1052 264/1805/1053
f 253/1795/1043 241/1782/1030 252/1793/1041
f 252/1793/1041 264/1805/1053 253/1795/1043
f 266/1806/1054 254/1794/1042 253/1795/1043
f 253/1795/1043 265/1807/1055 266/1806/1054
f 267/1808/1056 255/1796/1044 254/1794/1042
f 254/1794/1042 266/1806/1054 267/1808/1056
f 268/1809/1057 256/1797/1045 255/1796/1044
f 255/1796/1044 267/1808/1056 268/1809/1057
f 269/1810/1058 257/1798/1046 256/1797/1045
f 256/1797/1045 268/1809/1057 269/1810/1058
f 270/1811/1059 258/1799/1047 257/1798/1046
f 257/1798/1046 269/1810/1058 270/1811/1059
f 271/1812/1060 259/1800/1048 258/1799/1047
f 258/1799/1047 270/1811/1059 271/1812/1060
f 272/1813/1061 260/1801/1049 259/1800/1048
f 259/1800/1048 271/1812/1060 272/1813/1061
f 273/1814/1062 261/1802/1050 260/1801/1049
f 260/1801/1049 272/1813/1061 273/1814/1062
f 274/1815/1063 262/1803/1051 261/1802/1050
f 261/1802/1050 273/1814/1062 274/1815/1063
f 275/1816/1064 263/1804/1052 262/1803/1051
f 262/1803/1051 274/1815/1063 275/1816/1064
f 276/1817/1065 264/1805/1053 263/1804/1052
f 263/1804/1052 275/1816/1064 276/1817/1065
f 265/1807/1055 253/1795/1043 264/1805/1053
f 264/1805/1053 276/1817/1065 265/1807/1055
f 278/1818/1066 266/1806/1054 265/1807/1055
f 265/1807/1055 277/1819/1067 278/1818/1066
f 279/1820/1068 267/1808/1056 266/1806/1054
f 266/1806/1054 278/1818/1066 279/1820/1068
f 280/1821/1069 268/1809/1057 267/1808/1056
f 267/1808/1056 279/1820/1068 280/1821/1069
f 281/1822/1070 269/1810/1058 268/1809/1057
f 268/1809/1057 280/1821/1069 281/1822/1070
f 282/1823/1071 270/1811/1059 269/1810/1058
f 269/1810/1058 281/1822/1070 282/1823/1071
f 283/1824/1072 271/1812/1060 270/1811/1059
f 270/1811/1059 282/1823/1071 283/1824/1072
f 284/1825/1073 272/1813/1061 271/1812/1060
f 271/1812/1060 283/1824/1072 284/1825/1073
f 285/1826/1074 273/1814/1062 272/1813/1061
f 272/1813/1061 284/1825/1073 285/1826/1074
f 286/1827/1075 274/1815/1063 273/1814/1062
f 273/1814/1062 285/1826/1074 286/1827/1075
f 287/1828/1076 275/1816/1064 274/1815/1063
f 274/1815/1063 286/1827/1075 287/1828/1076
f 288/1829/1077 276/1817/1065 275/1816/1064
f 275/1816/1064 287/1828/1076 288/1829/1077
f 277/1819/1067 265/1807/1055 276/1817/1065
f 276/1817/1065 288/1829/1077 277/1819/1067
f 203/1755/1078 204/1757/1078 193/1736/1078
f 202/1753/1078 203/1755/1078 193/1736/1078
f 201/1751/1078 202/1753/1078 193/1736/1078
f 200/1749/1078 201/1751/1078 193/1736/1078
f 199/1747/1078 200/1749/1078 193/1736/1078
f 198/1745/1078 199/1747/1078 193/1736/1078
f 197/1743/1078 198/1745/1078 193/1736/1078
f 196/1741/1078 197/1743/1078 193/1736/1078
f 195/1739/1078 196/1741/1078 193/1736/1078
f 194/1735/1079 195/1739/1078 193/1736/1078
f 279/1820/1080 278/1818/1081 277/1819/1080
f 277/1819/1080 288/1829/1080 287/1828/1080
f 277/1819/1080 287/1828/1080 286/1827/1080
f 277/1819/1080 286/1827/1080 285/1826/1080
f 277/1819/1080 285/1826/1080 284/1825/1080
f 277/1819/1080 284/1825/1080 283/1824/1081
f 277/1819/1080 283/1824/1081 282/1823/1080
f 277/1819/1080 282/1823/1080 281/1822/1080
f 277/1819/1080 281/1822/1080 280/1821/1080
f 279/1820/1080 277/1819/1080 280/1821/1080
f 299/1830/622 301/1831/622 297/1832/622
f 297/1832/622 296/1833/622 298/1834/622
f 299/1830/622 297/1832/622 298/1834/622
f 298/1834/622 292/1835/622 290/1836/622
f 299/1830/622 298/1834/622 290/1836/622
f 300/1837/622 299/1830/622 290/1836/622
f 293/1838/626 295/1839/626 303/1840/626
f 303/1840/626 302/1841/626 304/1842/626
f 293/1838/626 303/1840/626 304/1842/626
f 304/1842/626 289/1843/626 291/1844/626
f 293/1838/626 304/1842/626 291/1844/626
f 294/1845/626 293/1838/626 291/1844/626
f 564/1846/1082 565/1847/1083 539/389/1084
f 539/389/1084 538/388/1085 564/1846/1082
f 566/1848/1086 372/1849/1087 439/1850/1088
f 564/1846/1082 538/388/1085 567/403/1089
f 567/403/1089 581/1851/1090 564/1846/1082
f 589/1852/1091 566/1848/1086 439/1850/1088
f 439/1850/1088 436/437/1092 589/1852/1091
f 565/1847/1083 589/1852/1091 436/437/1092
f 436/437/1092 539/389/1084 565/1847/1083
f 635/455/1093 399/260/1094 418/275/1095
f 546/391/1096 635/455/1093 418/275/1095
f 583/424/1097 546/391/1096 418/275/1095
f 666/1853/1098 665/1854/1099 664/1855/1100
f 667/1856/1101 666/1853/1098 664/1855/1100
f 668/1857/1102 667/1856/1101 664/1855/1100
f 663/1858/1103 668/1857/1102 664/1855/1100
f 673/1859/1104 676/1860/1105 675/1861/1106
f 675/1861/1106 674/1862/1107 673/1859/1104
f 674/1862/1107 675/1861/1106 678/1863/1108
f 678/1863/1108 677/1864/1109 674/1862/1107
f 1344/1336/1110 1339/1327/1110 1340/1329/1111
f 1340/1329/1111 1343/1334/1111 1344/1336/1110
f 1349/1346/1112 1350/1348/1113 1346/1342/1114
f 1349/1346/1112 1346/1342/1114 1347/1341/1115
f 1348/1344/1116 1349/1346/1112 1347/1341/1115
f 1383/1400/1117 704/1865/1118 1392/1418/1119
f 1392/1418/1119 1382/1401/1119 1383/1400/1117
f 706/1866/1120 1365/1375/1121 1356/1359/1121
f 1356/1359/1121 1357/1358/1120 706/1866/1120
f 1376/1394/1122 1377/1393/1122 1378/1395/1122
f 1378/1395/1122 1379/1396/1122 1376/1394/1122
f 712/1867/1123 1364/1373/1124 1365/1375/1125
f 1365/1375/1125 706/1866/1126 712/1867/1123
f 366/1868/1127 1369/1381/1127 1370/1383/1128
f 1370/1383/1128 1371/1385/1128 366/1868/1127
f 1186/1869/1129 1368/1379/1129 1369/1381/1127
f 1369/1381/1127 366/1868/1127 1186/1869/1129
f 1366/1377/1130 1367/1376/1130 1368/1379/1129
f 1368/1379/1129 1186/1869/1129 1366/1377/1130
f 1362/1369/1126 1363/1371/1126 1364/1373/1124
f 1364/1373/1124 712/1867/1123 1362/1369/1126
f 1345/1338/1131 1338/1328/1131 1339/1327/1110
f 1339/1327/1110 1344/1336/1110 1345/1338/1131
f 1341/1330/1132 1342/1332/1132 1343/1334/1111
f 1343/1334/1111 1340/1329/1111 1341/1330/1132
f 718/1870/1133 704/1865/1118 1383/1400/1117
f 1383/1400/1117 1384/1403/1134 718/1870/1133
f 1385/1405/1135 1386/1407/1136 718/1870/1133
f 718/1870/1133 1384/1403/1134 1385/1405/1135
f 607/1871/1137 1076/1872/1138 361/1873/1139
f 361/1873/1139 720/1874/1140 607/1871/1137
f 720/1874/1140 361/1873/1139 368/1875/1141
f 368/1875/1141 721/1876/1141 720/1874/1140
f 721/1876/1141 368/1875/1141 360/1312/1142
f 360/1312/1142 717/1337/1143 721/1876/1141
f 564/1846/1082 722/1877/1144 565/1847/1083
f 565/1847/1083 722/1877/1144 723/1878/1141
f 723/1878/1141 589/1852/1091 565/1847/1083
f 589/1852/1091 723/1878/1141 724/1879/1145
f 724/1879/1145 566/1848/1086 589/1852/1091
f 1313/1294/1126 1310/1292/1126 1311/1291/1126
f 1311/1291/1126 1312/1293/1126 1313/1294/1126
f 1289/1252/1126 1290/1254/1146 1297/1267/1147
f 1297/1267/1147 1286/1248/1126 1289/1252/1126
f 1297/1267/1147 1290/1254/1146 1291/1256/1128
f 1291/1256/1128 1296/1265/1128 1297/1267/1147
f 1314/1296/1148 1315/1295/1148 1316/1297/1129
f 1316/1297/1129 1319/1300/1129 1314/1296/1148
f 1319/1300/1129 1316/1297/1129 1317/1298/1130
f 1317/1298/1130 1318/1299/1130 1319/1300/1129
f 718/1870/1133 1386/1407/1136 1387/1409/1149
f 1387/1409/1149 1388/1411/1150 718/1870/1133
f 718/1870/1133 1388/1411/1150 1389/1413/1151
f 1389/1413/1151 704/1865/1118 718/1870/1133
f 1390/1415/1152 1391/1417/1119 1392/1418/1119
f 1390/1415/1152 1392/1418/1119 704/1865/1118
f 1389/1413/1151 1390/1415/1152 704/1865/1118
f 717/1337/1143 724/1879/1145 723/1878/1141
f 723/1878/1141 721/1876/1141 717/1337/1143
f 721/1876/1141 723/1878/1141 722/1877/1144
f 722/1877/1144 720/1874/1140 721/1876/1141
f 581/1851/1090 607/1871/1137 720/1874/1140
f 564/1846/1082 581/1851/1090 720/1874/1140
f 722/1877/1144 564/1846/1082 720/1874/1140
f 650/463/1153 693/1880/1153 694/1881/1153
f 694/1881/1153 588/1882/1153 650/463/1153
f 671/1883/1154 670/1884/1155 669/1885/1156
f 672/1886/1157 671/1883/1154 669/1885/1156
f 1141/1887/1158 672/1886/1157 669/1885/1156
f 357/1888/1159 1141/1887/1158 669/1885/1156
f 387/249/1160 609/1019/714 610/1018/713
f 610/1018/713 386/250/1161 387/249/1160
f 386/250/1161 610/1018/713 616/1069/764
f 616/1069/764 568/407/1162 386/250/1161
f 568/407/1162 616/1069/764 1218/1078/769
f 1218/1078/769 362/404/1163 568/407/1162
f 363/409/1164 1082/1042/737 613/1068/763
f 613/1068/763 405/266/1165 363/409/1164
f 405/266/1165 613/1068/763 615/1079/770
f 615/1079/770 404/267/1166 405/266/1165
f 404/267/1166 615/1079/770 617/1020/715
f 617/1020/715 409/270/1167 404/267/1166
f 409/270/1167 617/1020/715 612/1016/711
f 612/1016/711 535/384/1168 409/270/1167
f 535/384/1168 612/1016/711 609/1019/714
f 609/1019/714 387/249/1160 535/384/1168
f 393/258/1169 619/1071/766 624/1025/720
f 624/1025/720 392/259/1170 393/258/1169
f 392/259/1170 624/1025/720 625/1024/719
f 625/1024/719 642/460/1171 392/259/1170
f 642/460/1171 625/1024/719 626/1023/718
f 626/1023/718 639/456/1172 642/460/1171
f 639/456/1172 626/1023/718 629/1027/722
f 629/1027/722 638/457/1173 639/456/1172
f 638/457/1173 629/1027/722 627/1022/717
f 627/1022/717 643/461/1174 638/457/1173
f 643/461/1174 627/1022/717 628/1021/716
f 628/1021/716 587/426/1175 643/461/1174
f 587/426/1175 628/1021/716 623/1026/721
f 623/1026/721 471/316/1176 587/426/1175
f 471/316/1176 623/1026/721 620/1080/771
f 620/1080/771 470/317/1177 471/316/1176
f 470/317/1177 620/1080/771 621/1070/765
f 621/1070/765 529/378/1178 470/317/1177
f 529/378/1178 621/1070/765 622/1051/746
f 622/1051/746 1048/425/1179 529/378/1178
f 641/458/1180 1091/1050/745 618/1077/768
f 618/1077/768 640/459/1181 641/458/1180
f 640/459/1181 618/1077/768 619/1071/766
f 619/1071/766 393/258/1169 640/459/1181
f 391/253/1182 630/1029/724 644/1033/728
f 644/1033/728 390/254/1183 391/253/1182
f 390/254/1183 644/1033/728 747/1032/727
f 747/1032/727 418/275/1095 390/254/1183
f 418/275/1095 747/1032/727 748/1035/730
f 748/1035/730 583/424/1097 418/275/1095
f 583/424/1097 748/1035/730 645/1034/729
f 645/1034/729 582/422/1184 583/424/1097
f 582/422/1184 645/1034/729 631/1028/723
f 631/1028/723 550/394/1185 582/422/1184
f 550/394/1185 631/1028/723 632/1031/726
f 632/1031/726 549/395/1186 550/394/1185
f 549/395/1186 632/1031/726 633/1030/725
f 633/1030/725 534/385/1187 549/395/1186
f 534/385/1187 633/1030/725 630/1029/724
f 630/1029/724 391/253/1182 534/385/1187
f 1018/1889/1188 987/604/1189 988/605/1190
f 988/605/1190 1019/1890/1191 1018/1889/1188
f 1020/1891/1192 886/1892/1193 821/1893/1194
f 1018/1889/1188 1042/1894/1195 1021/617/1196
f 1021/617/1196 987/604/1189 1018/1889/1188
f 1051/1895/1197 885/633/1198 886/1892/1193
f 886/1892/1193 1020/1891/1192 1051/1895/1197
f 1019/1890/1191 988/605/1190 885/633/1198
f 885/633/1198 1051/1895/1197 1019/1890/1191
f 868/493/1199 846/478/1200 1104/651/1201
f 868/493/1199 1104/651/1201 997/607/1202
f 1045/624/1203 868/493/1199 997/607/1202
f 1136/1896/1204 1135/1897/1205 1134/1898/1206
f 1136/1896/1204 1134/1898/1206 1133/1899/1207
f 1136/1896/1204 1133/1899/1207 1132/1900/1208
f 1131/1901/1209 1136/1896/1204 1132/1900/1208
f 1142/1902/1210 1145/1903/1211 1144/1904/1212
f 1144/1904/1212 1143/1905/1213 1142/1902/1210
f 1145/1903/1211 1147/1906/1214 1146/1907/1215
f 1146/1907/1215 1144/1904/1212 1145/1903/1211
f 1333/1318/1110 1334/1320/1111 1337/1326/1111
f 1337/1326/1111 1330/1314/1110 1333/1318/1110
f 1352/1349/1216 1353/1351/1113 1354/1353/1217
f 1351/1350/1218 1352/1349/1216 1354/1353/1217
f 1355/1355/1116 1351/1350/1218 1354/1353/1217
f 1393/1420/1219 1394/1419/1119 1395/1421/1119
f 1395/1421/1119 1175/1908/1220 1393/1420/1219
f 706/1866/1120 1357/1358/1120 1358/1361/1221
f 1358/1361/1221 1359/1363/1221 706/1866/1120
f 1376/1394/1122 1379/1396/1122 1380/1397/1122
f 1380/1397/1122 1381/1398/1122 1376/1394/1122
f 712/1867/1123 706/1866/1126 1359/1363/1222
f 1359/1363/1222 1360/1365/1124 712/1867/1123
f 366/1868/1127 1371/1385/1128 1372/1387/1128
f 1372/1387/1128 1373/1389/1127 366/1868/1127
f 1186/1869/1129 366/1868/1127 1373/1389/1127
f 1373/1389/1127 1374/1391/1129 1186/1869/1129
f 1366/1377/1130 1186/1869/1129 1374/1391/1129
f 1374/1391/1129 1375/1392/1130 1366/1377/1130
f 1362/1369/1126 712/1867/1123 1360/1365/1124
f 1360/1365/1124 1361/1367/1126 1362/1369/1126
f 1332/1316/1131 1333/1318/1110 1330/1314/1110
f 1330/1314/1110 1331/1313/1131 1332/1316/1131
f 1336/1324/1132 1337/1326/1111 1334/1320/1111
f 1334/1320/1111 1335/1322/1132 1336/1324/1132
f 1188/1909/1223 1403/1435/1134 1393/1420/1219
f 1393/1420/1219 1175/1908/1220 1188/1909/1223
f 1402/1434/1224 1403/1435/1134 1188/1909/1223
f 1188/1909/1223 1401/1433/1224 1402/1434/1224
f 1074/1910/1225 1191/1911/1226 361/1873/1139
f 361/1873/1139 1076/1872/1138 1074/1910/1225
f 1191/1911/1226 1192/1912/1141 368/1875/1141
f 368/1875/1141 361/1873/1139 1191/1911/1226
f 1192/1912/1141 1187/1315/1143 360/1312/1142
f 360/1312/1142 368/1875/1141 1192/1912/1141
f 1018/1889/1188 1019/1890/1191 1193/1913/1144
f 1019/1890/1191 1051/1895/1197 1194/1914/1141
f 1194/1914/1141 1193/1913/1144 1019/1890/1191
f 1051/1895/1197 1020/1891/1192 1195/1915/1145
f 1195/1915/1145 1194/1914/1141 1051/1895/1197
f 1322/1303/1126 1323/1304/1126 1320/1302/1126
f 1320/1302/1126 1321/1301/1126 1322/1303/1126
f 1308/1288/1126 1299/1270/1126 1300/1273/1147
f 1300/1273/1147 1307/1286/1146 1308/1288/1126
f 1300/1273/1147 1301/1275/1128 1306/1284/1128
f 1306/1284/1128 1307/1286/1146 1300/1273/1147
f 1325/1305/1148 1326/1307/1129 1329/1310/1129
f 1329/1310/1129 1324/1306/1148 1325/1305/1148
f 1326/1307/1129 1327/1308/1130 1328/1309/1130
f 1328/1309/1130 1329/1310/1129 1326/1307/1129
f 1188/1909/1223 1399/1429/1227 1400/1431/1228
f 1400/1431/1228 1401/1433/1224 1188/1909/1223
f 1188/1909/1223 1175/1908/1220 1398/1427/1229
f 1398/1427/1229 1399/1429/1227 1188/1909/1223
f 1395/1421/1119 1396/1423/1119 1397/1425/1230
f 1175/1908/1220 1395/1421/1119 1397/1425/1230
f 1398/1427/1229 1175/1908/1220 1397/1425/1230
f 1187/1315/1143 1192/1912/1141 1194/1914/1141
f 1194/1914/1141 1195/1915/1145 1187/1315/1143
f 1192/1912/1141 1191/1911/1226 1193/1913/1144
f 1193/1913/1144 1194/1914/1141 1192/1912/1141
f 1191/1911/1226 1074/1910/1225 1042/1894/1195
f 1191/1911/1226 1042/1894/1195 1018/1889/1188
f 1193/1913/1144 1191/1911/1226 1018/1889/1188
f 892/626/1231 893/1916/1231 1164/1917/1231
f 1164/1917/1231 1165/1918/1231 892/626/1231
f 964/1919/1232 1106/1920/1233 1154/1921/1234
f 1154/1921/1234 1155/1922/1235 964/1919/1232
f 1137/1923/1236 1138/1924/1237 1139/1925/1238
f 1137/1923/1236 1139/1925/1238 1140/1926/1239
f 1137/1923/1236 1140/1926/1239 1141/1887/1158
f 357/1888/1159 1137/1923/1236 1141/1887/1158
f 834/469/1240 835/468/1241 1080/1038/733
f 1080/1038/733 1077/1037/732 834/469/1240
f 835/468/1241 1023/618/1242 1085/1044/739
f 1085/1044/739 1080/1038/733 835/468/1241
f 1023/618/1242 362/404/1163 1218/1078/769
f 1218/1078/769 1085/1044/739 1023/618/1242
f 363/409/1164 856/484/1243 1081/1040/735
f 1081/1040/735 1082/1042/737 363/409/1164
f 856/484/1243 853/483/1244 1084/1043/738
f 1084/1043/738 1081/1040/735 856/484/1243
f 853/483/1244 860/488/1245 1086/1045/740
f 1086/1045/740 1084/1043/738 853/483/1244
f 860/488/1245 983/601/1246 1078/1036/731
f 1078/1036/731 1086/1045/740 860/488/1245
f 983/601/1246 834/469/1240 1077/1037/732
f 1077/1037/732 1078/1036/731 983/601/1246
f 844/476/1247 841/475/1248 1097/1056/751
f 1097/1056/751 1090/1047/742 844/476/1247
f 841/475/1248 1110/655/1249 1096/1055/750
f 1096/1055/750 1097/1056/751 841/475/1248
f 1110/655/1249 1107/652/1250 1095/1052/747
f 1095/1052/747 1096/1055/750 1110/655/1249
f 1107/652/1250 1108/653/1251 1098/1058/753
f 1098/1058/753 1095/1052/747 1107/652/1250
f 1108/653/1251 1111/656/1252 1094/1053/748
f 1094/1053/748 1098/1058/753 1108/653/1251
f 1111/656/1252 1049/625/1253 1093/1054/749
f 1093/1054/749 1094/1053/748 1111/656/1252
f 1049/625/1253 919/536/1254 1092/1057/752
f 1092/1057/752 1093/1054/749 1049/625/1253
f 919/536/1254 920/535/1255 1089/1048/743
f 1089/1048/743 1092/1057/752 919/536/1254
f 920/535/1255 977/595/1256 1088/1049/744
f 1088/1049/744 1089/1048/743 920/535/1255
f 977/595/1256 1048/425/1179 622/1051/746
f 622/1051/746 1088/1049/744 977/595/1256
f 641/458/1180 1109/654/1257 1087/1046/741
f 1087/1046/741 1091/1050/745 641/458/1180
f 1109/654/1257 844/476/1247 1090/1047/742
f 1090/1047/742 1087/1046/741 1109/654/1257
f 838/473/1258 839/472/1259 1113/1067/762
f 1113/1067/762 1099/1062/757 838/473/1258
f 839/472/1259 868/493/1199 1219/1064/759
f 1219/1064/759 1113/1067/762 839/472/1259
f 868/493/1199 1045/624/1203 1220/1065/760
f 1220/1065/760 1219/1064/759 868/493/1199
f 1045/624/1203 1043/622/1260 1112/1066/761
f 1112/1066/761 1220/1065/760 1045/624/1203
f 1043/622/1260 1001/611/1261 1102/1059/754
f 1102/1059/754 1112/1066/761 1043/622/1260
f 1001/611/1261 1000/610/1262 1101/1060/755
f 1101/1060/755 1102/1059/754 1001/611/1261
f 1000/610/1262 984/600/1263 1100/1061/756
f 1100/1061/756 1101/1060/755 1000/610/1262
f 984/600/1263 838/473/1258 1099/1062/757
f 1099/1062/757 1100/1061/756 984/600/1263
f 1472/1927/1264 1474/1928/1264 1475/1929/1264
f 1475/1929/1264 1473/1930/1264 1472/1927/1264
f 1492/1931/1264 1495/1932/1264 1494/1933/1264
f 1494/1933/1264 1493/1934/1264 1492/1931/1264
f 1523/1935/1265 1563/1936/1265 1562/1937/1266
f 1562/1937/1266 1522/1938/1266 1523/1935/1265
f 1524/1939/1267 1564/1940/1267 1563/1936/1265
f 1563/1936/1265 1523/1935/1265 1524/1939/1267
f 1525/1941/1268 1565/1942/1268 1564/1940/1267
f 1564/1940/1267 1524/1939/1267 1525/1941/1268
f 1526/1943/1269 1566/1944/1269 1565/1942/1268
f 1565/1942/1268 1525/1941/1268 1526/1943/1269
f 1527/1945/1270 1567/1946/1270 1566/1944/1269
f 1566/1944/1269 1526/1943/1269 1527/1945/1270
f 1528/1947/1271 1568/1948/1271 1567/1946/1270
f 1567/1946/1270 1527/1945/1270 1528/1947/1271
f 1529/1949/1272 1569/1950/1272 1568/1948/1271
f 1568/1948/1271 1528/1947/1271 1529/1949/1272
f 1530/1951/1273 1570/1952/1273 1569/1950/1272
f 1569/1950/1272 1529/1949/1272 1530/1951/1273
f 1531/1953/1274 1571/1954/1274 1570/1952/1273
f 1570/1952/1273 1530/1951/1273 1531/1953/1274
f 1512/1955/1275 1552/1956/1275 1571/1954/1274
f 1571/1954/1274 1531/1953/1274 1512/1955/1275
f 1533/1957/1276 1605/1958/1276 1572/1959/1277
f 1572/1959/1277 1532/1960/1277 1533/1957/1276
f 1534/1961/1278 1573/1962/1278 1605/1958/1276
f 1605/1958/1276 1533/1957/1276 1534/1961/1278
f 1535/1963/1279 1574/1964/1279 1573/1962/1278
f 1573/1962/1278 1534/1961/1278 1535/1963/1279
f 1536/1965/1280 1575/1966/1281 1574/1964/1279
f 1574/1964/1279 1535/1963/1279 1536/1965/1280
f 1537/1967/1282 1576/1968/1283 1575/1969/1281
f 1575/1969/1281 1536/1970/1280 1537/1967/1282
f 1538/1971/1284 1611/1972/1285 1576/1968/1283
f 1576/1968/1283 1537/1967/1282 1538/1971/1284
f 1539/1973/1286 1577/1974/1286 1611/1972/1285
f 1611/1972/1285 1538/1971/1284 1539/1973/1286
f 1540/1975/1287 1614/1976/1287 1577/1974/1286
f 1577/1974/1286 1539/1973/1286 1540/1975/1287
f 1541/1977/1288 1616/1978/1288 1614/1976/1287
f 1614/1976/1287 1540/1975/1287 1541/1977/1288
f 1542/1979/1289 1618/1980/1289 1616/1978/1288
f 1616/1978/1288 1541/1977/1288 1542/1979/1289
f 1533/1957/1290 1532/1960/1291 1552/1956/1291
f 1552/1956/1291 1553/1981/1290 1533/1957/1290
f 1534/1961/1292 1533/1957/1290 1553/1981/1290
f 1553/1981/1290 1554/1982/1292 1534/1961/1292
f 1535/1963/1293 1534/1961/1292 1554/1982/1292
f 1554/1982/1292 1555/1983/1293 1535/1963/1293
f 1536/1965/1294 1535/1963/1293 1555/1983/1293
f 1555/1983/1293 1556/1984/1294 1536/1965/1294
f 1537/1967/1295 1536/1970/1294 1556/1985/1294
f 1556/1985/1294 1557/1986/1295 1537/1967/1295
f 1538/1971/1296 1537/1967/1295 1557/1986/1295
f 1557/1986/1295 1558/1987/1296 1538/1971/1296
f 1539/1973/1297 1538/1971/1296 1558/1987/1296
f 1558/1987/1296 1559/1988/1297 1539/1973/1297
f 1540/1975/1298 1539/1973/1297 1559/1988/1297
f 1559/1988/1297 1560/1989/1298 1540/1975/1298
f 1541/1977/1299 1540/1975/1298 1560/1989/1298
f 1560/1989/1298 1561/1990/1299 1541/1977/1299
f 1542/1979/1300 1541/1977/1299 1561/1990/1299
f 1561/1990/1299 1562/1937/1300 1542/1979/1300
f 1593/1991/1301 1594/1992/1302 1663/1460/1302
f 1663/1460/1302 1662/1458/1301 1593/1991/1301
f 1594/1992/1302 1595/1993/1303 1664/1462/1303
f 1664/1462/1303 1663/1460/1302 1594/1992/1302
f 1595/1993/1303 1596/1994/1304 1665/1464/1304
f 1665/1464/1304 1664/1462/1303 1595/1993/1303
f 1596/1994/1304 1597/1995/1305 1666/1466/1305
f 1666/1466/1305 1665/1464/1304 1596/1994/1304
f 1597/1995/1305 1598/1996/1306 1667/1468/1306
f 1667/1468/1306 1666/1466/1305 1597/1995/1305
f 1598/1996/1306 1599/1997/1307 1668/1470/1307
f 1668/1470/1307 1667/1468/1306 1598/1996/1306
f 1599/1997/1307 1600/1998/1308 1669/1472/1308
f 1669/1472/1308 1668/1470/1307 1599/1997/1307
f 1600/1998/1308 1601/1999/1309 1670/1474/1309
f 1670/1474/1309 1669/1472/1308 1600/1998/1308
f 1602/2000/1310 1671/1476/1310 1670/1474/1309
f 1670/1474/1309 1601/1999/1309 1602/2000/1310
f 1602/2000/1310 1584/2001/1311 1652/1436/1311
f 1652/1436/1311 1671/1476/1310 1602/2000/1310
f 1604/2002/1276 1603/2003/1277 1572/1959/1277
f 1572/1959/1277 1605/1958/1276 1604/2002/1276
f 1606/2004/1278 1604/2002/1276 1605/1958/1276
f 1605/1958/1276 1573/1962/1278 1606/2004/1278
f 1607/2005/1279 1606/2004/1278 1573/1962/1278
f 1573/1962/1278 1574/1964/1279 1607/2005/1279
f 1608/2006/1280 1607/2005/1279 1574/1964/1279
f 1574/1964/1279 1575/1966/1281 1608/2006/1280
f 1609/2007/1312 1608/2008/1280 1575/1969/1281
f 1575/1969/1281 1576/1968/1283 1609/2007/1312
f 1610/2009/1313 1609/2007/1312 1576/1968/1283
f 1576/1968/1283 1611/1972/1285 1610/2009/1313
f 1612/2010/1286 1610/2009/1313 1611/1972/1285
f 1611/1972/1285 1577/1974/1286 1612/2010/1286
f 1613/2011/1287 1612/2010/1286 1577/1974/1286
f 1577/1974/1286 1614/1976/1287 1613/2011/1287
f 1615/2012/1288 1613/2011/1287 1614/1976/1287
f 1614/1976/1287 1616/1978/1288 1615/2012/1288
f 1617/2013/1289 1615/2012/1288 1616/1978/1288
f 1616/1978/1288 1618/1980/1289 1617/2013/1289
f 1604/2002/1314 1583/2014/1314 1584/2001/1315
f 1584/2001/1315 1603/2003/1315 1604/2002/1314
f 1606/2004/1316 1585/2015/1316 1583/2014/1314
f 1583/2014/1314 1604/2002/1314 1606/2004/1316
f 1607/2005/1317 1586/2016/1317 1585/2015/1316
f 1585/2015/1316 1606/2004/1316 1607/2005/1317
f 1608/2006/1318 1587/2017/1318 1586/2016/1317
f 1586/2016/1317 1607/2005/1317 1608/2006/1318
f 1609/2007/1319 1588/2018/1319 1587/2019/1318
f 1587/2019/1318 1608/2008/1318 1609/2007/1319
f 1610/2009/1320 1589/2020/1320 1588/2018/1319
f 1588/2018/1319 1609/2007/1319 1610/2009/1320
f 1612/2010/1321 1590/2021/1322 1589/2020/1320
f 1589/2020/1320 1610/2009/1320 1612/2010/1321
f 1613/2011/1323 1591/2022/1323 1590/2021/1322
f 1590/2021/1322 1612/2010/1321 1613/2011/1323
f 1615/2012/1324 1592/2023/1324 1591/2022/1323
f 1591/2022/1323 1613/2011/1323 1615/2012/1324
f 1617/2013/1325 1593/1991/1325 1592/2023/1324
f 1592/2023/1324 1615/2012/1324 1617/2013/1325
f 1727/1439/1326 1728/1438/1327 1707/2024/1327
f 1707/2024/1327 1708/2025/1326 1727/1439/1326
f 1746/1477/1328 1727/1439/1326 1708/2025/1326
f 1708/2025/1326 1709/2026/1328 1746/1477/1328
f 1745/1475/1329 1746/1477/1328 1709/2026/1328
f 1709/2026/1328 1710/2027/1329 1745/1475/1329
f 1744/1473/1330 1745/1475/1329 1710/2027/1329
f 1710/2027/1329 1711/2028/1330 1744/1473/1330
f 1743/1471/1331 1744/1473/1330 1711/2028/1330
f 1711/2028/1330 1712/2029/1331 1743/1471/1331
f 1742/1469/1332 1743/1471/1331 1712/2029/1331
f 1712/2029/1331 1713/2030/1332 1742/1469/1332
f 1741/1467/1333 1742/1469/1332 1713/2030/1332
f 1713/2030/1332 1714/2031/1333 1741/1467/1333
f 1740/1465/1334 1741/1467/1333 1714/2031/1333
f 1714/2031/1333 1715/2032/1335 1740/1465/1334
f 1739/1463/1336 1740/1465/1334 1715/2032/1335
f 1715/2032/1335 1716/2033/1336 1739/1463/1336
f 1738/1461/1337 1739/1463/1336 1716/2033/1336
f 1716/2033/1336 1717/2034/1337 1738/1461/1337
f 1737/1459/1338 1738/1461/1337 1717/2034/1337
f 1717/2034/1337 1718/2035/1338 1737/1459/1338
f 1736/1457/1339 1737/1459/1338 1718/2035/1338
f 1718/2035/1338 1719/2036/1339 1736/1457/1339
f 1735/1455/1340 1736/1457/1339 1719/2036/1339
f 1719/2036/1339 1720/2037/1340 1735/1455/1340
f 1734/1453/1341 1735/1455/1340 1720/2037/1340
f 1720/2037/1340 1721/2038/1341 1734/1453/1341
f 1733/1451/1342 1734/1453/1341 1721/2038/1341
f 1721/2038/1341 1722/2039/1342 1733/1451/1342
f 1732/1448/1343 1733/1451/1342 1722/2039/1342
f 1722/2039/1342 1723/2040/1343 1732/1448/1343
f 1731/1449/1344 1732/1448/1343 1723/2040/1343
f 1723/2040/1343 1724/2041/1344 1731/1449/1344
f 1730/1443/1345 1731/1445/1344 1724/2042/1344
f 1724/2042/1344 1725/2043/1345 1730/1443/1345
f 1729/1441/1346 1730/1443/1345 1725/2043/1345
f 1725/2043/1345 1726/2044/1346 1729/1441/1346
f 1728/1438/1327 1729/1441/1346 1726/2044/1346
f 1726/2044/1346 1707/2024/1327 1728/1438/1327
f 1784/1490/612 1783/1488/612 1782/1486/612
f 1782/1486/612 1781/1484/612 1780/1482/612
f 1780/1482/612 1779/1480/612 1778/1479/612
f 1782/1486/612 1780/1482/612 1778/1479/612
f 1784/1490/612 1782/1486/612 1778/1479/612
f 1777/1492/612 1784/1490/612 1778/1479/612
f 1785/2045/613 1788/2046/614 1787/2047/614
f 1787/2047/614 1786/2048/613 1785/2045/613
f 1788/1481/614 1790/1483/615 1789/2049/615
f 1789/2049/615 1787/2050/614 1788/1481/614
f 1790/1483/615 1792/1485/616 1791/2051/616
f 1791/2051/616 1789/2049/615 1790/1483/615
f 1792/1485/616 1794/1487/617 1793/2052/617
f 1793/2052/617 1791/2051/616 1792/1485/616
f 1794/1487/617 1796/1489/618 1795/2053/618
f 1795/2053/618 1793/2052/617 1794/1487/617
f 1796/1489/618 1798/1491/619 1797/2054/619
f 1797/2054/619 1795/2053/618 1796/1489/618
f 1798/1491/619 1800/1493/620 1799/2055/620
f 1799/2055/620 1797/2054/619 1798/1491/619
f 1800/1493/620 1785/2045/613 1786/2048/613
f 1786/2048/613 1799/2055/620 1800/1493/620
f 1786/2048/630 1787/2047/630 1789/2056/630
f 1789/2056/630 1791/2057/630 1793/2052/630
f 1793/2052/630 1795/2058/630 1797/2059/630
f 1789/2056/630 1793/2052/630 1797/2059/630
f 1786/2048/630 1789/2056/630 1797/2059/630
f 1799/2055/630 1786/2048/630 1797/2059/630
f 1856/2060/1347 1896/2061/1347 1895/2062/1348
f 1895/2062/1348 1855/2063/1348 1856/2060/1347
f 1857/2064/1349 1897/2065/1349 1896/2061/1347
f 1896/2061/1347 1856/2060/1347 1857/2064/1349
f 1858/2066/1350 1898/2067/1350 1897/2065/1349
f 1897/2065/1349 1857/2064/1349 1858/2066/1350
f 1859/2068/1351 1899/2069/1351 1898/2067/1350
f 1898/2067/1350 1858/2066/1350 1859/2068/1351
f 1860/2070/1352 1900/2071/1352 1899/2069/1351
f 1899/2069/1351 1859/2068/1351 1860/2070/1352
f 1861/2072/1353 1901/2073/1353 1900/2071/1352
f 1900/2071/1352 1860/2070/1352 1861/2072/1353
f 1862/2074/1354 1902/2075/1354 1901/2073/1353
f 1901/2073/1353 1861/2072/1353 1862/2074/1354
f 1863/2076/1355 1903/2077/1355 1902/2075/1354
f 1902/2075/1354 1862/2074/1354 1863/2076/1355
f 1864/2078/1356 1904/2079/1356 1903/2077/1355
f 1903/2077/1355 1863/2076/1355 1864/2078/1356
f 1845/2080/1357 1885/2081/1357 1904/2079/1356
f 1904/2079/1356 1864/2078/1356 1845/2080/1357
f 1866/2082/1358 1938/2083/1358 1905/2084/1359
f 1905/2084/1359 1865/2085/1359 1866/2082/1358
f 1867/2086/1360 1906/2087/1360 1938/2083/1358
f 1938/2083/1358 1866/2082/1358 1867/2086/1360
f 1868/2088/1361 1907/2089/1361 1906/2087/1360
f 1906/2087/1360 1867/2086/1360 1868/2088/1361
f 1869/2090/1362 1908/2091/1363 1907/2089/1361
f 1907/2089/1361 1868/2088/1361 1869/2090/1362
f 1870/2092/1364 1909/2093/1365 1908/2094/1363
f 1908/2094/1363 1869/2095/1362 1870/2092/1364
f 1871/2096/1366 1944/2097/1367 1909/2093/1365
f 1909/2093/1365 1870/2092/1364 1871/2096/1366
f 1872/2098/1368 1910/2099/1368 1944/2097/1367
f 1944/2097/1367 1871/2096/1366 1872/2098/1368
f 1873/2100/1369 1947/2101/1369 1910/2099/1368
f 1910/2099/1368 1872/2098/1368 1873/2100/1369
f 1874/2102/1370 1949/2103/1370 1947/2101/1369
f 1947/2101/1369 1873/2100/1369 1874/2102/1370
f 1875/2104/1371 1951/2105/1371 1949/2103/1370
f 1949/2103/1370 1874/2102/1370 1875/2104/1371
f 1866/2082/1372 1865/2085/1373 1885/2081/1373
f 1885/2081/1373 1886/2106/1372 1866/2082/1372
f 1867/2086/1374 1866/2082/1372 1886/2106/1372
f 1886/2106/1372 1887/2107/1374 1867/2086/1374
f 1868/2088/1375 1867/2086/1374 1887/2107/1374
f 1887/2107/1374 1888/2108/1375 1868/2088/1375
f 1869/2090/1376 1868/2088/1375 1888/2108/1375
f 1888/2108/1375 1889/2109/1376 1869/2090/1376
f 1870/2092/1377 1869/2095/1376 1889/2110/1376
f 1889/2110/1376 1890/2111/1377 1870/2092/1377
f 1871/2096/1378 1870/2092/1377 1890/2111/1377
f 1890/2111/1377 1891/2112/1378 1871/2096/1378
f 1872/2098/1379 1871/2096/1378 1891/2112/1378
f 1891/2112/1378 1892/2113/1379 1872/2098/1379
f 1873/2100/1380 1872/2098/1379 1892/2113/1379
f 1892/2113/1379 1893/2114/1380 1873/2100/1380
f 1874/2102/1381 1873/2100/1380 1893/2114/1380
f 1893/2114/1380 1894/2115/1381 1874/2102/1381
f 1875/2104/1382 1874/2102/1381 1894/2115/1381
f 1894/2115/1381 1895/2062/1382 1875/2104/1382
f 1926/2116/1383 1927/2117/1384 1996/1518/1384
f 1996/1518/1384 1995/1516/1383 1926/2116/1383
f 1927/2117/1384 1928/2118/1385 1997/1520/1385
f 1997/1520/1385 1996/1518/1384 1927/2117/1384
f 1928/2118/1385 1929/2119/1386 1998/1522/1386
f 1998/1522/1386 1997/1520/1385 1928/2118/1385
f 1929/2119/1386 1930/2120/1387 1999/1524/1387
f 1999/1524/1387 1998/1522/1386 1929/2119/1386
f 1930/2120/1387 1931/2121/1388 2000/1526/1388
f 2000/1526/1388 1999/1524/1387 1930/2120/1387
f 1931/2121/1388 1932/2122/1389 2001/1528/1389
f 2001/1528/1389 2000/1526/1388 1931/2121/1388
f 1932/2122/1389 1933/2123/1390 2002/1530/1390
f 2002/1530/1390 2001/1528/1389 1932/2122/1389
f 1933/2123/1390 1934/2124/1391 2003/1532/1391
f 2003/1532/1391 2002/1530/1390 1933/2123/1390
f 1935/2125/1392 2004/1534/1392 2003/1532/1391
f 2003/1532/1391 1934/2124/1391 1935/2125/1392
f 1935/2125/1392 1917/2126/1393 1985/1494/1393
f 1985/1494/1393 2004/1534/1392 1935/2125/1392
f 1937/2127/1358 1936/2128/1359 1905/2084/1359
f 1905/2084/1359 1938/2083/1358 1937/2127/1358
f 1939/2129/1360 1937/2127/1358 1938/2083/1358
f 1938/2083/1358 1906/2087/1360 1939/2129/1360
f 1940/2130/1361 1939/2129/1360 1906/2087/1360
f 1906/2087/1360 1907/2089/1361 1940/2130/1361
f 1941/2131/1362 1940/2130/1361 1907/2089/1361
f 1907/2089/1361 1908/2091/1363 1941/2131/1362
f 1942/2132/1394 1941/2133/1362 1908/2094/1363
f 1908/2094/1363 1909/2093/1365 1942/2132/1394
f 1943/2134/1395 1942/2132/1394 1909/2093/1365
f 1909/2093/1365 1944/2097/1367 1943/2134/1395
f 1945/2135/1368 1943/2134/1395 1944/2097/1367
f 1944/2097/1367 1910/2099/1368 1945/2135/1368
f 1946/2136/1369 1945/2135/1368 1910/2099/1368
f 1910/2099/1368 1947/2101/1369 1946/2136/1369
f 1948/2137/1370 1946/2136/1369 1947/2101/1369
f 1947/2101/1369 1949/2103/1370 1948/2137/1370
f 1950/2138/1371 1948/2137/1370 1949/2103/1370
f 1949/2103/1370 1951/2105/1371 1950/2138/1371
f 1937/2127/1396 1916/2139/1396 1917/2126/1397
f 1917/2126/1397 1936/2128/1397 1937/2127/1396
f 1939/2129/1398 1918/2140/1398 1916/2139/1396
f 1916/2139/1396 1937/2127/1396 1939/2129/1398
f 1940/2130/1399 1919/2141/1399 1918/2140/1398
f 1918/2140/1398 1939/2129/1398 1940/2130/1399
f 1941/2131/1400 1920/2142/1400 1919/2141/1399
f 1919/2141/1399 1940/2130/1399 1941/2131/1400
f 1942/2132/1401 1921/2143/1401 1920/2144/1400
f 1920/2144/1400 1941/2133/1400 1942/2132/1401
f 1943/2134/1402 1922/2145/1402 1921/2143/1401
f 1921/2143/1401 1942/2132/1401 1943/2134/1402
f 1945/2135/1403 1923/2146/1403 1922/2145/1402
f 1922/2145/1402 1943/2134/1402 1945/2135/1403
f 1946/2136/1404 1924/2147/1404 1923/2146/1403
f 1923/2146/1403 1945/2135/1403 1946/2136/1404
f 1948/2137/1405 1925/2148/1405 1924/2147/1404
f 1924/2147/1404 1946/2136/1404 1948/2137/1405
f 1950/2138/1406 1926/2116/1406 1925/2148/1405
f 1925/2148/1405 1948/2137/1405 1950/2138/1406
f 2060/1497/1407 2061/1496/1408 2040/2149/1408
f 2040/2149/1408 2041/2150/1407 2060/1497/1407
f 2079/1535/1409 2060/1497/1407 2041/2150/1407
f 2041/2150/1407 2042/2151/1409 2079/1535/1409
f 2078/1533/1410 2079/1535/1409 2042/2151/1409
f 2042/2151/1409 2043/2152/1410 2078/1533/1410
f 2077/1531/1411 2078/1533/1410 2043/2152/1410
f 2043/2152/1410 2044/2153/1411 2077/1531/1411
f 2076/1529/1412 2077/1531/1411 2044/2153/1411
f 2044/2153/1411 2045/2154/1412 2076/1529/1412
f 2075/1527/1413 2076/1529/1412 2045/2154/1412
f 2045/2154/1412 2046/2155/1413 2075/1527/1413
f 2074/1525/1414 2075/1527/1413 2046/2155/1413
f 2046/2155/1413 2047/2156/1414 2074/1525/1414
f 2073/1523/1415 2074/1525/1414 2047/2156/1414
f 2047/2156/1414 2048/2157/1415 2073/1523/1415
f 2072/1521/1416 2073/1523/1415 2048/2157/1415
f 2048/2157/1415 2049/2158/1416 2072/1521/1416
f 2071/1519/1417 2072/1521/1416 2049/2158/1416
f 2049/2158/1416 2050/2159/1417 2071/1519/1417
f 2070/1517/1418 2071/1519/1417 2050/2159/1417
f 2050/2159/1417 2051/2160/1418 2070/1517/1418
f 2069/1515/1419 2070/1517/1418 2051/2160/1418
f 2051/2160/1418 2052/2161/1419 2069/1515/1419
f 2068/1513/1420 2069/1515/1419 2052/2161/1419
f 2052/2161/1419 2053/2162/1420 2068/1513/1420
f 2067/1511/1421 2068/1513/1420 2053/2162/1420
f 2053/2162/1420 2054/2163/1421 2067/1511/1421
f 2066/1509/1422 2067/1511/1421 2054/2163/1421
f 2054/2163/1421 2055/2164/1422 2066/1509/1422
f 2065/1506/1423 2066/1509/1422 2055/2164/1422
f 2055/2164/1422 2056/2165/1423 2065/1506/1423
f 2064/1507/1424 2065/1506/1423 2056/2165/1423
f 2056/2165/1423 2057/2166/1424 2064/1507/1424
f 2063/1501/1425 2064/1503/1424 2057/2167/1424
f 2057/2167/1424 2058/2168/1425 2063/1501/1425
f 2062/1499/1426 2063/1501/1425 2058/2168/1425
f 2058/2168/1425 2059/2169/1426 2062/1499/1426
f 2061/1496/1408 2062/1499/1426 2059/2169/1426
f 2059/2169/1426 2040/2149/1408 2061/1496/1408
f 2117/1539/621 2116/1538/621 2115/1541/621
f 2115/1541/621 2114/1543/621 2113/1545/621
f 2117/1539/621 2115/1541/621 2113/1545/621
f 2113/1545/621 2112/1547/621 2111/1549/621
f 2117/1539/621 2113/1545/621 2111/1549/621
f 2110/1551/621 2117/1539/621 2111/1549/621
f 2118/2170/626 2121/2171/626 2120/2172/625
f 2120/2172/625 2119/2173/625 2118/2170/626
f 2119/1537/625 2120/2174/625 2123/2175/624
f 2123/2175/624 2122/1540/624 2119/1537/625
f 2122/1540/624 2123/2175/624 2125/2176/623
f 2125/2176/623 2124/1542/623 2122/1540/624
f 2124/1542/623 2125/2176/623 2127/2177/622
f 2127/2177/622 2126/1544/622 2124/1542/623
f 2126/1544/622 2127/2177/622 2129/2178/629
f 2129/2178/629 2128/1546/629 2126/1544/622
f 2128/1546/629 2129/2178/629 2131/2179/628
f 2131/2179/628 2130/1548/628 2128/1546/629
f 2130/1548/628 2131/2179/628 2133/2180/627
f 2133/2180/627 2132/1550/627 2130/1548/628
f 2132/1550/627 2133/2180/627 2121/2171/626
f 2121/2171/626 2118/2170/626 2132/1550/627
f 2131/2181/631 2129/2182/631 2127/2177/631
f 2127/2177/631 2125/2183/631 2123/2184/631
f 2131/2181/631 2127/2177/631 2123/2184/631
f 2123/2184/631 2120/2172/631 2121/2171/631
f 2131/2181/631 2123/2184/631 2121/2171/631
f 2133/2180/631 2131/2181/631 2121/2171/631
f 2189/2185/1427 2229/2186/1427 2228/2187/1428
f 2228/2187/1428 2188/2188/1428 2189/2185/1427
f 2190/2189/1429 2230/2190/1429 2229/2186/1427
f 2229/2186/1427 2189/2185/1427 2190/2189/1429
f 2191/2191/1430 2231/2192/1430 2230/2190/1429
f 2230/2190/1429 2190/2189/1429 2191/2191/1430
f 2192/2193/1431 2232/2194/1431 2231/2192/1430
f 2231/2192/1430 2191/2191/1430 2192/2193/1431
f 2193/2195/1432 2233/2196/1432 2232/2194/1431
f 2232/2194/1431 2192/2193/1431 2193/2195/1432
f 2194/2197/1433 2234/2198/1433 2233/2196/1432
f 2233/2196/1432 2193/2195/1432 2194/2197/1433
f 2195/2199/1434 2235/2200/1434 2234/2198/1433
f 2234/2198/1433 2194/2197/1433 2195/2199/1434
f 2196/2201/1435 2236/2202/1435 2235/2200/1434
f 2235/2200/1434 2195/2199/1434 2196/2201/1435
f 2197/2203/1436 2237/2204/1436 2236/2202/1435
f 2236/2202/1435 2196/2201/1435 2197/2203/1436
f 2178/2205/1437 2218/2206/1437 2237/2204/1436
f 2237/2204/1436 2197/2203/1436 2178/2205/1437
f 2199/2207/1288 2271/2208/1288 2238/2209/1289
f 2238/2209/1289 2198/2210/1289 2199/2207/1288
f 2200/2211/1287 2239/2212/1287 2271/2208/1288
f 2271/2208/1288 2199/2207/1288 2200/2211/1287
f 2201/2213/1286 2240/2214/1286 2239/2212/1287
f 2239/2212/1287 2200/2211/1287 2201/2213/1286
f 2202/2215/1438 2241/2216/1439 2240/2214/1286
f 2240/2214/1286 2201/2213/1286 2202/2215/1438
f 2203/2217/1440 2242/2218/1441 2241/2219/1439
f 2241/2219/1439 2202/2220/1438 2203/2217/1440
f 2204/2221/1442 2277/2222/1443 2242/2218/1441
f 2242/2218/1441 2203/2217/1440 2204/2221/1442
f 2205/2223/1279 2243/2224/1279 2277/2222/1443
f 2277/2222/1443 2204/2221/1442 2205/2223/1279
f 2206/2225/1278 2280/2226/1278 2243/2224/1279
f 2243/2224/1279 2205/2223/1279 2206/2225/1278
f 2207/2227/1276 2282/2228/1276 2280/2226/1278
f 2280/2226/1278 2206/2225/1278 2207/2227/1276
f 2208/2229/1277 2284/2230/1277 2282/2228/1276
f 2282/2228/1276 2207/2227/1276 2208/2229/1277
f 2199/2207/1444 2198/2210/1445 2218/2206/1445
f 2218/2206/1445 2219/2231/1444 2199/2207/1444
f 2200/2211/1446 2199/2207/1444 2219/2231/1444
f 2219/2231/1444 2220/2232/1446 2200/2211/1446
f 2201/2213/1447 2200/2211/1446 2220/2232/1446
f 2220/2232/1446 2221/2233/1447 2201/2213/1447
f 2202/2215/1448 2201/2213/1447 2221/2233/1447
f 2221/2233/1447 2222/2234/1448 2202/2215/1448
f 2203/2217/1449 2202/2220/1448 2222/2235/1448
f 2222/2235/1448 2223/2236/1449 2203/2217/1449
f 2204/2221/1450 2203/2217/1449 2223/2236/1449
f 2223/2236/1449 2224/2237/1450 2204/2221/1450
f 2205/2223/1451 2204/2221/1450 2224/2237/1450
f 2224/2237/1450 2225/2238/1451 2205/2223/1451
f 2206/2225/1452 2205/2223/1451 2225/2238/1451
f 2225/2238/1451 2226/2239/1452 2206/2225/1452
f 2207/2227/1453 2206/2225/1452 2226/2239/1452
f 2226/2239/1452 2227/2240/1453 2207/2227/1453
f 2208/2229/1454 2207/2227/1453 2227/2240/1453
f 2227/2240/1453 2228/2187/1454 2208/2229/1454
f 2259/2241/1455 2260/2242/1456 2329/1576/1456
f 2329/1576/1456 2328/1574/1455 2259/2241/1455
f 2260/2242/1456 2261/2243/1457 2330/1578/1457
f 2330/1578/1457 2329/1576/1456 2260/2242/1456
f 2261/2243/1457 2262/2244/1458 2331/1580/1458
f 2331/1580/1458 2330/1578/1457 2261/2243/1457
f 2262/2244/1458 2263/2245/1459 2332/1582/1459
f 2332/1582/1459 2331/1580/1458 2262/2244/1458
f 2263/2245/1459 2264/2246/1460 2333/1584/1460
f 2333/1584/1460 2332/1582/1459 2263/2245/1459
f 2264/2246/1460 2265/2247/1461 2334/1586/1461
f 2334/1586/1461 2333/1584/1460 2264/2246/1460
f 2265/2247/1461 2266/2248/1462 2335/1588/1462
f 2335/1588/1462 2334/1586/1461 2265/2247/1461
f 2266/2248/1462 2267/2249/1463 2336/1590/1463
f 2336/1590/1463 2335/1588/1462 2266/2248/1462
f 2268/2250/1464 2337/1592/1464 2336/1590/1463
f 2336/1590/1463 2267/2249/1463 2268/2250/1464
f 2268/2250/1464 2250/2251/1465 2318/1552/1465
f 2318/1552/1465 2337/1592/1464 2268/2250/1464
f 2270/2252/1288 2269/2253/1289 2238/2209/1289
f 2238/2209/1289 2271/2208/1288 2270/2252/1288
f 2272/2254/1287 2270/2252/1288 2271/2208/1288
f 2271/2208/1288 2239/2212/1287 2272/2254/1287
f 2273/2255/1286 2272/2254/1287 2239/2212/1287
f 2239/2212/1287 2240/2214/1286 2273/2255/1286
f 2274/2256/1438 2273/2255/1286 2240/2214/1286
f 2240/2214/1286 2241/2216/1439 2274/2256/1438
f 2275/2257/1466 2274/2258/1438 2241/2219/1439
f 2241/2219/1439 2242/2218/1441 2275/2257/1466
f 2276/2259/1467 2275/2257/1466 2242/2218/1441
f 2242/2218/1441 2277/2222/1443 2276/2259/1467
f 2278/2260/1279 2276/2259/1467 2277/2222/1443
f 2277/2222/1443 2243/2224/1279 2278/2260/1279
f 2279/2261/1278 2278/2260/1279 2243/2224/1279
f 2243/2224/1279 2280/2226/1278 2279/2261/1278
f 2281/2262/1276 2279/2261/1278 2280/2226/1278
f 2280/2226/1278 2282/2228/1276 2281/2262/1276
f 2283/2263/1277 2281/2262/1276 2282/2228/1276
f 2282/2228/1276 2284/2230/1277 2283/2263/1277
f 2270/2252/1468 2249/2264/1468 2250/2251/1469
f 2250/2251/1469 2269/2253/1469 2270/2252/1468
f 2272/2254/1470 2251/2265/1470 2249/2264/1468
f 2249/2264/1468 2270/2252/1468 2272/2254/1470
f 2273/2255/1471 2252/2266/1471 2251/2265/1470
f 2251/2265/1470 2272/2254/1470 2273/2255/1471
f 2274/2256/1472 2253/2267/1472 2252/2266/1471
f 2252/2266/1471 2273/2255/1471 2274/2256/1472
f 2275/2257/1473 2254/2268/1473 2253/2269/1472
f 2253/2269/1472 2274/2258/1472 2275/2257/1473
f 2276/2259/1474 2255/2270/1474 2254/2268/1473
f 2254/2268/1473 2275/2257/1473 2276/2259/1474
f 2278/2260/1475 2256/2271/1475 2255/2270/1474
f 2255/2270/1474 2276/2259/1474 2278/2260/1475
f 2279/2261/1476 2257/2272/1476 2256/2271/1475
f 2256/2271/1475 2278/2260/1475 2279/2261/1476
f 2281/2262/1477 2258/2273/1477 2257/2272/1476
f 2257/2272/1476 2279/2261/1476 2281/2262/1477
f 2283/2263/1478 2259/2241/1478 2258/2273/1477
f 2258/2273/1477 2281/2262/1477 2283/2263/1478
f 2393/1555/1479 2394/1554/1480 2373/2274/1480
f 2373/2274/1480 2374/2275/1479 2393/1555/1479
f 2412/1593/1481 2393/1555/1479 2374/2275/1479
f 2374/2275/1479 2375/2276/1481 2412/1593/1481
f 2411/1591/1482 2412/1593/1481 2375/2276/1481
f 2375/2276/1481 2376/2277/1482 2411/1591/1482
f 2410/1589/1483 2411/1591/1482 2376/2277/1482
f 2376/2277/1482 2377/2278/1483 2410/1589/1483
f 2409/1587/1484 2410/1589/1483 2377/2278/1483
f 2377/2278/1483 2378/2279/1484 2409/1587/1484
f 2408/1585/1485 2409/1587/1484 2378/2279/1484
f 2378/2279/1484 2379/2280/1485 2408/1585/1485
f 2407/1583/1486 2408/1585/1485 2379/2280/1485
f 2379/2280/1485 2380/2281/1486 2407/1583/1486
f 2406/1581/1487 2407/1583/1486 2380/2281/1486
f 2380/2281/1486 2381/2282/1487 2406/1581/1487
f 2405/1579/1488 2406/1581/1487 2381/2282/1487
f 2381/2282/1487 2382/2283/1488 2405/1579/1488
f 2404/1577/1489 2405/1579/1488 2382/2283/1488
f 2382/2283/1488 2383/2284/1489 2404/1577/1489
f 2403/1575/1490 2404/1577/1489 2383/2284/1489
f 2383/2284/1489 2384/2285/1490 2403/1575/1490
f 2402/1573/1491 2403/1575/1490 2384/2285/1490
f 2384/2285/1490 2385/2286/1491 2402/1573/1491
f 2401/1571/1492 2402/1573/1491 2385/2286/1491
f 2385/2286/1491 2386/2287/1492 2401/1571/1492
f 2400/1569/1493 2401/1571/1492 2386/2287/1492
f 2386/2287/1492 2387/2288/1494 2400/1569/1493
f 2399/1567/1495 2400/1569/1493 2387/2288/1494
f 2387/2288/1494 2388/2289/1495 2399/1567/1495
f 2398/1564/1496 2399/1567/1495 2388/2289/1495
f 2388/2289/1495 2389/2290/1496 2398/1564/1496
f 2397/1565/1497 2398/1564/1496 2389/2290/1496
f 2389/2290/1496 2390/2291/1497 2397/1565/1497
f 2396/1559/1498 2397/1561/1497 2390/2292/1497
f 2390/2292/1497 2391/2293/1498 2396/1559/1498
f 2395/1557/1499 2396/1559/1498 2391/2293/1498
f 2391/2293/1498 2392/2294/1499 2395/1557/1499
f 2394/1554/1480 2395/1557/1499 2392/2294/1499
f 2392/2294/1499 2373/2274/1480 2394/1554/1480
f 2459/1597/630 2460/1596/630 2461/1599/630
f 2461/1599/630 2462/1601/630 2463/1603/630
f 2459/1597/630 2461/1599/630 2463/1603/630
f 2463/1603/630 2464/1605/630 2465/1607/630
f 2459/1597/630 2463/1603/630 2465/1607/630
f 2466/1609/630 2459/1597/630 2465/1607/630
f 2443/2295/613 2451/2296/613 2452/2297/614
f 2452/2297/614 2444/2298/614 2443/2295/613
f 2444/1595/614 2452/2299/614 2453/2300/615
f 2453/2300/615 2445/1598/615 2444/1595/614
f 2445/1598/615 2453/2300/615 2454/2301/616
f 2454/2301/616 2446/1600/616 2445/1598/615
f 2446/1600/616 2454/2301/616 2455/2302/617
f 2455/2302/617 2447/1602/617 2446/1600/616
f 2447/1602/617 2455/2302/617 2456/2303/618
f 2456/2303/618 2448/1604/618 2447/1602/617
f 2448/1604/618 2456/2303/618 2457/2304/619
f 2457/2304/619 2449/1606/619 2448/1604/618
f 2449/1606/619 2457/2304/619 2458/2305/620
f 2458/2305/620 2450/1608/620 2449/1606/619
f 2450/1608/620 2458/2305/620 2451/2296/613
f 2451/2296/613 2443/2295/613 2450/1608/620
f 2457/2306/612 2456/2307/612 2455/2302/612
f 2455/2302/612 2454/2308/612 2453/2309/612
f 2457/2306/612 2455/2302/612 2453/2309/612
f 2453/2309/612 2452/2297/612 2451/2296/612
f 2457/2306/612 2453/2309/612 2451/2296/612
f 2458/2305/612 2457/2306/612 2451/2296/612
f 2522/2310/1500 2562/2311/1500 2561/2312/1501
f 2561/2312/1501 2521/2313/1501 2522/2310/1500
f 2523/2314/1502 2563/2315/1502 2562/2311/1500
f 2562/2311/1500 2522/2310/1500 2523/2314/1502
f 2524/2316/1503 2564/2317/1503 2563/2315/1502
f 2563/2315/1502 2523/2314/1502 2524/2316/1503
f 2525/2318/1504 2565/2319/1504 2564/2317/1503
f 2564/2317/1503 2524/2316/1503 2525/2318/1504
f 2526/2320/1505 2566/2321/1505 2565/2319/1504
f 2565/2319/1504 2525/2318/1504 2526/2320/1505
f 2527/2322/1506 2567/2323/1506 2566/2321/1505
f 2566/2321/1505 2526/2320/1505 2527/2322/1506
f 2528/2324/1507 2568/2325/1507 2567/2323/1506
f 2567/2323/1506 2527/2322/1506 2528/2324/1507
f 2529/2326/1508 2569/2327/1508 2568/2325/1507
f 2568/2325/1507 2528/2324/1507 2529/2326/1508
f 2530/2328/1509 2570/2329/1509 2569/2327/1508
f 2569/2327/1508 2529/2326/1508 2530/2328/1509
f 2511/2330/1510 2551/2331/1510 2570/2329/1509
f 2570/2329/1509 2530/2328/1509 2511/2330/1510
f 2532/2332/1370 2604/2333/1370 2571/2334/1371
f 2571/2334/1371 2531/2335/1371 2532/2332/1370
f 2533/2336/1369 2572/2337/1369 2604/2333/1370
f 2604/2333/1370 2532/2332/1370 2533/2336/1369
f 2534/2338/1368 2573/2339/1368 2572/2337/1369
f 2572/2337/1369 2533/2336/1369 2534/2338/1368
f 2535/2340/1511 2574/2341/1512 2573/2339/1368
f 2573/2339/1368 2534/2338/1368 2535/2340/1511
f 2536/2342/1513 2575/2343/1514 2574/2344/1512
f 2574/2344/1512 2535/2345/1511 2536/2342/1513
f 2537/2346/1515 2610/2347/1516 2575/2343/1514
f 2575/2343/1514 2536/2342/1513 2537/2346/1515
f 2538/2348/1361 2576/2349/1361 2610/2347/1516
f 2610/2347/1516 2537/2346/1515 2538/2348/1361
f 2539/2350/1360 2613/2351/1360 2576/2349/1361
f 2576/2349/1361 2538/2348/1361 2539/2350/1360
f 2540/2352/1358 2615/2353/1358 2613/2351/1360
f 2613/2351/1360 2539/2350/1360 2540/2352/1358
f 2541/2354/1359 2617/2355/1359 2615/2353/1358
f 2615/2353/1358 2540/2352/1358 2541/2354/1359
f 2532/2332/1517 2531/2335/1518 2551/2331/1518
f 2551/2331/1518 2552/2356/1517 2532/2332/1517
f 2533/2336/1519 2532/2332/1517 2552/2356/1517
f 2552/2356/1517 2553/2357/1519 2533/2336/1519
f 2534/2338/1520 2533/2336/1519 2553/2357/1519
f 2553/2357/1519 2554/2358/1520 2534/2338/1520
f 2535/2340/1521 2534/2338/1520 2554/2358/1520
f 2554/2358/1520 2555/2359/1521 2535/2340/1521
f 2536/2342/1522 2535/2345/1521 2555/2360/1521
f 2555/2360/1521 2556/2361/1522 2536/2342/1522
f 2537/2346/1523 2536/2342/1522 2556/2361/1522
f 2556/2361/1522 2557/2362/1523 2537/2346/1523
f 2538/2348/1524 2537/2346/1523 2557/2362/1523
f 2557/2362/1523 2558/2363/1524 2538/2348/1524
f 2539/2350/1525 2538/2348/1524 2558/2363/1524
f 2558/2363/1524 2559/2364/1525 2539/2350/1525
f 2540/2352/1526 2539/2350/1525 2559/2364/1525
f 2559/2364/1525 2560/2365/1526 2540/2352/1526
f 2541/2354/1527 2540/2352/1526 2560/2365/1526
f 2560/2365/1526 2561/2312/1527 2541/2354/1527
f 2592/2366/1528 2593/2367/1529 2662/1634/1529
f 2662/1634/1529 2661/1632/1528 2592/2366/1528
f 2593/2367/1529 2594/2368/1530 2663/1636/1530
f 2663/1636/1530 2662/1634/1529 2593/2367/1529
f 2594/2368/1530 2595/2369/1531 2664/1638/1531
f 2664/1638/1531 2663/1636/1530 2594/2368/1530
f 2595/2369/1531 2596/2370/1532 2665/1640/1532
f 2665/1640/1532 2664/1638/1531 2595/2369/1531
f 2596/2370/1532 2597/2371/1533 2666/1642/1533
f 2666/1642/1533 2665/1640/1532 2596/2370/1532
f 2597/2371/1533 2598/2372/1534 2667/1644/1534
f 2667/1644/1534 2666/1642/1533 2597/2371/1533
f 2598/2372/1534 2599/2373/1535 2668/1646/1535
f 2668/1646/1535 2667/1644/1534 2598/2372/1534
f 2599/2373/1535 2600/2374/1536 2669/1648/1536
f 2669/1648/1536 2668/1646/1535 2599/2373/1535
f 2601/2375/1537 2670/1650/1537 2669/1648/1536
f 2669/1648/1536 2600/2374/1536 2601/2375/1537
f 2601/2375/1537 2583/2376/1538 2651/1610/1538
f 2651/1610/1538 2670/1650/1537 2601/2375/1537
f 2603/2377/1370 2602/2378/1371 2571/2334/1371
f 2571/2334/1371 2604/2333/1370 2603/2377/1370
f 2605/2379/1369 2603/2377/1370 2604/2333/1370
f 2604/2333/1370 2572/2337/1369 2605/2379/1369
f 2606/2380/1368 2605/2379/1369 2572/2337/1369
f 2572/2337/1369 2573/2339/1368 2606/2380/1368
f 2607/2381/1511 2606/2380/1368 2573/2339/1368
f 2573/2339/1368 2574/2341/1512 2607/2381/1511
f 2608/2382/1539 2607/2383/1511 2574/2344/1512
f 2574/2344/1512 2575/2343/1514 2608/2382/1539
f 2609/2384/1540 2608/2382/1539 2575/2343/1514
f 2575/2343/1514 2610/2347/1516 2609/2384/1540
f 2611/2385/1361 2609/2384/1540 2610/2347/1516
f 2610/2347/1516 2576/2349/1361 2611/2385/1361
f 2612/2386/1360 2611/2385/1361 2576/2349/1361
f 2576/2349/1361 2613/2351/1360 2612/2386/1360
f 2614/2387/1358 2612/2386/1360 2613/2351/1360
f 2613/2351/1360 2615/2353/1358 2614/2387/1358
f 2616/2388/1359 2614/2387/1358 2615/2353/1358
f 2615/2353/1358 2617/2355/1359 2616/2388/1359
f 2603/2377/1541 2582/2389/1541 2583/2376/1542
f 2583/2376/1542 2602/2378/1542 2603/2377/1541
f 2605/2379/1543 2584/2390/1543 2582/2389/1541
f 2582/2389/1541 2603/2377/1541 2605/2379/1543
f 2606/2380/1544 2585/2391/1544 2584/2390/1543
f 2584/2390/1543 2605/2379/1543 2606/2380/1544
f 2607/2381/1545 2586/2392/1545 2585/2391/1544
f 2585/2391/1544 2606/2380/1544 2607/2381/1545
f 2608/2382/1546 2587/2393/1546 2586/2394/1545
f 2586/2394/1545 2607/2383/1545 2608/2382/1546
f 2609/2384/1547 2588/2395/1547 2587/2393/1546
f 2587/2393/1546 2608/2382/1546 2609/2384/1547
f 2611/2385/1548 2589/2396/1548 2588/2395/1547
f 2588/2395/1547 2609/2384/1547 2611/2385/1548
f 2612/2386/1549 2590/2397/1549 2589/2396/1548
f 2589/2396/1548 2611/2385/1548 2612/2386/1549
f 2614/2387/1550 2591/2398/1550 2590/2397/1549
f 2590/2397/1549 2612/2386/1549 2614/2387/1550
f 2616/2388/1551 2592/2366/1551 2591/2398/1550
f 2591/2398/1550 2614/2387/1550 2616/2388/1551
f 2726/1613/1552 2727/1612/1553 2706/2399/1553
f 2706/2399/1553 2707/2400/1552 2726/1613/1552
f 2745/1651/1554 2726/1613/1552 2707/2400/1552
f 2707/2400/1552 2708/2401/1554 2745/1651/1554
f 2744/1649/1555 2745/1651/1554 2708/2401/1554
f 2708/2401/1554 2709/2402/1555 2744/1649/1555
f 2743/1647/1556 2744/1649/1555 2709/2402/1555
f 2709/2402/1555 2710/2403/1556 2743/1647/1556
f 2742/1645/1557 2743/1647/1556 2710/2403/1556
f 2710/2403/1556 2711/2404/1557 2742/1645/1557
f 2741/1643/1558 2742/1645/1557 2711/2404/1557
f 2711/2404/1557 2712/2405/1558 2741/1643/1558
f 2740/1641/1559 2741/1643/1558 2712/2405/1558
f 2712/2405/1558 2713/2406/1559 2740/1641/1559
f 2739/1639/1560 2740/1641/1559 2713/2406/1559
f 2713/2406/1559 2714/2407/1560 2739/1639/1560
f 2738/1637/1561 2739/1639/1560 2714/2407/1560
f 2714/2407/1560 2715/2408/1561 2738/1637/1561
f 2737/1635/1562 2738/1637/1561 2715/2408/1561
f 2715/2408/1561 2716/2409/1562 2737/1635/1562
f 2736/1633/1563 2737/1635/1562 2716/2409/1562
f 2716/2409/1562 2717/2410/1563 2736/1633/1563
f 2735/1631/1564 2736/1633/1563 2717/2410/1563
f 2717/2410/1563 2718/2411/1564 2735/1631/1564
f 2734/1629/1565 2735/1631/1564 2718/2411/1564
f 2718/2411/1564 2719/2412/1565 2734/1629/1565
f 2733/1627/1566 2734/1629/1565 2719/2412/1565
f 2719/2412/1565 2720/2413/1566 2733/1627/1566
f 2732/1625/1567 2733/1627/1566 2720/2413/1566
f 2720/2413/1566 2721/2414/1567 2732/1625/1567
f 2731/1622/1568 2732/1625/1567 2721/2414/1567
f 2721/2414/1567 2722/2415/1568 2731/1622/1568
f 2730/1623/1569 2731/1622/1568 2722/2415/1568
f 2722/2415/1568 2723/2416/1569 2730/1623/1569
f 2729/1617/1570 2730/1619/1569 2723/2417/1569
f 2723/2417/1569 2724/2418/1570 2729/1617/1570
f 2728/1615/1571 2729/1617/1570 2724/2418/1570
f 2724/2418/1570 2725/2419/1571 2728/1615/1571
f 2727/1612/1553 2728/1615/1571 2725/2419/1571
f 2725/2419/1571 2706/2399/1553 2727/1612/1553
f 2783/1664/631 2782/1662/631 2781/1660/631
f 2781/1660/631 2780/1658/631 2779/1656/631
f 2779/1656/631 2778/1654/631 2777/1653/631
f 2781/1660/631 2779/1656/631 2777/1653/631
f 2783/1664/631 2781/1660/631 2777/1653/631
f 2776/1666/631 2783/1664/631 2777/1653/631
f 2784/2420/626 2787/2421/625 2786/2422/625
f 2786/2422/625 2785/2423/626 2784/2420/626
f 2787/1655/625 2789/1657/624 2788/2424/624
f 2788/2424/624 2786/2425/625 2787/1655/625
f 2789/1657/624 2791/1659/623 2790/2426/623
f 2790/2426/623 2788/2424/624 2789/1657/624
f 2791/1659/623 2793/1661/622 2792/2427/622
f 2792/2427/622 2790/2426/623 2791/1659/623
f 2793/1661/622 2795/1663/1572 2794/2428/629
f 2794/2428/629 2792/2427/622 2793/1661/622
f 2795/1663/1572 2797/1665/628 2796/2429/628
f 2796/2429/628 2794/2428/629 2795/1663/1572
f 2797/1665/628 2799/1667/627 2798/2430/627
f 2798/2430/627 2796/2429/628 2797/1665/628
f 2799/1667/627 2784/2420/626 2785/2423/626
f 2785/2423/626 2798/2430/627 2799/1667/627
f 2785/2423/621 2786/2422/621 2788/2431/621
f 2788/2431/621 2790/2432/621 2792/2427/621
f 2792/2427/621 2794/2433/621 2796/2434/621
f 2788/2431/621 2792/2427/621 2796/2434/621
f 2785/2423/621 2788/2431/621 2796/2434/621
f 2798/2430/621 2785/2423/621 2796/2434/621
usemtl Material_#7
f 321/2435/622 322/2436/622 323/2437/622
f 323/2437/622 324/2438/622 325/2439/622
f 325/2439/622 326/2440/622 327/2441/622
f 323/2437/622 325/2439/622 327/2441/622
f 321/2435/622 323/2437/622 327/2441/622
f 328/2442/622 321/2435/622 327/2441/622
f 352/2443/622 351/2444/622 350/2445/622
f 350/2445/622 349/2446/622 348/2447/622
f 352/2443/622 350/2445/622 348/2447/622
f 348/2447/622 347/2448/622 346/2449/622
f 352/2443/622 348/2447/622 346/2449/622
f 345/2450/622 352/2443/622 346/2449/622
f 451/434/373 454/2451/1573 453/2452/1574
f 453/2452/1574 452/431/370 451/434/373
f 455/439/378 458/2453/1575 457/2454/1576
f 457/2454/1576 456/436/375 455/439/378
f 467/441/380 458/2453/1575 455/439/378
f 574/2455/1577 573/432/371 452/431/370
f 452/431/370 453/2452/1574 574/2455/1577
f 557/2456/1578 556/2457/1579 453/2452/1574
f 453/2452/1574 454/2451/1573 557/2456/1578
f 556/2457/1579 555/2458/1580 574/2455/1577
f 574/2455/1577 453/2452/1574 556/2457/1579
f 454/2451/1573 451/434/373 456/436/375
f 456/436/375 457/2454/1576 454/2451/1573
f 552/2459/1581 557/2456/1578 454/2451/1573
f 454/2451/1573 457/2454/1576 552/2459/1581
f 691/2460/1582 690/2461/1583 689/2462/621
f 689/2462/621 688/2463/621 687/2464/621
f 691/2460/1582 689/2462/621 687/2464/621
f 687/2464/621 686/2465/621 685/2466/621
f 687/2464/621 685/2466/621 684/2467/621
f 691/2460/1582 687/2464/621 684/2467/621
f 691/2460/1582 684/2467/621 683/2468/1584
f 682/2469/1585 691/2460/1582 683/2468/1584
f 701/2470/621 700/2471/621 699/2472/621
f 699/2472/621 698/2473/621 697/2474/621
f 701/2470/621 699/2472/621 697/2474/621
f 697/2474/621 696/2475/621 695/2476/621
f 697/2474/621 695/2476/621 694/1881/621
f 701/2470/621 697/2474/621 694/1881/621
f 701/2470/621 694/1881/621 693/1880/621
f 692/2477/621 701/2470/621 693/1880/621
f 359/1384/1126 713/1382/1586 714/1370/1126
f 714/1370/1126 1183/1368/1126 359/1384/1126
f 598/2478/1587 719/1406/1588 367/1404/1589
f 367/1404/1589 1068/2479/1590 598/2478/1587
f 566/1848/1086 724/1879/1145 725/2480/1110
f 725/2480/1110 372/1849/1087 566/1848/1086
f 372/1849/1087 725/2480/1110 726/2481/1111
f 726/2481/1111 375/2482/1591 372/1849/1087
f 375/2482/1591 726/2481/1111 727/2483/1592
f 727/2483/1592 586/2484/1132 375/2482/1591
f 636/2485/1593 728/2486/1594 729/2487/1595
f 729/2487/1595 412/2488/1120 636/2485/1593
f 412/2488/1126 729/2487/1126 730/1249/1126
f 730/1249/1126 415/1246/1126 412/2488/1126
f 736/1414/1596 737/1412/1597 376/2489/1598
f 376/2489/1598 442/2490/1599 736/1414/1596
f 737/1412/1597 738/1410/1600 379/2491/1601
f 379/2491/1601 376/2489/1598 737/1412/1597
f 738/1410/1600 596/1408/1602 379/2491/1601
f 719/1406/1588 598/2478/1587 596/1408/1602
f 692/2477/1603 740/2492/1604 703/1345/1605
f 692/2477/1603 703/1345/1605 702/1343/1606
f 692/2477/1603 702/1343/1606 739/1416/1607
f 701/2470/1608 692/2477/1603 739/1416/1607
f 734/1257/1129 716/1378/1129 703/1345/1605
f 734/1257/1129 703/1345/1605 740/2492/1604
f 735/1259/1609 734/1257/1129 740/2492/1604
f 716/1378/1129 734/1257/1129 733/1255/1127
f 733/1255/1127 715/1380/1127 716/1378/1129
f 715/1380/1127 733/1255/1127 732/1253/1147
f 732/1253/1147 713/1382/1586 715/1380/1127
f 713/1382/1586 732/1253/1147 731/1251/1126
f 731/1251/1126 714/1370/1126 713/1382/1586
f 714/1370/1126 731/1251/1126 730/1249/1126
f 730/1249/1126 711/1372/1126 714/1370/1126
f 711/1372/1126 730/1249/1126 729/2487/1126
f 729/2487/1126 705/1374/1126 711/1372/1126
f 728/2486/1594 741/2493/1610 708/1356/1611
f 728/2486/1594 708/1356/1611 705/1374/1612
f 729/2487/1595 728/2486/1594 705/1374/1612
f 682/2469/1613 742/2494/1614 710/1331/1615
f 682/2469/1613 710/1331/1615 708/1356/1611
f 682/2469/1613 708/1356/1611 741/2493/1610
f 691/2460/1616 682/2469/1613 741/2493/1610
f 726/2481/1111 681/1333/1111 710/1331/1615
f 726/2481/1111 710/1331/1615 742/2494/1614
f 727/2483/1592 726/2481/1111 742/2494/1614
f 681/1333/1111 726/2481/1111 725/2480/1110
f 725/2480/1110 680/1335/1110 681/1333/1111
f 680/1335/1110 725/2480/1110 724/1879/1145
f 724/1879/1145 717/1337/1143 680/1335/1110
f 444/427/1231 699/2472/1231 700/2471/1231
f 700/2471/1231 443/2495/1231 444/427/1231
f 588/1882/1617 694/1881/1617 695/2476/1617
f 695/2476/1617 499/350/1617 588/1882/1617
f 499/350/1618 695/2476/1618 696/2475/1619
f 696/2475/1619 498/351/1620 499/350/1618
f 503/358/1621 697/2474/1622 698/2473/1623
f 698/2473/1623 465/311/1624 503/358/1621
f 465/311/1624 698/2473/1623 699/2472/1625
f 699/2472/1625 444/427/1625 465/311/1624
f 482/328/1626 685/2466/1627 686/2465/1628
f 686/2465/1628 481/329/1629 482/328/1626
f 489/339/1630 687/2464/1631 688/2463/1632
f 688/2463/1632 488/340/1633 489/339/1630
f 488/340/1634 688/2463/1635 689/2462/1636
f 689/2462/1636 515/2496/1637 488/340/1634
f 515/2496/1638 689/2462/1639 690/2461/1640
f 690/2461/1640 637/2497/1641 515/2496/1638
f 585/2498/1642 683/2468/1643 684/2467/1643
f 684/2467/1643 504/359/1644 585/2498/1642
f 504/359/1645 684/2467/1646 685/2466/1647
f 685/2466/1647 482/328/1648 504/359/1645
f 498/351/1620 696/2475/1619 697/2474/1622
f 697/2474/1622 503/358/1621 498/351/1620
f 481/329/1629 686/2465/1628 687/2464/1631
f 687/2464/1631 489/339/1630 481/329/1629
f 693/1880/1649 735/1259/1649 743/2499/1649
f 744/2500/1650 690/2461/1583 691/2460/1582
f 683/2468/1584 727/2483/1651 745/2501/1651
f 701/2470/1652 746/2502/1653 700/2471/1653
f 586/2503/1654 727/2504/1655 683/2468/1656
f 683/2468/1656 585/2498/1657 586/2503/1654
f 728/2505/1658 636/2506/1659 637/2497/1660
f 637/2497/1660 690/2461/1661 728/2505/1658
f 679/462/1662 735/1259/1663 693/1880/1663
f 693/1880/1663 650/463/1662 679/462/1662
f 736/2507/1596 442/2508/1599 443/2495/1664
f 443/2495/1664 700/2471/1665 736/2507/1596
f 742/2494/1614 745/2501/1666 727/2483/1592
f 683/2468/1584 745/2501/1651 682/2469/1585
f 745/2501/1666 742/2494/1614 682/2469/1613
f 741/2493/1610 744/2500/1667 691/2460/1616
f 690/2461/1583 744/2500/1650 728/2486/1650
f 744/2500/1667 741/2493/1610 728/2486/1594
f 693/1880/1649 743/2499/1649 692/2477/1649
f 692/2477/1603 743/2499/1668 740/2492/1604
f 743/2499/1668 735/1259/1609 740/2492/1604
f 700/2471/1653 746/2502/1653 736/1414/1669
f 736/1414/1670 746/2502/1671 739/1416/1607
f 746/2502/1671 701/2470/1608 739/1416/1607
f 552/2459/1581 457/2454/1576 458/2453/1575
f 900/629/551 903/627/549 902/2509/1672
f 902/2509/1672 901/2510/1673 900/629/551
f 904/635/557 907/632/554 906/2511/1674
f 906/2511/1674 905/2512/1675 904/635/557
f 916/636/558 904/635/557 905/2512/1675
f 574/2455/1577 902/2509/1672 903/627/549
f 903/627/549 573/432/371 574/2455/1577
f 1008/2513/1676 901/2510/1673 902/2509/1672
f 902/2509/1672 1007/2514/1677 1008/2513/1676
f 1007/2514/1677 902/2509/1672 574/2455/1577
f 574/2455/1577 555/2458/1580 1007/2514/1677
f 901/2510/1673 906/2511/1674 907/632/554
f 907/632/554 900/629/551 901/2510/1673
f 1004/2515/1678 906/2511/1674 901/2510/1673
f 901/2510/1673 1008/2513/1676 1004/2515/1678
f 1159/2516/631 1158/2517/631 1157/2518/631
f 1160/2519/631 1159/2516/631 1157/2518/631
f 1157/2518/631 1156/2520/631 1155/1922/631
f 1155/1922/631 1154/1921/1679 1153/2521/1680
f 1157/2518/631 1155/1922/631 1153/2521/1680
f 1160/2519/631 1157/2518/631 1153/2521/1680
f 1161/2522/1681 1160/2519/631 1153/2521/1680
f 1152/2523/1682 1161/2522/1681 1153/2521/1680
f 1169/2524/631 1168/2525/631 1167/2526/631
f 1170/2527/631 1169/2524/631 1167/2526/631
f 1167/2526/631 1166/2528/631 1165/1918/631
f 1165/1918/631 1164/1917/631 1163/2529/631
f 1167/2526/631 1165/1918/631 1163/2529/631
f 1170/2527/631 1167/2526/631 1163/2529/631
f 1171/2530/631 1170/2527/631 1163/2529/631
f 1162/2531/631 1171/2530/631 1163/2529/631
f 359/1384/1126 1183/1368/1126 1182/1366/1126
f 1182/1366/1126 1181/1386/1586 359/1384/1126
f 1060/2532/1683 1068/2479/1590 367/1404/1589
f 367/1404/1589 1190/1432/1588 1060/2532/1683
f 1020/1891/1192 821/1893/1194 1196/2533/1110
f 1196/2533/1110 1195/1915/1145 1020/1891/1192
f 821/1893/1194 822/2534/1591 1197/2535/1111
f 1197/2535/1111 1196/2533/1110 821/1893/1194
f 822/2534/1591 1046/2536/1132 1198/2537/1684
f 1198/2537/1684 1197/2535/1111 822/2534/1591
f 1105/2538/1685 861/2539/1120 1200/2540/1686
f 1200/2540/1686 1199/2541/1687 1105/2538/1685
f 861/2539/1126 862/1268/1126 1201/1289/1126
f 1201/1289/1126 1200/2540/1126 861/2539/1126
f 1207/1424/1688 891/2542/1689 825/2543/1690
f 825/2543/1690 1208/1426/1691 1207/1424/1688
f 1208/1426/1691 825/2543/1690 826/2544/1692
f 826/2544/1692 1209/1428/1693 1208/1426/1691
f 1209/1428/1693 826/2544/1692 1058/1430/1694
f 1190/1432/1588 1058/1430/1694 1060/2532/1683
f 1173/1352/1695 1211/2545/1696 1162/2531/1697
f 1172/1354/1606 1173/1352/1695 1162/2531/1697
f 1210/1422/1698 1172/1354/1606 1162/2531/1697
f 1163/2529/1699 1210/1422/1698 1162/2531/1697
f 1173/1352/1695 1185/1390/1129 1205/1281/1129
f 1211/2545/1696 1173/1352/1695 1205/1281/1129
f 1206/1279/1700 1211/2545/1696 1205/1281/1129
f 1185/1390/1129 1184/1388/1127 1204/1283/1127
f 1204/1283/1127 1205/1281/1129 1185/1390/1129
f 1184/1388/1127 1181/1386/1586 1203/1285/1147
f 1203/1285/1147 1204/1283/1127 1184/1388/1127
f 1181/1386/1586 1182/1366/1126 1202/1287/1126
f 1202/1287/1126 1203/1285/1147 1181/1386/1586
f 1182/1366/1126 1180/1364/1126 1201/1289/1126
f 1201/1289/1126 1202/1287/1126 1182/1366/1126
f 1180/1364/1126 1177/1362/1126 1200/2540/1126
f 1200/2540/1126 1201/1289/1126 1180/1364/1126
f 1178/1360/1701 1212/2546/1702 1199/2541/1687
f 1177/1362/1703 1178/1360/1701 1199/2541/1687
f 1200/2540/1686 1177/1362/1703 1199/2541/1687
f 1179/1321/1615 1213/2547/1704 1152/2523/1705
f 1178/1360/1701 1179/1321/1615 1152/2523/1705
f 1212/2546/1702 1178/1360/1701 1152/2523/1705
f 1153/2521/1706 1212/2546/1702 1152/2523/1705
f 1179/1321/1615 1150/1319/1111 1197/2535/1111
f 1213/2547/1704 1179/1321/1615 1197/2535/1111
f 1198/2537/1684 1213/2547/1704 1197/2535/1111
f 1150/1319/1111 1151/1317/1110 1196/2533/1110
f 1196/2533/1110 1197/2535/1111 1150/1319/1111
f 1151/1317/1110 1187/1315/1143 1195/1915/1145
f 1195/1915/1145 1196/2533/1110 1151/1317/1110
f 1120/660/1153 1050/2548/1153 1170/2527/1153
f 1170/2527/1153 1171/2530/1153 1120/660/1153
f 1050/2548/1617 946/570/1617 1169/2524/1617
f 1169/2524/1617 1170/2527/1617 1050/2548/1617
f 946/570/1618 947/569/1620 1168/2525/1619
f 1168/2525/1619 1169/2524/1618 946/570/1618
f 951/576/1621 915/529/1624 1166/2528/1623
f 1166/2528/1623 1167/2526/1622 951/576/1621
f 915/529/1624 892/626/1625 1165/1918/1625
f 1165/1918/1625 1166/2528/1623 915/529/1624
f 929/548/1707 930/547/1708 1158/2517/1709
f 1158/2517/1709 1159/2516/1710 929/548/1707
f 936/557/1711 937/556/1712 1156/2520/1713
f 1156/2520/1713 1157/2518/1714 936/557/1711
f 937/556/1715 964/1919/1716 1155/1922/1717
f 1155/1922/1717 1156/2520/1718 937/556/1715
f 1047/2549/1719 952/577/1720 1160/2519/1643
f 1160/2519/1643 1161/2522/1643 1047/2549/1719
f 952/577/1721 929/548/1722 1159/2516/1723
f 1159/2516/1723 1160/2519/1724 952/577/1721
f 947/569/1620 951/576/1621 1167/2526/1622
f 1167/2526/1622 1168/2525/1619 947/569/1620
f 930/547/1708 936/557/1711 1157/2518/1714
f 1157/2518/1714 1158/2517/1709 930/547/1708
f 1171/2530/1725 1214/2550/1725 1206/1279/1725
f 1215/2551/1726 1153/2521/1680 1154/1921/1679
f 1161/2522/1681 1216/2552/1727 1198/2537/1727
f 1163/2529/1728 1164/1917/1729 1217/2553/1729
f 1046/2554/1654 1047/2549/1657 1161/2522/1730
f 1161/2522/1730 1198/2555/1731 1046/2554/1654
f 1199/2556/1732 1154/1921/1733 1106/1920/1734
f 1106/1920/1734 1105/2557/1735 1199/2556/1732
f 1148/657/1662 1120/660/1662 1171/2530/1663
f 1171/2530/1663 1206/1279/1663 1148/657/1662
f 1207/2558/1688 1164/1917/1736 893/1916/1737
f 893/1916/1737 891/2559/1689 1207/2558/1688
f 1213/2547/1704 1198/2537/1684 1216/2552/1738
f 1161/2522/1681 1152/2523/1682 1216/2552/1727
f 1216/2552/1738 1152/2523/1705 1213/2547/1704
f 1212/2546/1702 1153/2521/1706 1215/2551/1739
f 1154/1921/1679 1199/2541/1726 1215/2551/1726
f 1215/2551/1739 1199/2541/1687 1212/2546/1702
f 1171/2530/1725 1162/2531/1725 1214/2550/1725
f 1162/2531/1697 1211/2545/1696 1214/2550/1740
f 1214/2550/1740 1211/2545/1696 1206/1279/1700
f 1164/1917/1729 1207/1424/1741 1217/2553/1729
f 1207/1424/1688 1210/1422/1698 1217/2553/1742
f 1217/2553/1742 1210/1422/1698 1163/2529/1699
f 1004/2515/1678 905/2512/1675 906/2511/1674
f 1513/2560/1743 1553/1981/1743 1552/1956/1275
f 1552/1956/1275 1512/1955/1275 1513/2560/1743
f 1514/2561/1744 1554/1982/1744 1553/1981/1743
f 1553/1981/1743 1513/2560/1743 1514/2561/1744
f 1515/2562/1745 1555/1983/1745 1554/1982/1744
f 1554/1982/1744 1514/2561/1744 1515/2562/1745
f 1516/2563/1746 1556/1984/1746 1555/1983/1745
f 1555/1983/1745 1515/2562/1745 1516/2563/1746
f 1517/2564/1747 1557/1986/1747 1556/1985/1746
f 1556/1985/1746 1516/2565/1746 1517/2564/1747
f 1518/2566/1748 1558/1987/1748 1557/1986/1747
f 1557/1986/1747 1517/2564/1747 1518/2566/1748
f 1519/2567/1749 1559/1988/1749 1558/1987/1748
f 1558/1987/1748 1518/2566/1748 1519/2567/1749
f 1520/2568/1750 1560/1989/1750 1559/1988/1749
f 1559/1988/1749 1519/2567/1749 1520/2568/1750
f 1521/2569/1751 1561/1990/1751 1560/1989/1750
f 1560/1989/1750 1520/2568/1750 1521/2569/1751
f 1522/1938/1266 1562/1937/1266 1561/1990/1751
f 1561/1990/1751 1521/2569/1751 1522/1938/1266
f 1543/2570/1752 1620/2571/1752 1618/1980/1289
f 1618/1980/1289 1542/1979/1289 1543/2570/1752
f 1544/2572/1753 1578/2573/1753 1620/2571/1752
f 1620/2571/1752 1543/2570/1752 1544/2572/1753
f 1545/2574/1754 1579/2575/1754 1578/2573/1753
f 1578/2573/1753 1544/2572/1753 1545/2574/1754
f 1546/2576/1755 1624/2577/1755 1579/2575/1754
f 1579/2575/1754 1545/2574/1754 1546/2576/1755
f 1547/2578/1756 1580/2579/1756 1624/2577/1755
f 1624/2577/1755 1546/2576/1755 1547/2578/1756
f 1548/2580/1757 1581/2581/1757 1580/2579/1756
f 1580/2579/1756 1547/2578/1756 1548/2580/1757
f 1549/2582/1758 1628/2583/1758 1581/2581/1757
f 1581/2581/1757 1548/2580/1757 1549/2582/1758
f 1550/2584/1759 1582/2585/1759 1628/2583/1758
f 1628/2583/1758 1549/2582/1758 1550/2584/1759
f 1551/2586/1760 1631/2587/1760 1582/2585/1759
f 1582/2585/1759 1550/2584/1759 1551/2586/1760
f 1532/1960/1277 1572/1959/1277 1631/2587/1760
f 1631/2587/1760 1551/2586/1760 1532/1960/1277
f 1543/2570/1761 1542/1979/1300 1562/1937/1300
f 1562/1937/1300 1563/1936/1761 1543/2570/1761
f 1544/2572/1762 1543/2570/1761 1563/1936/1761
f 1563/1936/1761 1564/1940/1762 1544/2572/1762
f 1545/2574/1763 1544/2572/1762 1564/1940/1762
f 1564/1940/1762 1565/1942/1763 1545/2574/1763
f 1546/2576/1764 1545/2574/1763 1565/1942/1763
f 1565/1942/1763 1566/1944/1764 1546/2576/1764
f 1547/2578/1765 1546/2576/1764 1566/1944/1764
f 1566/1944/1764 1567/1946/1765 1547/2578/1765
f 1548/2580/1766 1547/2578/1765 1567/1946/1765
f 1567/1946/1765 1568/1948/1766 1548/2580/1766
f 1549/2582/1767 1548/2580/1766 1568/1948/1766
f 1568/1948/1766 1569/1950/1767 1549/2582/1767
f 1550/2584/1768 1549/2582/1767 1569/1950/1767
f 1569/1950/1767 1570/1952/1768 1550/2584/1768
f 1551/2586/1769 1550/2584/1768 1570/1952/1768
f 1570/1952/1768 1571/1954/1769 1551/2586/1769
f 1532/1960/1291 1551/2586/1769 1571/1954/1769
f 1571/1954/1769 1552/1956/1291 1532/1960/1291
f 1584/2001/1311 1583/2014/1770 1653/1437/1770
f 1653/1437/1770 1652/1436/1311 1584/2001/1311
f 1583/2014/1770 1585/2015/1771 1654/1440/1771
f 1654/1440/1771 1653/1437/1770 1583/2014/1770
f 1585/2015/1771 1586/2016/1772 1655/1442/1772
f 1655/1442/1772 1654/1440/1771 1585/2015/1771
f 1586/2016/1772 1587/2017/1773 1656/1444/1773
f 1656/1444/1773 1655/1442/1772 1586/2016/1772
f 1587/2019/1773 1588/2018/1774 1657/1447/1774
f 1657/1447/1774 1656/1446/1773 1587/2019/1773
f 1588/2018/1774 1589/2020/1775 1658/1450/1775
f 1658/1450/1775 1657/1447/1774 1588/2018/1774
f 1589/2020/1775 1590/2021/1776 1659/1452/1776
f 1659/1452/1776 1658/1450/1775 1589/2020/1775
f 1590/2021/1776 1591/2022/1777 1660/1454/1777
f 1660/1454/1777 1659/1452/1776 1590/2021/1776
f 1591/2022/1777 1592/2023/1778 1661/1456/1778
f 1661/1456/1778 1660/1454/1777 1591/2022/1777
f 1592/2023/1778 1593/1991/1301 1662/1458/1301
f 1662/1458/1301 1661/1456/1778 1592/2023/1778
f 1619/2588/1752 1617/2013/1289 1618/1980/1289
f 1618/1980/1289 1620/2571/1752 1619/2588/1752
f 1621/2589/1753 1619/2588/1752 1620/2571/1752
f 1620/2571/1752 1578/2573/1753 1621/2589/1753
f 1622/2590/1754 1621/2589/1753 1578/2573/1753
f 1578/2573/1753 1579/2575/1754 1622/2590/1754
f 1623/2591/1755 1622/2590/1754 1579/2575/1754
f 1579/2575/1754 1624/2577/1755 1623/2591/1755
f 1625/2592/1756 1623/2591/1755 1624/2577/1755
f 1624/2577/1755 1580/2579/1756 1625/2592/1756
f 1626/2593/1757 1625/2592/1756 1580/2579/1756
f 1580/2579/1756 1581/2581/1757 1626/2593/1757
f 1627/2594/1758 1626/2593/1757 1581/2581/1757
f 1581/2581/1757 1628/2583/1758 1627/2594/1758
f 1629/2595/1759 1627/2594/1758 1628/2583/1758
f 1628/2583/1758 1582/2585/1759 1629/2595/1759
f 1630/2596/1760 1629/2595/1759 1582/2585/1759
f 1582/2585/1759 1631/2587/1760 1630/2596/1760
f 1603/2003/1277 1630/2596/1760 1631/2587/1760
f 1631/2587/1760 1572/1959/1277 1603/2003/1277
f 1619/2588/1779 1594/1992/1779 1593/1991/1325
f 1593/1991/1325 1617/2013/1325 1619/2588/1779
f 1621/2589/1780 1595/1993/1780 1594/1992/1779
f 1594/1992/1779 1619/2588/1779 1621/2589/1780
f 1622/2590/1781 1596/1994/1781 1595/1993/1780
f 1595/1993/1780 1621/2589/1780 1622/2590/1781
f 1623/2591/1782 1597/1995/1782 1596/1994/1781
f 1596/1994/1781 1622/2590/1781 1623/2591/1782
f 1625/2592/1783 1598/1996/1783 1597/1995/1782
f 1597/1995/1782 1623/2591/1782 1625/2592/1783
f 1626/2593/1784 1599/1997/1784 1598/1996/1783
f 1598/1996/1783 1625/2592/1783 1626/2593/1784
f 1627/2594/1785 1600/1998/1785 1599/1997/1784
f 1599/1997/1784 1626/2593/1784 1627/2594/1785
f 1629/2595/1786 1601/1999/1786 1600/1998/1785
f 1600/1998/1785 1627/2594/1785 1629/2595/1786
f 1630/2596/1787 1602/2000/1787 1601/1999/1786
f 1601/1999/1786 1629/2595/1786 1630/2596/1787
f 1603/2003/1315 1584/2001/1315 1602/2000/1787
f 1602/2000/1787 1630/2596/1787 1603/2003/1315
f 1846/2597/1788 1886/2106/1788 1885/2081/1357
f 1885/2081/1357 1845/2080/1357 1846/2597/1788
f 1847/2598/1789 1887/2107/1789 1886/2106/1788
f 1886/2106/1788 1846/2597/1788 1847/2598/1789
f 1848/2599/1790 1888/2108/1790 1887/2107/1789
f 1887/2107/1789 1847/2598/1789 1848/2599/1790
f 1849/2600/1791 1889/2109/1791 1888/2108/1790
f 1888/2108/1790 1848/2599/1790 1849/2600/1791
f 1850/2601/1792 1890/2111/1792 1889/2110/1791
f 1889/2110/1791 1849/2602/1791 1850/2601/1792
f 1851/2603/1793 1891/2112/1793 1890/2111/1792
f 1890/2111/1792 1850/2601/1792 1851/2603/1793
f 1852/2604/1794 1892/2113/1794 1891/2112/1793
f 1891/2112/1793 1851/2603/1793 1852/2604/1794
f 1853/2605/1795 1893/2114/1795 1892/2113/1794
f 1892/2113/1794 1852/2604/1794 1853/2605/1795
f 1854/2606/1796 1894/2115/1796 1893/2114/1795
f 1893/2114/1795 1853/2605/1795 1854/2606/1796
f 1855/2063/1348 1895/2062/1348 1894/2115/1796
f 1894/2115/1796 1854/2606/1796 1855/2063/1348
f 1876/2607/1797 1953/2608/1797 1951/2105/1371
f 1951/2105/1371 1875/2104/1371 1876/2607/1797
f 1877/2609/1798 1911/2610/1798 1953/2608/1797
f 1953/2608/1797 1876/2607/1797 1877/2609/1798
f 1878/2611/1799 1912/2612/1799 1911/2610/1798
f 1911/2610/1798 1877/2609/1798 1878/2611/1799
f 1879/2613/1800 1957/2614/1800 1912/2612/1799
f 1912/2612/1799 1878/2611/1799 1879/2613/1800
f 1880/2615/1756 1913/2616/1756 1957/2614/1800
f 1957/2614/1800 1879/2613/1800 1880/2615/1756
f 1881/2617/1801 1914/2618/1801 1913/2616/1756
f 1913/2616/1756 1880/2615/1756 1881/2617/1801
f 1882/2619/1802 1961/2620/1802 1914/2618/1801
f 1914/2618/1801 1881/2617/1801 1882/2619/1802
f 1883/2621/1803 1915/2622/1803 1961/2620/1802
f 1961/2620/1802 1882/2619/1802 1883/2621/1803
f 1884/2623/1804 1964/2624/1804 1915/2622/1803
f 1915/2622/1803 1883/2621/1803 1884/2623/1804
f 1865/2085/1359 1905/2084/1359 1964/2624/1804
f 1964/2624/1804 1884/2623/1804 1865/2085/1359
f 1876/2607/1805 1875/2104/1382 1895/2062/1382
f 1895/2062/1382 1896/2061/1805 1876/2607/1805
f 1877/2609/1806 1876/2607/1805 1896/2061/1805
f 1896/2061/1805 1897/2065/1806 1877/2609/1806
f 1878/2611/1807 1877/2609/1806 1897/2065/1806
f 1897/2065/1806 1898/2067/1807 1878/2611/1807
f 1879/2613/1808 1878/2611/1807 1898/2067/1807
f 1898/2067/1807 1899/2069/1808 1879/2613/1808
f 1880/2615/1809 1879/2613/1808 1899/2069/1808
f 1899/2069/1808 1900/2071/1809 1880/2615/1809
f 1881/2617/1810 1880/2615/1809 1900/2071/1809
f 1900/2071/1809 1901/2073/1810 1881/2617/1810
f 1882/2619/1811 1881/2617/1810 1901/2073/1810
f 1901/2073/1810 1902/2075/1811 1882/2619/1811
f 1883/2621/1812 1882/2619/1811 1902/2075/1811
f 1902/2075/1811 1903/2077/1812 1883/2621/1812
f 1884/2623/1813 1883/2621/1812 1903/2077/1812
f 1903/2077/1812 1904/2079/1813 1884/2623/1813
f 1865/2085/1373 1884/2623/1813 1904/2079/1813
f 1904/2079/1813 1885/2081/1373 1865/2085/1373
f 1917/2126/1393 1916/2139/1814 1986/1495/1814
f 1986/1495/1814 1985/1494/1393 1917/2126/1393
f 1916/2139/1814 1918/2140/1815 1987/1498/1815
f 1987/1498/1815 1986/1495/1814 1916/2139/1814
f 1918/2140/1815 1919/2141/1816 1988/1500/1816
f 1988/1500/1816 1987/1498/1815 1918/2140/1815
f 1919/2141/1816 1920/2142/1817 1989/1502/1817
f 1989/1502/1817 1988/1500/1816 1919/2141/1816
f 1920/2144/1817 1921/2143/1818 1990/1505/1818
f 1990/1505/1818 1989/1504/1817 1920/2144/1817
f 1921/2143/1818 1922/2145/1819 1991/1508/1819
f 1991/1508/1819 1990/1505/1818 1921/2143/1818
f 1922/2145/1819 1923/2146/1820 1992/1510/1820
f 1992/1510/1820 1991/1508/1819 1922/2145/1819
f 1923/2146/1820 1924/2147/1821 1993/1512/1821
f 1993/1512/1821 1992/1510/1820 1923/2146/1820
f 1924/2147/1821 1925/2148/1822 1994/1514/1822
f 1994/1514/1822 1993/1512/1821 1924/2147/1821
f 1925/2148/1822 1926/2116/1383 1995/1516/1383
f 1995/1516/1383 1994/1514/1822 1925/2148/1822
f 1952/2625/1797 1950/2138/1371 1951/2105/1371
f 1951/2105/1371 1953/2608/1797 1952/2625/1797
f 1954/2626/1798 1952/2625/1797 1953/2608/1797
f 1953/2608/1797 1911/2610/1798 1954/2626/1798
f 1955/2627/1799 1954/2626/1798 1911/2610/1798
f 1911/2610/1798 1912/2612/1799 1955/2627/1799
f 1956/2628/1800 1955/2627/1799 1912/2612/1799
f 1912/2612/1799 1957/2614/1800 1956/2628/1800
f 1958/2629/1756 1956/2628/1800 1957/2614/1800
f 1957/2614/1800 1913/2616/1756 1958/2629/1756
f 1959/2630/1801 1958/2629/1756 1913/2616/1756
f 1913/2616/1756 1914/2618/1801 1959/2630/1801
f 1960/2631/1802 1959/2630/1801 1914/2618/1801
f 1914/2618/1801 1961/2620/1802 1960/2631/1802
f 1962/2632/1803 1960/2631/1802 1961/2620/1802
f 1961/2620/1802 1915/2622/1803 1962/2632/1803
f 1963/2633/1804 1962/2632/1803 1915/2622/1803
f 1915/2622/1803 1964/2624/1804 1963/2633/1804
f 1936/2128/1359 1963/2633/1804 1964/2624/1804
f 1964/2624/1804 1905/2084/1359 1936/2128/1359
f 1952/2625/1823 1927/2117/1823 1926/2116/1406
f 1926/2116/1406 1950/2138/1406 1952/2625/1823
f 1954/2626/1824 1928/2118/1824 1927/2117/1823
f 1927/2117/1823 1952/2625/1823 1954/2626/1824
f 1955/2627/1825 1929/2119/1825 1928/2118/1824
f 1928/2118/1824 1954/2626/1824 1955/2627/1825
f 1956/2628/1826 1930/2120/1826 1929/2119/1825
f 1929/2119/1825 1955/2627/1825 1956/2628/1826
f 1958/2629/1827 1931/2121/1827 1930/2120/1826
f 1930/2120/1826 1956/2628/1826 1958/2629/1827
f 1959/2630/1828 1932/2122/1828 1931/2121/1827
f 1931/2121/1827 1958/2629/1827 1959/2630/1828
f 1960/2631/1829 1933/2123/1829 1932/2122/1828
f 1932/2122/1828 1959/2630/1828 1960/2631/1829
f 1962/2632/1830 1934/2124/1830 1933/2123/1829
f 1933/2123/1829 1960/2631/1829 1962/2632/1830
f 1963/2633/1831 1935/2125/1831 1934/2124/1830
f 1934/2124/1830 1962/2632/1830 1963/2633/1831
f 1936/2128/1397 1917/2126/1397 1935/2125/1831
f 1935/2125/1831 1963/2633/1831 1936/2128/1397
f 2179/2634/1832 2219/2231/1832 2218/2206/1437
f 2218/2206/1437 2178/2205/1437 2179/2634/1832
f 2180/2635/1833 2220/2232/1833 2219/2231/1832
f 2219/2231/1832 2179/2634/1832 2180/2635/1833
f 2181/2636/1834 2221/2233/1834 2220/2232/1833
f 2220/2232/1833 2180/2635/1833 2181/2636/1834
f 2182/2637/1835 2222/2234/1835 2221/2233/1834
f 2221/2233/1834 2181/2636/1834 2182/2637/1835
f 2183/2638/1836 2223/2236/1836 2222/2235/1835
f 2222/2235/1835 2182/2639/1835 2183/2638/1836
f 2184/2640/1837 2224/2237/1837 2223/2236/1836
f 2223/2236/1836 2183/2638/1836 2184/2640/1837
f 2185/2641/1838 2225/2238/1838 2224/2237/1837
f 2224/2237/1837 2184/2640/1837 2185/2641/1838
f 2186/2642/1839 2226/2239/1839 2225/2238/1838
f 2225/2238/1838 2185/2641/1838 2186/2642/1839
f 2187/2643/1840 2227/2240/1840 2226/2239/1839
f 2226/2239/1839 2186/2642/1839 2187/2643/1840
f 2188/2188/1428 2228/2187/1428 2227/2240/1840
f 2227/2240/1840 2187/2643/1840 2188/2188/1428
f 2209/2644/1760 2286/2645/1760 2284/2230/1277
f 2284/2230/1277 2208/2229/1277 2209/2644/1760
f 2210/2646/1759 2244/2647/1759 2286/2645/1760
f 2286/2645/1760 2209/2644/1760 2210/2646/1759
f 2211/2648/1758 2245/2649/1758 2244/2647/1759
f 2244/2647/1759 2210/2646/1759 2211/2648/1758
f 2212/2650/1757 2290/2651/1757 2245/2649/1758
f 2245/2649/1758 2211/2648/1758 2212/2650/1757
f 2213/2652/1756 2246/2653/1756 2290/2651/1757
f 2290/2651/1757 2212/2650/1757 2213/2652/1756
f 2214/2654/1755 2247/2655/1755 2246/2653/1756
f 2246/2653/1756 2213/2652/1756 2214/2654/1755
f 2215/2656/1754 2294/2657/1754 2247/2655/1755
f 2247/2655/1755 2214/2654/1755 2215/2656/1754
f 2216/2658/1753 2248/2659/1753 2294/2657/1754
f 2294/2657/1754 2215/2656/1754 2216/2658/1753
f 2217/2660/1752 2297/2661/1752 2248/2659/1753
f 2248/2659/1753 2216/2658/1753 2217/2660/1752
f 2198/2210/1289 2238/2209/1289 2297/2661/1752
f 2297/2661/1752 2217/2660/1752 2198/2210/1289
f 2209/2644/1841 2208/2229/1454 2228/2187/1454
f 2228/2187/1454 2229/2186/1841 2209/2644/1841
f 2210/2646/1842 2209/2644/1841 2229/2186/1841
f 2229/2186/1841 2230/2190/1842 2210/2646/1842
f 2211/2648/1843 2210/2646/1842 2230/2190/1842
f 2230/2190/1842 2231/2192/1843 2211/2648/1843
f 2212/2650/1844 2211/2648/1843 2231/2192/1843
f 2231/2192/1843 2232/2194/1844 2212/2650/1844
f 2213/2652/1845 2212/2650/1844 2232/2194/1844
f 2232/2194/1844 2233/2196/1845 2213/2652/1845
f 2214/2654/1846 2213/2652/1845 2233/2196/1845
f 2233/2196/1845 2234/2198/1846 2214/2654/1846
f 2215/2656/1847 2214/2654/1846 2234/2198/1846
f 2234/2198/1846 2235/2200/1847 2215/2656/1847
f 2216/2658/1848 2215/2656/1847 2235/2200/1847
f 2235/2200/1847 2236/2202/1848 2216/2658/1848
f 2217/2660/1849 2216/2658/1848 2236/2202/1848
f 2236/2202/1848 2237/2204/1849 2217/2660/1849
f 2198/2210/1445 2217/2660/1849 2237/2204/1849
f 2237/2204/1849 2218/2206/1445 2198/2210/1445
f 2250/2251/1465 2249/2264/1850 2319/1553/1850
f 2319/1553/1850 2318/1552/1465 2250/2251/1465
f 2249/2264/1850 2251/2265/1851 2320/1556/1851
f 2320/1556/1851 2319/1553/1850 2249/2264/1850
f 2251/2265/1851 2252/2266/1852 2321/1558/1852
f 2321/1558/1852 2320/1556/1851 2251/2265/1851
f 2252/2266/1852 2253/2267/1853 2322/1560/1853
f 2322/1560/1853 2321/1558/1852 2252/2266/1852
f 2253/2269/1853 2254/2268/1854 2323/1563/1854
f 2323/1563/1854 2322/1562/1853 2253/2269/1853
f 2254/2268/1854 2255/2270/1855 2324/1566/1855
f 2324/1566/1855 2323/1563/1854 2254/2268/1854
f 2255/2270/1855 2256/2271/1856 2325/1568/1856
f 2325/1568/1856 2324/1566/1855 2255/2270/1855
f 2256/2271/1856 2257/2272/1857 2326/1570/1857
f 2326/1570/1857 2325/1568/1856 2256/2271/1856
f 2257/2272/1857 2258/2273/1858 2327/1572/1858
f 2327/1572/1858 2326/1570/1857 2257/2272/1857
f 2258/2273/1858 2259/2241/1455 2328/1574/1455
f 2328/1574/1455 2327/1572/1858 2258/2273/1858
f 2285/2662/1760 2283/2263/1277 2284/2230/1277
f 2284/2230/1277 2286/2645/1760 2285/2662/1760
f 2287/2663/1759 2285/2662/1760 2286/2645/1760
f 2286/2645/1760 2244/2647/1759 2287/2663/1759
f 2288/2664/1758 2287/2663/1759 2244/2647/1759
f 2244/2647/1759 2245/2649/1758 2288/2664/1758
f 2289/2665/1757 2288/2664/1758 2245/2649/1758
f 2245/2649/1758 2290/2651/1757 2289/2665/1757
f 2291/2666/1756 2289/2665/1757 2290/2651/1757
f 2290/2651/1757 2246/2653/1756 2291/2666/1756
f 2292/2667/1755 2291/2666/1756 2246/2653/1756
f 2246/2653/1756 2247/2655/1755 2292/2667/1755
f 2293/2668/1754 2292/2667/1755 2247/2655/1755
f 2247/2655/1755 2294/2657/1754 2293/2668/1754
f 2295/2669/1753 2293/2668/1754 2294/2657/1754
f 2294/2657/1754 2248/2659/1753 2295/2669/1753
f 2296/2670/1752 2295/2669/1753 2248/2659/1753
f 2248/2659/1753 2297/2661/1752 2296/2670/1752
f 2269/2253/1289 2296/2670/1752 2297/2661/1752
f 2297/2661/1752 2238/2209/1289 2269/2253/1289
f 2285/2662/1859 2260/2242/1859 2259/2241/1478
f 2259/2241/1478 2283/2263/1478 2285/2662/1859
f 2287/2663/1860 2261/2243/1860 2260/2242/1859
f 2260/2242/1859 2285/2662/1859 2287/2663/1860
f 2288/2664/1861 2262/2244/1862 2261/2243/1860
f 2261/2243/1860 2287/2663/1860 2288/2664/1861
f 2289/2665/1863 2263/2245/1863 2262/2244/1862
f 2262/2244/1862 2288/2664/1861 2289/2665/1863
f 2291/2666/1864 2264/2246/1864 2263/2245/1863
f 2263/2245/1863 2289/2665/1863 2291/2666/1864
f 2292/2667/1865 2265/2247/1865 2264/2246/1864
f 2264/2246/1864 2291/2666/1864 2292/2667/1865
f 2293/2668/1866 2266/2248/1866 2265/2247/1865
f 2265/2247/1865 2292/2667/1865 2293/2668/1866
f 2295/2669/1867 2267/2249/1867 2266/2248/1866
f 2266/2248/1866 2293/2668/1866 2295/2669/1867
f 2296/2670/1868 2268/2250/1868 2267/2249/1867
f 2267/2249/1867 2295/2669/1867 2296/2670/1868
f 2269/2253/1469 2250/2251/1469 2268/2250/1868
f 2268/2250/1868 2296/2670/1868 2269/2253/1469
f 2512/2671/1869 2552/2356/1869 2551/2331/1510
f 2551/2331/1510 2511/2330/1510 2512/2671/1869
f 2513/2672/1870 2553/2357/1870 2552/2356/1869
f 2552/2356/1869 2512/2671/1869 2513/2672/1870
f 2514/2673/1871 2554/2358/1871 2553/2357/1870
f 2553/2357/1870 2513/2672/1870 2514/2673/1871
f 2515/2674/1872 2555/2359/1872 2554/2358/1871
f 2554/2358/1871 2514/2673/1871 2515/2674/1872
f 2516/2675/1873 2556/2361/1873 2555/2360/1872
f 2555/2360/1872 2515/2676/1872 2516/2675/1873
f 2517/2677/1874 2557/2362/1874 2556/2361/1873
f 2556/2361/1873 2516/2675/1873 2517/2677/1874
f 2518/2678/1875 2558/2363/1875 2557/2362/1874
f 2557/2362/1874 2517/2677/1874 2518/2678/1875
f 2519/2679/1876 2559/2364/1876 2558/2363/1875
f 2558/2363/1875 2518/2678/1875 2519/2679/1876
f 2520/2680/1877 2560/2365/1877 2559/2364/1876
f 2559/2364/1876 2519/2679/1876 2520/2680/1877
f 2521/2313/1501 2561/2312/1501 2560/2365/1877
f 2560/2365/1877 2520/2680/1877 2521/2313/1501
f 2542/2681/1804 2619/2682/1804 2617/2355/1359
f 2617/2355/1359 2541/2354/1359 2542/2681/1804
f 2543/2683/1803 2577/2684/1803 2619/2682/1804
f 2619/2682/1804 2542/2681/1804 2543/2683/1803
f 2544/2685/1802 2578/2686/1802 2577/2684/1803
f 2577/2684/1803 2543/2683/1803 2544/2685/1802
f 2545/2687/1801 2623/2688/1801 2578/2686/1802
f 2578/2686/1802 2544/2685/1802 2545/2687/1801
f 2546/2689/1756 2579/2690/1756 2623/2688/1801
f 2623/2688/1801 2545/2687/1801 2546/2689/1756
f 2547/2691/1800 2580/2692/1800 2579/2690/1756
f 2579/2690/1756 2546/2689/1756 2547/2691/1800
f 2548/2693/1799 2627/2694/1799 2580/2692/1800
f 2580/2692/1800 2547/2691/1800 2548/2693/1799
f 2549/2695/1798 2581/2696/1798 2627/2694/1799
f 2627/2694/1799 2548/2693/1799 2549/2695/1798
f 2550/2697/1797 2630/2698/1797 2581/2696/1798
f 2581/2696/1798 2549/2695/1798 2550/2697/1797
f 2531/2335/1371 2571/2334/1371 2630/2698/1797
f 2630/2698/1797 2550/2697/1797 2531/2335/1371
f 2542/2681/1878 2541/2354/1527 2561/2312/1527
f 2561/2312/1527 2562/2311/1878 2542/2681/1878
f 2543/2683/1879 2542/2681/1878 2562/2311/1878
f 2562/2311/1878 2563/2315/1879 2543/2683/1879
f 2544/2685/1880 2543/2683/1879 2563/2315/1879
f 2563/2315/1879 2564/2317/1880 2544/2685/1880
f 2545/2687/1881 2544/2685/1880 2564/2317/1880
f 2564/2317/1880 2565/2319/1881 2545/2687/1881
f 2546/2689/1882 2545/2687/1881 2565/2319/1881
f 2565/2319/1881 2566/2321/1882 2546/2689/1882
f 2547/2691/1883 2546/2689/1882 2566/2321/1882
f 2566/2321/1882 2567/2323/1883 2547/2691/1883
f 2548/2693/1884 2547/2691/1883 2567/2323/1883
f 2567/2323/1883 2568/2325/1884 2548/2693/1884
f 2549/2695/1885 2548/2693/1884 2568/2325/1884
f 2568/2325/1884 2569/2327/1885 2549/2695/1885
f 2550/2697/1886 2549/2695/1885 2569/2327/1885
f 2569/2327/1885 2570/2329/1886 2550/2697/1886
f 2531/2335/1518 2550/2697/1886 2570/2329/1886
f 2570/2329/1886 2551/2331/1518 2531/2335/1518
f 2583/2376/1538 2582/2389/1887 2652/1611/1887
f 2652/1611/1887 2651/1610/1538 2583/2376/1538
f 2582/2389/1887 2584/2390/1888 2653/1614/1888
f 2653/1614/1888 2652/1611/1887 2582/2389/1887
f 2584/2390/1888 2585/2391/1889 2654/1616/1889
f 2654/1616/1889 2653/1614/1888 2584/2390/1888
f 2585/2391/1889 2586/2392/1890 2655/1618/1890
f 2655/1618/1890 2654/1616/1889 2585/2391/1889
f 2586/2394/1890 2587/2393/1891 2656/1621/1891
f 2656/1621/1891 2655/1620/1890 2586/2394/1890
f 2587/2393/1891 2588/2395/1892 2657/1624/1892
f 2657/1624/1892 2656/1621/1891 2587/2393/1891
f 2588/2395/1892 2589/2396/1893 2658/1626/1893
f 2658/1626/1893 2657/1624/1892 2588/2395/1892
f 2589/2396/1893 2590/2397/1894 2659/1628/1894
f 2659/1628/1894 2658/1626/1893 2589/2396/1893
f 2590/2397/1894 2591/2398/1895 2660/1630/1895
f 2660/1630/1895 2659/1628/1894 2590/2397/1894
f 2591/2398/1895 2592/2366/1528 2661/1632/1528
f 2661/1632/1528 2660/1630/1895 2591/2398/1895
f 2618/2699/1804 2616/2388/1359 2617/2355/1359
f 2617/2355/1359 2619/2682/1804 2618/2699/1804
f 2620/2700/1803 2618/2699/1804 2619/2682/1804
f 2619/2682/1804 2577/2684/1803 2620/2700/1803
f 2621/2701/1802 2620/2700/1803 2577/2684/1803
f 2577/2684/1803 2578/2686/1802 2621/2701/1802
f 2622/2702/1801 2621/2701/1802 2578/2686/1802
f 2578/2686/1802 2623/2688/1801 2622/2702/1801
f 2624/2703/1756 2622/2702/1801 2623/2688/1801
f 2623/2688/1801 2579/2690/1756 2624/2703/1756
f 2625/2704/1800 2624/2703/1756 2579/2690/1756
f 2579/2690/1756 2580/2692/1800 2625/2704/1800
f 2626/2705/1799 2625/2704/1800 2580/2692/1800
f 2580/2692/1800 2627/2694/1799 2626/2705/1799
f 2628/2706/1798 2626/2705/1799 2627/2694/1799
f 2627/2694/1799 2581/2696/1798 2628/2706/1798
f 2629/2707/1797 2628/2706/1798 2581/2696/1798
f 2581/2696/1798 2630/2698/1797 2629/2707/1797
f 2602/2378/1371 2629/2707/1797 2630/2698/1797
f 2630/2698/1797 2571/2334/1371 2602/2378/1371
f 2618/2699/1896 2593/2367/1896 2592/2366/1551
f 2592/2366/1551 2616/2388/1551 2618/2699/1896
f 2620/2700/1897 2594/2368/1897 2593/2367/1896
f 2593/2367/1896 2618/2699/1896 2620/2700/1897
f 2621/2701/1898 2595/2369/1898 2594/2368/1897
f 2594/2368/1897 2620/2700/1897 2621/2701/1898
f 2622/2702/1899 2596/2370/1899 2595/2369/1898
f 2595/2369/1898 2621/2701/1898 2622/2702/1899
f 2624/2703/1900 2597/2371/1900 2596/2370/1899
f 2596/2370/1899 2622/2702/1899 2624/2703/1900
f 2625/2704/1901 2598/2372/1901 2597/2371/1900
f 2597/2371/1900 2624/2703/1900 2625/2704/1901
f 2626/2705/1902 2599/2373/1902 2598/2372/1901
f 2598/2372/1901 2625/2704/1901 2626/2705/1902
f 2628/2706/1903 2600/2374/1903 2599/2373/1902
f 2599/2373/1902 2626/2705/1902 2628/2706/1903
f 2629/2707/1904 2601/2375/1904 2600/2374/1903
f 2600/2374/1903 2628/2706/1903 2629/2707/1904
f 2602/2378/1542 2583/2376/1542 2601/2375/1904
f 2601/2375/1904 2629/2707/1904 2602/2378/1542
usemtl Material_#8
s off
f 775/2708/1905 760/2709/1905 750/2710/1905
f 750/2710/1905 757/2711/1905 775/2708/1905
f 776/2712/1905 778/2713/1905 770/2714/1905
f 770/2714/1906 767/2715/1906 776/2712/1906
f 750/2710/1905 760/2709/1905 789/2716/1905
f 789/2716/1905 788/2717/1905 750/2710/1905
f 760/2709/1906 753/2718/1906 791/2719/1906
f 791/2719/1905 789/2716/1905 760/2709/1905
f 754/2720/1905 780/2721/1905 791/2719/1905
f 791/2719/1905 753/2718/1905 754/2720/1905
f 780/2722/1907 754/2723/1907 755/2724/1907
f 755/2724/1908 783/2725/1908 780/2722/1908
f 757/2711/1905 770/2714/1905 778/2713/1905
f 778/2713/1905 775/2708/1905 757/2711/1905
f 1245/2726/1905 1230/2727/1905 1224/2728/1905
f 1224/2728/1905 1231/2729/1905 1245/2726/1905
f 1249/2730/1906 1239/2731/1906 1240/2732/1906
f 1240/2732/1905 1251/2733/1905 1249/2730/1905
f 1224/2728/1905 1261/2734/1905 1260/2735/1905
f 1260/2735/1905 1231/2729/1905 1224/2728/1905
f 1231/2729/1905 1260/2735/1905 1263/2736/1905
f 1263/2736/1905 1225/2737/1905 1231/2729/1905
f 1228/2738/1905 1225/2737/1905 1263/2736/1905
f 1263/2736/1905 1252/2739/1905 1228/2738/1905
f 1252/2740/1909 1253/2741/1909 1227/2742/1909
f 1227/2742/1910 1228/2743/1910 1252/2740/1910
f 1230/2727/1906 1245/2726/1906 1251/2733/1906
f 1251/2733/1905 1240/2732/1905 1230/2727/1905
f 1483/691/1911 1476/240/1911 1487/243/1911
f 1487/243/1912 1486/672/1912 1483/691/1912
f 1503/699/1913 1511/683/1913 1508/245/1913
f 1508/245/1914 1501/244/1914 1503/699/1914
f 1672/2744/1915 1633/2745/1915 1747/2746/1915
f 1747/2746/1915 1748/2747/1915 1672/2744/1915
f 1674/2748/1916 1750/2749/1916 1749/2750/1916
f 1749/2750/1916 1634/2751/1916 1674/2748/1916
f 1677/2752/1917 1637/2753/1917 1751/2754/1917
f 1751/2754/1917 1752/2755/1917 1677/2752/1917
f 1678/2756/1918 1754/2757/1918 1753/2758/1918
f 1753/2758/1918 1638/2759/1918 1678/2756/1918
f 1681/2760/1919 1641/2761/1919 1755/2762/1919
f 1755/2762/1919 1756/2763/1919 1681/2760/1919
f 1682/2764/1920 1758/2765/1920 1757/2766/1920
f 1757/2766/1920 1642/2767/1920 1682/2764/1920
f 1685/2768/1921 1645/2769/1921 1759/2770/1921
f 1759/2770/1921 1760/2771/1921 1685/2768/1921
f 1686/2772/1922 1762/2773/1922 1761/2774/1922
f 1761/2774/1922 1646/2775/1922 1686/2772/1922
f 1689/2776/1923 1649/2777/1923 1763/2778/1923
f 1763/2778/1923 1764/2779/1923 1689/2776/1923
f 1690/2780/1924 1766/2781/1924 1765/2782/1924
f 1765/2782/1924 1650/2783/1924 1690/2780/1924
f 1700/2784/1925 1692/2785/1925 1703/2786/1925
f 1703/2786/1925 1702/2787/1925 1700/2784/1925
f 1692/2785/1926 1694/2788/1926 1704/2789/1926
f 1704/2789/1926 1703/2786/1926 1692/2785/1926
f 1694/2788/1927 1697/2790/1927 1705/2791/1927
f 1705/2791/1927 1704/2789/1927 1694/2788/1927
f 1697/2790/1928 1699/2792/1928 1706/2793/1928
f 1706/2793/1928 1705/2791/1928 1697/2790/1928
f 1699/2792/1929 1700/2784/1929 1702/2787/1929
f 1702/2787/1929 1706/2793/1929 1699/2792/1929
f 1700/2794/1930 1701/2795/1930 1748/2747/1930
f 1748/2747/1931 1747/2746/1931 1700/2794/1931
f 1750/2749/1932 1693/2796/1932 1692/2797/1932
f 1692/2797/1933 1749/2750/1933 1750/2749/1933
f 1692/2798/1934 1693/2799/1934 1752/2755/1934
f 1752/2755/1935 1751/2754/1935 1692/2798/1935
f 1754/2757/1936 1695/2800/1936 1694/2801/1936
f 1694/2801/1937 1753/2758/1937 1754/2757/1937
f 1694/2802/1938 1695/2803/1938 1756/2763/1938
f 1756/2763/1939 1755/2762/1939 1694/2802/1939
f 1758/2765/1940 1696/2804/1940 1697/2805/1940
f 1697/2805/1941 1757/2766/1941 1758/2765/1941
f 1697/2806/1942 1696/2807/1942 1760/2771/1942
f 1760/2771/1943 1759/2770/1943 1697/2806/1943
f 1762/2773/1944 1698/2808/1944 1699/2809/1944
f 1699/2809/1945 1761/2774/1945 1762/2773/1945
f 1699/2810/1946 1698/2811/1946 1764/2779/1946
f 1764/2779/1947 1763/2778/1947 1699/2810/1947
f 1766/2781/1948 1701/2812/1948 1700/2813/1948
f 1700/2813/1949 1765/2782/1949 1766/2781/1949
f 1767/2814/1950 1768/2815/1950 1773/2816/1950
f 1773/2816/1950 1772/2817/1950 1767/2814/1950
f 1768/2815/1951 1769/2818/1951 1774/2819/1951
f 1774/2819/1951 1773/2816/1951 1768/2815/1951
f 1769/2818/1952 1770/2820/1952 1775/2821/1952
f 1775/2821/1952 1774/2819/1952 1769/2818/1952
f 1770/2820/1953 1771/2822/1953 1776/2823/1953
f 1776/2823/1954 1775/2821/1954 1770/2820/1954
f 1771/2822/1955 1767/2814/1955 1772/2817/1955
f 1772/2817/1955 1776/2823/1955 1771/2822/1955
f 2005/2824/1956 1966/2825/1956 2080/2826/1956
f 2080/2826/1956 2081/2827/1956 2005/2824/1956
f 2007/2828/1957 2083/2829/1957 2082/2830/1957
f 2082/2830/1957 1967/2831/1957 2007/2828/1957
f 2010/2832/1958 1970/2833/1958 2084/2834/1958
f 2084/2834/1958 2085/2835/1958 2010/2832/1958
f 2011/2836/1959 2087/2837/1959 2086/2838/1959
f 2086/2838/1959 1971/2839/1959 2011/2836/1959
f 2014/2840/1960 1974/2841/1960 2088/2842/1960
f 2088/2842/1960 2089/2843/1960 2014/2840/1960
f 2015/2844/1961 2091/2845/1961 2090/2846/1961
f 2090/2846/1961 1975/2847/1961 2015/2844/1961
f 2018/2848/1962 1978/2849/1962 2092/2850/1962
f 2092/2850/1963 2093/2851/1963 2018/2848/1963
f 2019/2852/1964 2095/2853/1964 2094/2854/1964
f 2094/2854/1964 1979/2855/1964 2019/2852/1964
f 2022/2856/1965 1982/2857/1965 2096/2858/1965
f 2096/2858/1965 2097/2859/1965 2022/2856/1965
f 2023/2860/1966 2099/2861/1966 2098/2862/1966
f 2098/2862/1966 1983/2863/1966 2023/2860/1966
f 2033/2864/1967 2025/2865/1967 2036/2866/1967
f 2036/2866/1967 2035/2867/1967 2033/2864/1967
f 2025/2865/1968 2027/2868/1968 2037/2869/1968
f 2037/2869/1968 2036/2866/1968 2025/2865/1968
f 2027/2868/1969 2030/2870/1969 2038/2871/1969
f 2038/2871/1969 2037/2869/1969 2027/2868/1969
f 2030/2870/1970 2032/2872/1970 2039/2873/1970
f 2039/2873/1970 2038/2871/1970 2030/2870/1970
f 2032/2872/1971 2033/2864/1971 2035/2867/1971
f 2035/2867/1971 2039/2873/1971 2032/2872/1971
f 2033/2874/1972 2034/2875/1972 2081/2827/1972
f 2081/2827/1973 2080/2826/1973 2033/2874/1973
f 2083/2829/1147 2026/2876/1147 2025/2877/1147
f 2025/2877/1974 2082/2830/1974 2083/2829/1974
f 2025/2878/1975 2026/2879/1975 2085/2835/1975
f 2085/2835/1976 2084/2834/1976 2025/2878/1976
f 2087/2837/1977 2028/2880/1977 2027/2881/1977
f 2027/2881/1978 2086/2838/1978 2087/2837/1978
f 2027/2882/1979 2028/2883/1979 2089/2843/1979
f 2089/2843/1980 2088/2842/1980 2027/2882/1980
f 2091/2845/1981 2029/2884/1981 2030/2885/1981
f 2030/2885/1982 2090/2846/1982 2091/2845/1982
f 2030/2886/1983 2029/2887/1983 2093/2851/1983
f 2093/2851/1984 2092/2850/1984 2030/2886/1984
f 2095/2853/1985 2031/2888/1985 2032/2889/1985
f 2032/2889/1986 2094/2854/1986 2095/2853/1986
f 2032/2890/1987 2031/2891/1987 2097/2859/1987
f 2097/2859/1988 2096/2858/1988 2032/2890/1988
f 2099/2861/1989 2034/2892/1989 2033/2893/1989
f 2033/2893/1990 2098/2862/1990 2099/2861/1990
f 2100/2894/1991 2101/2895/1991 2106/2896/1991
f 2106/2896/1991 2105/2897/1991 2100/2894/1991
f 2101/2895/1992 2102/2898/1992 2107/2899/1992
f 2107/2899/1992 2106/2896/1992 2101/2895/1992
f 2102/2898/1993 2103/2900/1993 2108/2901/1993
f 2108/2901/1993 2107/2899/1993 2102/2898/1993
f 2103/2900/1994 2104/2902/1994 2109/2903/1994
f 2109/2903/1994 2108/2901/1994 2103/2900/1994
f 2104/2902/1995 2100/2894/1995 2105/2897/1995
f 2105/2897/1995 2109/2903/1995 2104/2902/1995
f 2338/2904/1996 2299/2905/1996 2413/2906/1996
f 2413/2906/1996 2414/2907/1996 2338/2904/1996
f 2340/2908/1997 2416/2909/1997 2415/2910/1997
f 2415/2910/1997 2300/2911/1997 2340/2908/1997
f 2343/2912/1998 2303/2913/1998 2417/2914/1998
f 2417/2914/1998 2418/2915/1998 2343/2912/1998
f 2344/2916/1999 2420/2917/1999 2419/2918/1999
f 2419/2918/1999 2304/2919/1999 2344/2916/1999
f 2347/2920/2000 2307/2921/2000 2421/2922/2000
f 2421/2922/2000 2422/2923/2000 2347/2920/2000
f 2348/2924/2001 2424/2925/2001 2423/2926/2001
f 2423/2926/2001 2308/2927/2001 2348/2924/2001
f 2351/2928/2002 2311/2929/2002 2425/2930/2002
f 2425/2930/2002 2426/2931/2002 2351/2928/2002
f 2352/2932/2003 2428/2933/2003 2427/2934/2003
f 2427/2934/2003 2312/2935/2003 2352/2932/2003
f 2355/2936/2004 2315/2937/2004 2429/2938/2004
f 2429/2938/2004 2430/2939/2004 2355/2936/2004
f 2356/2940/2005 2432/2941/2005 2431/2942/2005
f 2431/2942/2005 2316/2943/2005 2356/2940/2005
f 2366/2944/2006 2358/2945/2006 2369/2946/2006
f 2369/2946/2007 2368/2947/2007 2366/2944/2007
f 2358/2945/2008 2360/2948/2008 2370/2949/2008
f 2370/2949/2008 2369/2946/2008 2358/2945/2008
f 2360/2948/2009 2363/2950/2009 2371/2951/2009
f 2371/2951/2009 2370/2949/2009 2360/2948/2009
f 2363/2950/2010 2365/2952/2010 2372/2953/2010
f 2372/2953/2010 2371/2951/2010 2363/2950/2010
f 2365/2952/2011 2366/2944/2011 2368/2947/2011
f 2368/2947/2011 2372/2953/2011 2365/2952/2011
f 2366/2954/2012 2367/2955/2012 2414/2907/2012
f 2414/2907/2013 2413/2906/2013 2366/2954/2013
f 2416/2909/2014 2359/2956/2014 2358/2957/2014
f 2358/2957/2015 2415/2910/2015 2416/2909/2015
f 2358/2958/2016 2359/2959/2016 2418/2915/2016
f 2418/2915/2017 2417/2914/2017 2358/2958/2017
f 2420/2917/2018 2361/2960/2018 2360/2961/2018
f 2360/2961/2019 2419/2918/2019 2420/2917/2019
f 2360/2962/2020 2361/2963/2020 2422/2923/2020
f 2422/2923/2021 2421/2922/2021 2360/2962/2021
f 2424/2925/2022 2362/2964/2022 2363/2965/2022
f 2363/2965/2023 2423/2926/2023 2424/2925/2023
f 2363/2966/2024 2362/2967/2024 2426/2931/2024
f 2426/2931/2025 2425/2930/2025 2363/2966/2025
f 2428/2933/2026 2364/2968/2026 2365/2969/2026
f 2365/2969/2027 2427/2934/2027 2428/2933/2027
f 2365/2970/2028 2364/2971/2028 2430/2939/2028
f 2430/2939/2029 2429/2938/2029 2365/2970/2029
f 2432/2941/2030 2367/2972/2030 2366/2973/2030
f 2366/2973/2031 2431/2942/2031 2432/2941/2031
f 2433/2974/2032 2434/2975/2032 2439/2976/2032
f 2439/2976/2032 2438/2977/2032 2433/2974/2032
f 2434/2975/2033 2435/2978/2033 2440/2979/2033
f 2440/2979/2033 2439/2976/2033 2434/2975/2033
f 2435/2978/2034 2436/2980/2034 2441/2981/2034
f 2441/2981/2034 2440/2979/2034 2435/2978/2034
f 2436/2980/2035 2437/2982/2035 2442/2983/2035
f 2442/2983/2036 2441/2981/2036 2436/2980/2036
f 2437/2982/2037 2433/2974/2037 2438/2977/2037
f 2438/2977/2037 2442/2983/2037 2437/2982/2037
f 2671/2984/2038 2632/2985/2038 2746/2986/2038
f 2746/2986/2038 2747/2987/2038 2671/2984/2038
f 2673/2988/2039 2749/2989/2039 2748/2990/2039
f 2748/2990/2039 2633/2991/2039 2673/2988/2039
f 2676/2992/2040 2636/2993/2040 2750/2994/2040
f 2750/2994/2040 2751/2995/2040 2676/2992/2040
f 2677/2996/2041 2753/2997/2041 2752/2998/2041
f 2752/2998/2041 2637/2999/2041 2677/2996/2041
f 2680/3000/2042 2640/3001/2042 2754/3002/2042
f 2754/3002/2042 2755/3003/2042 2680/3000/2042
f 2681/3004/2043 2757/3005/2043 2756/3006/2043
f 2756/3006/2043 2641/3007/2043 2681/3004/2043
f 2684/3008/2044 2644/3009/2044 2758/3010/2044
f 2758/3010/2044 2759/3011/2044 2684/3008/2044
f 2685/3012/2045 2761/3013/2045 2760/3014/2045
f 2760/3014/2045 2645/3015/2045 2685/3012/2045
f 2688/3016/2046 2648/3017/2046 2762/3018/2046
f 2762/3018/2046 2763/3019/2046 2688/3016/2046
f 2689/3020/2047 2765/3021/2047 2764/3022/2047
f 2764/3022/2047 2649/3023/2047 2689/3020/2047
f 2699/3024/2048 2691/3025/2048 2702/3026/2048
f 2702/3026/2048 2701/3027/2048 2699/3024/2048
f 2691/3025/2049 2693/3028/2049 2703/3029/2049
f 2703/3029/2049 2702/3026/2049 2691/3025/2049
f 2693/3028/2050 2696/3030/2050 2704/3031/2050
f 2704/3031/2050 2703/3029/2050 2693/3028/2050
f 2696/3030/2051 2698/3032/2051 2705/3033/2051
f 2705/3033/2051 2704/3031/2051 2696/3030/2051
f 2698/3032/2052 2699/3024/2052 2701/3027/2052
f 2701/3027/2052 2705/3033/2052 2698/3032/2052
f 2699/3034/2053 2700/3035/2053 2747/2987/2053
f 2747/2987/2054 2746/2986/2054 2699/3034/2054
f 2749/2989/2055 2692/3036/2055 2691/3037/2055
f 2691/3037/2056 2748/2990/2056 2749/2989/2056
f 2691/3038/2057 2692/3039/2057 2751/2995/2057
f 2751/2995/2058 2750/2994/2058 2691/3038/2058
f 2753/2997/2059 2694/3040/2059 2693/3041/2059
f 2693/3041/2060 2752/2998/2060 2753/2997/2060
f 2693/3042/2061 2694/3043/2061 2755/3003/2061
f 2755/3003/2062 2754/3002/2062 2693/3042/2062
f 2757/3005/2063 2695/3044/2063 2696/3045/2063
f 2696/3045/2064 2756/3006/2064 2757/3005/2064
f 2696/3046/2065 2695/3047/2065 2759/3011/2065
f 2759/3011/2066 2758/3010/2066 2696/3046/2066
f 2761/3013/2067 2697/3048/2067 2698/3049/2067
f 2698/3049/2068 2760/3014/2068 2761/3013/2068
f 2698/3050/2069 2697/3051/2069 2763/3019/2069
f 2763/3019/2070 2762/3018/2070 2698/3050/2070
f 2765/3021/2071 2700/3052/2071 2699/3053/2071
f 2699/3053/2072 2764/3022/2072 2765/3021/2072
f 2766/3054/2073 2767/3055/2073 2772/3056/2073
f 2772/3056/2073 2771/3057/2073 2766/3054/2073
f 2767/3055/2074 2768/3058/2074 2773/3059/2074
f 2773/3059/2074 2772/3056/2074 2767/3055/2074
f 2768/3058/2075 2769/3060/2075 2774/3061/2075
f 2774/3061/2075 2773/3059/2075 2768/3058/2075
f 2769/3060/2076 2770/3062/2076 2775/3063/2076
f 2775/3063/2076 2774/3061/2076 2769/3060/2076
f 2770/3062/2077 2766/3054/2077 2771/3057/2077
f 2771/3057/2077 2775/3063/2077 2770/3062/2077
s 1
f 295/3064/973 297/3065/973 301/3066/974
f 301/3066/974 303/3067/974 295/3064/973
f 289/3068/624 290/3069/624 292/3070/624
f 292/3070/624 291/3071/624 289/3068/624
f 300/3072/975 290/3073/631 289/3074/631
f 289/3074/631 304/3075/975 300/3072/975
f 294/3076/976 291/3077/621 292/3078/621
f 292/3078/621 298/3079/976 294/3076/976
f 297/3065/973 295/3064/973 293/3080/977
f 293/3080/977 296/3081/977 297/3065/973
f 303/3067/974 301/3066/974 299/3082/978
f 299/3082/978 302/3083/978 303/3067/974
f 300/3072/975 304/3075/975 302/3084/979
f 302/3084/979 299/3085/979 300/3072/975
f 294/3076/976 298/3079/976 296/3086/980
f 296/3086/980 293/3087/980 294/3076/976
f 305/3088/631 306/3089/2078 314/3090/2078
f 314/3090/2078 313/3091/631 305/3088/631
f 306/3089/2078 307/3092/628 315/3093/628
f 315/3093/628 314/3090/2078 306/3089/2078
f 307/3092/628 308/3094/2079 316/3095/2079
f 316/3095/2079 315/3093/628 307/3092/628
f 308/3094/2079 309/3096/621 317/3097/621
f 317/3097/621 316/3095/2079 308/3094/2079
f 309/3096/621 310/3098/2080 318/3099/2080
f 318/3099/2080 317/3097/621 309/3096/621
f 310/3098/2080 311/3100/624 319/3101/624
f 319/3101/624 318/3099/2080 310/3098/2080
f 311/3100/624 312/3102/2081 320/3103/2081
f 320/3103/2081 319/3101/624 311/3100/624
f 312/3102/2081 305/3088/631 313/3091/631
f 313/3091/631 320/3103/2081 312/3102/2081
f 329/3104/621 332/3105/621 331/3106/2079
f 331/3106/2079 330/3107/2079 329/3104/621
f 330/3107/2079 331/3106/2079 334/3108/628
f 334/3108/628 333/3109/628 330/3107/2079
f 333/3109/628 334/3108/628 336/3110/2078
f 336/3110/2078 335/3111/2078 333/3109/628
f 335/3111/2078 336/3110/2078 338/3112/631
f 338/3112/631 337/3113/631 335/3111/2078
f 337/3113/631 338/3112/631 340/3114/2081
f 340/3114/2081 339/3115/2081 337/3113/631
f 339/3115/2081 340/3114/2081 342/3116/624
f 342/3116/624 341/3117/624 339/3115/2081
f 341/3117/624 342/3116/624 344/3118/2080
f 344/3118/2080 343/3119/2080 341/3117/624
f 343/3119/2080 344/3118/2080 332/3105/621
f 332/3105/621 329/3104/621 343/3119/2080
f 507/86/2082 508/101/2083 577/3120/2084
f 577/3120/2084 578/3121/2085 507/86/2082
f 371/83/2086 370/3122/2087 577/3120/2088
f 577/3120/2088 508/84/2089 371/83/2086
f 581/1851/2090 567/403/2091 608/3123/2092
f 608/3123/2092 607/1871/2093 581/1851/2090
f 567/403/2091 507/86/2082 578/3121/2085
f 578/3121/2085 608/3123/2092 567/403/2091
f 520/3124/2094 592/3125/2095 646/3126/2096
f 647/3127/2097 646/3126/2096 592/3125/2095
f 592/3125/2095 659/3128/2098 647/3127/2097
f 648/3129/2099 649/3130/2100 661/3131/2101
f 661/3131/2101 660/3132/2102 648/3129/2099
f 652/3133/2103 648/3129/2099 660/3132/2102
f 660/3132/2102 662/3134/2104 652/3133/2103
f 657/3135/2105 402/3136/2106 403/3137/2107
f 594/3138/2108 668/1857/2109 663/1858/2110
f 663/1858/2110 593/3139/2111 594/3138/2108
f 593/3139/2112 663/1858/2113 664/1855/2114
f 664/1855/2114 600/3140/2115 593/3139/2112
f 600/3140/2115 664/1855/2114 665/1854/2116
f 665/1854/2116 599/3141/2117 600/3140/2115
f 599/3141/2118 665/1854/2119 666/1853/2120
f 666/1853/2120 597/3142/2121 599/3141/2118
f 597/3142/2122 666/1853/2123 667/1856/2124
f 667/1856/2124 595/3143/2125 597/3142/2122
f 595/3143/2125 667/1856/2124 668/1857/2126
f 668/1857/2126 594/3138/2127 595/3143/2125
f 1069/3144/2128 357/1888/2129 669/1885/2130
f 669/1885/2130 604/3145/2131 1069/3144/2128
f 604/3145/2131 669/1885/2130 670/1884/2132
f 670/1884/2132 603/3146/2133 604/3145/2131
f 603/3146/2134 670/1884/2135 671/1883/2136
f 671/1883/2136 602/3147/2137 603/3146/2134
f 602/3147/2138 671/1883/2139 672/1886/2140
f 672/1886/2140 601/442/2141 602/3147/2138
f 601/442/2141 672/1886/2140 1141/1887/2142
f 1141/1887/2142 353/366/2143 601/442/2141
f 654/3148/2144 652/3133/2145 662/3134/2146
f 662/3134/2146 591/3149/2147 654/3148/2144
f 591/3149/2148 673/1859/1104 674/1862/1107
f 674/1862/1107 590/3150/2149 591/3149/2148
f 590/3150/2149 674/1862/1107 677/1864/1109
f 677/1864/1109 659/3128/2150 590/3150/2149
f 659/3128/2098 677/1864/2151 678/1863/2152
f 678/1863/2152 661/3131/2153 659/3128/2098
f 661/3131/2101 678/1863/2154 675/1861/2155
f 675/1861/2155 660/3132/2102 661/3131/2101
f 660/3132/2102 675/1861/2155 676/1860/2156
f 676/1860/2156 662/3134/2104 660/3132/2102
f 662/3134/2146 676/1860/2157 673/1859/2158
f 673/1859/2158 591/3149/2147 662/3134/2146
f 647/3127/2097 659/3128/2098 661/3131/2153
f 661/3131/2153 649/3130/2159 647/3127/2097
f 654/3148/2144 591/3149/2147 402/3136/2106
f 402/3136/2106 657/3135/2105 654/3148/2144
f 1022/180/2160 1040/3151/2161 1038/3152/2162
f 1038/3152/2162 1072/195/2163 1022/180/2160
f 371/83/2086 1072/179/2164 1038/3152/2165
f 1038/3152/2165 370/3122/2087 371/83/2086
f 1042/1894/2166 1074/1910/2167 1073/3153/2168
f 1073/3153/2168 1021/617/2169 1042/1894/2166
f 1021/617/2169 1073/3153/2168 1040/3151/2161
f 1040/3151/2161 1022/180/2160 1021/617/2169
f 969/3154/2170 1114/3155/2171 1054/3156/2172
f 1115/3157/2173 1127/3158/2174 1054/3156/2172
f 1054/3156/2172 1114/3155/2171 1115/3157/2173
f 1117/3159/2175 1129/3160/2176 1128/3161/2177
f 1128/3161/2177 1116/3162/2178 1117/3159/2175
f 1118/3163/2179 1130/3164/2180 1129/3160/2176
f 1129/3160/2176 1117/3159/2175 1118/3163/2179
f 1124/3165/2181 850/3166/2182 851/3167/2183
f 1056/3168/2184 1057/3169/2185 1131/1901/2186
f 1131/1901/2186 1132/1900/2187 1056/3168/2184
f 1057/3169/2188 1062/3170/2189 1136/1896/2190
f 1136/1896/2190 1131/1901/2191 1057/3169/2188
f 1062/3170/2189 1063/3171/2192 1135/1897/2193
f 1135/1897/2193 1136/1896/2190 1062/3170/2189
f 1063/3171/2194 1061/3172/2195 1134/1898/2196
f 1134/1898/2196 1135/1897/2197 1063/3171/2194
f 1061/3172/2198 1059/3173/2199 1133/1899/2200
f 1133/1899/2200 1134/1898/2201 1061/3172/2198
f 1059/3173/2199 1056/3168/2202 1132/1900/2203
f 1132/1900/2203 1133/1899/2200 1059/3173/2199
f 1069/3144/2128 1067/3174/2204 1137/1923/2205
f 1137/1923/2205 357/1888/2129 1069/3144/2128
f 1067/3174/2204 1066/3175/2206 1138/1924/2207
f 1138/1924/2207 1137/1923/2205 1067/3174/2204
f 1066/3175/2208 1064/3176/2209 1139/1925/2210
f 1139/1925/2210 1138/1924/2211 1066/3175/2208
f 1064/3176/2212 1065/638/2213 1140/1926/2214
f 1140/1926/2214 1139/1925/2215 1064/3176/2212
f 1065/638/2213 353/366/2143 1141/1887/2142
f 1141/1887/2142 1140/1926/2214 1065/638/2213
f 1121/3177/2216 1052/3178/2217 1130/3164/2218
f 1130/3164/2218 1118/3163/2219 1121/3177/2216
f 1052/3178/2220 1053/3179/2221 1145/1903/1211
f 1145/1903/1211 1142/1902/1210 1052/3178/2220
f 1053/3179/2221 1127/3158/2222 1147/1906/1214
f 1147/1906/1214 1145/1903/1211 1053/3179/2221
f 1127/3158/2174 1128/3161/2223 1146/1907/2224
f 1146/1907/2224 1147/1906/2225 1127/3158/2174
f 1128/3161/2177 1129/3160/2176 1144/1904/2226
f 1144/1904/2226 1146/1907/2227 1128/3161/2177
f 1129/3160/2176 1130/3164/2180 1143/1905/2228
f 1143/1905/2228 1144/1904/2226 1129/3160/2176
f 1130/3164/2218 1052/3178/2217 1142/1902/2229
f 1142/1902/2229 1143/1905/2230 1130/3164/2218
f 1115/3157/2173 1116/3162/2231 1128/3161/2223
f 1128/3161/2223 1127/3158/2174 1115/3157/2173
f 1121/3177/2216 1124/3165/2181 851/3167/2183
f 851/3167/2183 1052/3178/2217 1121/3177/2216
f 1633/2745/2232 1672/2744/2232 1673/3180/1752
f 1673/3180/1752 1632/3181/1752 1633/2745/2232
f 1635/3182/1287 1675/3183/1287 1674/2748/2233
f 1674/2748/2233 1634/2751/2233 1635/3182/1287
f 1636/3184/1286 1676/3185/1286 1675/3183/1287
f 1675/3183/1287 1635/3182/1287 1636/3184/1286
f 1637/2753/2234 1677/2752/2234 1676/3185/1286
f 1676/3185/1286 1636/3184/1286 1637/2753/2234
f 1639/3186/1280 1679/3187/1280 1678/2756/2235
f 1678/2756/2235 1638/2759/2235 1639/3186/1280
f 1640/3188/1279 1680/3189/1279 1679/3187/1280
f 1679/3187/1280 1639/3186/1280 1640/3188/1279
f 1641/2761/2236 1681/2760/2236 1680/3189/1279
f 1680/3189/1279 1640/3188/1279 1641/2761/2236
f 1643/3190/1277 1683/3191/1277 1682/2764/2237
f 1682/2764/2237 1642/2767/2237 1643/3190/1277
f 1644/3192/1760 1684/3193/1760 1683/3191/1277
f 1683/3191/1277 1643/3190/1277 1644/3192/1760
f 1645/2769/2238 1685/2768/2238 1684/3193/1760
f 1684/3193/1760 1644/3192/1760 1645/2769/2238
f 1647/3194/1757 1687/3195/1757 1686/2772/2239
f 1686/2772/2239 1646/2775/2239 1647/3194/1757
f 1648/3196/1756 1688/3197/1756 1687/3195/1757
f 1687/3195/1757 1647/3194/1757 1648/3196/1756
f 1649/3198/2240 1689/3199/2240 1688/3197/1756
f 1688/3197/1756 1648/3196/1756 1649/3198/2240
f 1651/3200/1753 1691/3201/1753 1690/2780/2241
f 1690/2780/2241 1650/2783/2241 1651/3200/1753
f 1632/3181/1752 1673/3180/1752 1691/3201/1753
f 1691/3201/1753 1651/3200/1753 1632/3181/1752
f 1810/711/630 1809/710/630 1811/3202/630
f 1811/3202/630 1812/3203/630 1813/715/630
f 1813/715/630 1814/3204/630 1815/3205/630
f 1811/3202/630 1813/715/630 1815/3205/630
f 1810/711/630 1811/3202/630 1815/3205/630
f 1816/718/630 1810/711/630 1815/3205/630
f 1966/2825/2242 2005/2824/2242 2006/3206/1797
f 2006/3206/1797 1965/3207/1797 1966/2825/2242
f 1968/3208/1369 2008/3209/1369 2007/2828/2243
f 2007/2828/2243 1967/2831/2243 1968/3208/1369
f 1969/3210/1368 2009/3211/1368 2008/3209/1369
f 2008/3209/1369 1968/3208/1369 1969/3210/1368
f 1970/2833/2244 2010/2832/2244 2009/3211/1368
f 2009/3211/1368 1969/3210/1368 1970/2833/2244
f 1972/3212/1362 2012/3213/1362 2011/2836/2245
f 2011/2836/2245 1971/2839/2245 1972/3212/1362
f 1973/3214/1361 2013/3215/1361 2012/3213/1362
f 2012/3213/1362 1972/3212/1362 1973/3214/1361
f 1974/2841/2246 2014/2840/2246 2013/3215/1361
f 2013/3215/1361 1973/3214/1361 1974/2841/2246
f 1976/3216/1359 2016/3217/1359 2015/2844/2247
f 2015/2844/2247 1975/2847/2247 1976/3216/1359
f 1977/3218/1804 2017/3219/1804 2016/3217/1359
f 2016/3217/1359 1976/3216/1359 1977/3218/1804
f 1978/2849/2248 2018/2848/2248 2017/3219/1804
f 2017/3219/1804 1977/3218/1804 1978/2849/2248
f 1980/3220/1801 2020/3221/1801 2019/2852/2249
f 2019/2852/2249 1979/2855/2249 1980/3220/1801
f 1981/3222/1756 2021/3223/1756 2020/3221/1801
f 2020/3221/1801 1980/3220/1801 1981/3222/1756
f 1982/3224/2250 2022/3225/2250 2021/3223/1756
f 2021/3223/1756 1981/3222/1756 1982/3224/2250
f 1984/3226/1798 2024/3227/1798 2023/2860/2251
f 2023/2860/2251 1983/2863/2251 1984/3226/1798
f 1965/3207/1797 2006/3206/1797 2024/3227/1798
f 2024/3227/1798 1984/3226/1798 1965/3207/1797
f 2142/730/631 2143/729/631 2144/3228/631
f 2144/3228/631 2145/3229/631 2146/734/631
f 2146/734/631 2147/3230/631 2148/3231/631
f 2144/3228/631 2146/734/631 2148/3231/631
f 2142/730/631 2144/3228/631 2148/3231/631
f 2149/737/631 2142/730/631 2148/3231/631
f 2299/2905/2252 2338/2904/2252 2339/3232/1760
f 2339/3232/1760 2298/3233/1760 2299/2905/2252
f 2301/3234/1278 2341/3235/1278 2340/2908/2253
f 2340/2908/2253 2300/2911/2253 2301/3234/1278
f 2302/3236/1279 2342/3237/1279 2341/3235/1278
f 2341/3235/1278 2301/3234/1278 2302/3236/1279
f 2303/2913/2254 2343/2912/2254 2342/3237/1279
f 2342/3237/1279 2302/3236/1279 2303/2913/2254
f 2305/3238/1438 2345/3239/1438 2344/2916/2255
f 2344/2916/2255 2304/2919/2255 2305/3238/1438
f 2306/3240/1286 2346/3241/1286 2345/3239/1438
f 2345/3239/1438 2305/3238/1438 2306/3240/1286
f 2307/2921/2256 2347/2920/2256 2346/3241/1286
f 2346/3241/1286 2306/3240/1286 2307/2921/2256
f 2309/3242/1289 2349/3243/1289 2348/2924/2257
f 2348/2924/2257 2308/2927/2257 2309/3242/1289
f 2310/3244/1752 2350/3245/1752 2349/3243/1289
f 2349/3243/1289 2309/3242/1289 2310/3244/1752
f 2311/2929/2258 2351/2928/2258 2350/3245/1752
f 2350/3245/1752 2310/3244/1752 2311/2929/2258
f 2313/3246/1755 2353/3247/1755 2352/2932/2259
f 2352/2932/2259 2312/2935/2259 2313/3246/1755
f 2314/3248/1756 2354/3249/1756 2353/3247/1755
f 2353/3247/1755 2313/3246/1755 2314/3248/1756
f 2315/3250/2260 2355/3251/2260 2354/3249/1756
f 2354/3249/1756 2314/3248/1756 2315/3250/2260
f 2317/3252/1759 2357/3253/1759 2356/2940/2261
f 2356/2940/2261 2316/2943/2261 2317/3252/1759
f 2298/3233/1760 2339/3232/1760 2357/3253/1759
f 2357/3253/1759 2317/3252/1759 2298/3233/1760
f 2481/3254/612 2480/3255/612 2479/753/612
f 2479/753/612 2478/3256/612 2477/3257/612
f 2481/3254/612 2479/753/612 2477/3257/612
f 2477/3257/612 2476/748/612 2475/747/612
f 2481/3254/612 2477/3257/612 2475/747/612
f 2482/756/612 2481/3254/612 2475/747/612
f 2632/2985/2262 2671/2984/2262 2672/3258/1804
f 2672/3258/1804 2631/3259/1804 2632/2985/2262
f 2634/3260/1360 2674/3261/1360 2673/2988/2263
f 2673/2988/2263 2633/2991/2263 2634/3260/1360
f 2635/3262/1361 2675/3263/1361 2674/3261/1360
f 2674/3261/1360 2634/3260/1360 2635/3262/1361
f 2636/2993/2264 2676/2992/2264 2675/3263/1361
f 2675/3263/1361 2635/3262/1361 2636/2993/2264
f 2638/3264/1511 2678/3265/1511 2677/2996/2265
f 2677/2996/2265 2637/2999/2265 2638/3264/1511
f 2639/3266/1368 2679/3267/1368 2678/3265/1511
f 2678/3265/1511 2638/3264/1511 2639/3266/1368
f 2640/3001/2266 2680/3000/2266 2679/3267/1368
f 2679/3267/1368 2639/3266/1368 2640/3001/2266
f 2642/3268/1371 2682/3269/1371 2681/3004/2267
f 2681/3004/2267 2641/3007/2267 2642/3268/1371
f 2643/3270/1797 2683/3271/1797 2682/3269/1371
f 2682/3269/1371 2642/3268/1371 2643/3270/1797
f 2644/3009/2268 2684/3008/2268 2683/3271/1797
f 2683/3271/1797 2643/3270/1797 2644/3009/2268
f 2646/3272/1800 2686/3273/1800 2685/3012/2269
f 2685/3012/2269 2645/3015/2269 2646/3272/1800
f 2647/3274/1756 2687/3275/1756 2686/3273/1800
f 2686/3273/1800 2646/3272/1800 2647/3274/1756
f 2648/3276/2270 2688/3277/2270 2687/3275/1756
f 2687/3275/1756 2647/3274/1756 2648/3276/2270
f 2650/3278/1803 2690/3279/1803 2689/3020/2271
f 2689/3020/2271 2649/3023/2271 2650/3278/1803
f 2631/3259/1804 2672/3258/1804 2690/3279/1803
f 2690/3279/1803 2650/3278/1803 2631/3259/1804
f 2814/3280/621 2813/3281/621 2812/772/621
f 2812/772/621 2811/3282/621 2810/3283/621
f 2814/3280/621 2812/772/621 2810/3283/621
f 2810/3283/621 2808/767/621 2809/766/621
f 2814/3280/621 2810/3283/621 2809/766/621
f 2815/775/621 2814/3280/621 2809/766/621
usemtl Material_#9
s off
f 313/3091/622 314/3090/622 322/2436/622
f 322/2436/622 321/2435/622 313/3091/622
f 314/3090/622 315/3093/622 323/2437/622
f 323/2437/622 322/2436/622 314/3090/622
f 315/3093/622 316/3095/622 324/2438/622
f 324/2438/622 323/2437/622 315/3093/622
f 316/3095/622 317/3097/622 325/2439/622
f 325/2439/622 324/2438/622 316/3095/622
f 317/3097/622 318/3099/622 326/2440/622
f 326/2440/622 325/2439/622 317/3097/622
f 318/3099/2272 319/3101/2272 327/2441/2272
f 327/2441/622 326/2440/622 318/3099/622
f 319/3101/622 320/3103/622 328/2442/622
f 328/2442/622 327/2441/622 319/3101/622
f 320/3103/622 313/3091/622 321/2435/622
f 321/2435/622 328/2442/622 320/3103/622
f 332/3105/622 346/2449/622 347/2448/622
f 347/2448/622 331/3106/622 332/3105/622
f 331/3106/622 347/2448/622 348/2447/622
f 348/2447/622 334/3108/622 331/3106/622
f 334/3108/622 348/2447/622 349/2446/622
f 349/2446/622 336/3110/622 334/3108/622
f 336/3110/622 349/2446/622 350/2445/622
f 350/2445/622 338/3112/622 336/3110/622
f 338/3112/622 350/2445/622 351/2444/622
f 351/2444/622 340/3114/622 338/3112/622
f 340/3114/622 351/2444/622 352/2443/622
f 352/2443/622 342/3116/622 340/3114/622
f 342/3116/622 352/2443/622 345/2450/622
f 345/2450/2272 344/3118/2272 342/3116/2272
f 344/3118/622 345/2450/622 346/2449/622
f 346/2449/622 332/3105/622 344/3118/622
f 754/3284/2273 753/3285/2273 756/41/2273
f 756/41/2274 755/49/2274 754/3284/2274
f 756/41/2275 753/3285/2275 760/3286/2275
f 760/3286/2276 759/42/2276 756/41/2276
f 775/3287/2277 774/57/2277 773/61/2277
f 775/3287/2278 773/61/2278 759/3288/2278
f 760/3289/2279 775/3287/2279 759/3288/2279
f 778/3290/2280 776/3291/2280 777/3292/2280
f 777/3292/2281 779/3293/2281 778/3290/2281
f 775/58/1906 778/63/1906 1264/66/1906
f 1264/66/1905 792/59/1905 775/58/1905
f 779/64/2282 773/61/2282 1265/62/2282
f 1265/62/2282 793/65/2282 779/64/2282
f 1228/3294/2283 1227/150/2283 1226/142/2283
f 1226/142/2284 1225/3295/2284 1228/3294/2284
f 1226/142/2285 1232/141/2285 1231/3296/2285
f 1231/3296/2286 1225/3295/2286 1226/142/2286
f 1247/160/2287 1246/158/2287 1245/3297/2287
f 1232/3298/2288 1247/160/2288 1245/3297/2288
f 1231/3299/2289 1232/3298/2289 1245/3297/2289
f 1251/3300/2290 1250/3301/2290 1248/3302/2290
f 1248/3302/2291 1249/3303/2291 1251/3300/2291
f 1245/159/1905 792/59/1905 1264/66/1905
f 1264/66/1906 1251/161/1906 1245/159/1906
f 1250/162/2292 793/65/2292 1265/62/2292
f 1265/62/2282 1247/160/2282 1250/162/2282
f 1404/203/2293 1406/204/2293 1407/216/2293
f 1407/216/2293 1405/3304/2293 1404/203/2293
f 1412/200/175 1413/3305/175 1419/209/175
f 1419/209/175 1420/201/175 1412/200/175
f 1405/3304/2294 1413/3305/2294 1412/200/2294
f 1412/200/2294 1404/203/2294 1405/3304/2294
f 1410/208/2295 1411/207/2295 1421/212/2295
f 1421/212/2295 1422/202/2295 1410/208/2295
f 1407/216/2296 1406/204/2296 1424/211/2296
f 1424/211/2296 1423/217/2296 1407/216/2296
f 1422/202/2297 1421/212/2297 1426/215/2297
f 1426/215/2297 1425/210/2297 1422/202/2297
f 1405/3304/709 1407/216/709 1429/1009/709
f 1429/1009/709 1428/1008/709 1405/3304/709
f 1407/216/709 1418/213/709 1430/1004/709
f 1430/1004/709 1429/1009/709 1407/216/709
f 1418/213/709 1421/212/709 1431/1005/709
f 1431/1005/709 1430/1004/709 1418/213/709
f 1421/212/709 1411/207/709 1432/1072/709
f 1432/1072/709 1431/1005/709 1421/212/709
f 1411/207/709 1417/197/709 1433/1081/709
f 1433/1081/2298 1432/1072/2298 1411/207/2298
f 1417/197/2298 1415/196/2298 1434/1082/2298
f 1434/1082/709 1433/1081/709 1417/197/709
f 1415/196/709 1409/206/709 1435/1073/709
f 1435/1073/709 1434/1082/709 1415/196/709
f 1409/206/709 1419/209/709 1436/1006/709
f 1436/1006/709 1435/1073/709 1409/206/709
f 1419/209/709 1413/3305/709 1437/1007/709
f 1437/1007/709 1436/1006/709 1419/209/709
f 1413/3305/709 1405/3304/709 1428/1008/709
f 1428/1008/709 1437/1007/709 1413/3305/709
f 1438/225/2299 1441/3306/2299 1440/239/2299
f 1440/239/2299 1439/226/2299 1438/225/2299
f 1446/224/183 1449/223/183 1448/231/183
f 1448/231/183 1447/3307/183 1446/224/183
f 1441/3306/2300 1438/225/2300 1446/224/2300
f 1446/224/2300 1447/3307/2300 1441/3306/2300
f 1458/229/2301 1454/222/2301 1465/234/2301
f 1465/234/2301 1457/230/2301 1458/229/2301
f 1440/239/2302 1467/238/2302 1466/232/2302
f 1466/232/2302 1439/226/2302 1440/239/2302
f 1454/222/2303 1468/233/2303 1469/235/2303
f 1469/235/2304 1465/234/2304 1454/222/2304
f 1441/3306/710 1459/1014/710 1460/1015/710
f 1460/1015/710 1440/239/710 1441/3306/710
f 1440/239/710 1460/1015/710 1451/1010/710
f 1451/1010/710 1470/237/710 1440/239/710
f 1470/237/710 1451/1010/710 1452/1013/710
f 1452/1013/710 1465/234/710 1470/237/710
f 1465/234/710 1452/1013/710 1461/1074/710
f 1461/1074/710 1457/230/710 1465/234/710
f 1457/230/710 1461/1074/710 1462/1083/710
f 1462/1083/710 1444/221/710 1457/230/710
f 1444/221/710 1462/1083/710 1463/1084/710
f 1463/1084/710 1443/218/710 1444/221/710
f 1443/218/710 1463/1084/710 1464/1075/710
f 1464/1075/710 1456/227/710 1443/218/710
f 1456/227/710 1464/1075/710 1453/1012/710
f 1453/1012/710 1448/231/710 1456/227/710
f 1448/231/710 1453/1012/710 1450/1011/710
f 1450/1011/710 1447/3307/710 1448/231/710
f 1447/3307/2305 1450/1011/2305 1459/1014/2305
f 1459/1014/710 1441/3306/710 1447/3307/710
f 1480/241/2306 1478/3308/2306 1485/671/2306
f 1485/671/2306 1484/242/2306 1480/241/2306
f 1478/3308/2307 1483/691/2307 1486/672/2307
f 1486/672/2308 1485/671/2308 1478/3308/2308
f 1496/247/2306 1509/246/2306 1510/684/2306
f 1510/684/2306 1499/3309/2306 1496/247/2306
f 1499/3309/2309 1510/684/2309 1511/683/2309
f 1511/683/2310 1503/699/2310 1499/3309/2310
f 1513/2560/630 1512/1955/630 1633/2745/630
f 1633/2745/630 1632/3181/630 1513/2560/630
f 1512/1955/630 1531/1953/630 1634/2751/630
f 1634/2751/630 1633/2745/630 1512/1955/630
f 1531/1953/630 1530/1951/630 1635/3182/630
f 1635/3182/630 1634/2751/630 1531/1953/630
f 1530/1951/630 1529/1949/630 1636/3184/630
f 1636/3184/630 1635/3182/630 1530/1951/630
f 1529/1949/630 1528/1947/630 1637/2753/630
f 1637/2753/630 1636/3184/630 1529/1949/630
f 1528/1947/630 1527/1945/630 1638/2759/630
f 1638/2759/630 1637/2753/630 1528/1947/630
f 1527/1945/630 1526/1943/630 1639/3186/630
f 1639/3186/630 1638/2759/630 1527/1945/630
f 1526/1943/630 1525/1941/630 1640/3188/630
f 1640/3188/630 1639/3186/630 1526/1943/630
f 1525/1941/630 1524/1939/630 1641/2761/630
f 1641/2761/630 1640/3188/630 1525/1941/630
f 1524/1939/630 1523/1935/630 1642/2767/630
f 1642/2767/630 1641/2761/630 1524/1939/630
f 1523/1935/630 1522/1938/630 1643/3190/630
f 1643/3190/630 1642/2767/630 1523/1935/630
f 1522/1938/630 1521/2569/630 1644/3192/630
f 1644/3192/630 1643/3190/630 1522/1938/630
f 1521/2569/630 1520/2568/630 1645/2769/630
f 1645/2769/630 1644/3192/630 1521/2569/630
f 1520/2568/630 1519/2567/630 1646/2775/630
f 1646/2775/630 1645/2769/630 1520/2568/630
f 1519/2567/630 1518/2566/630 1647/3194/630
f 1647/3194/630 1646/2775/630 1519/2567/630
f 1518/2566/630 1517/2564/630 1648/3196/630
f 1648/3196/630 1647/3194/630 1518/2566/630
f 1517/2564/630 1516/2565/630 1649/3198/630
f 1649/3198/630 1648/3196/630 1517/2564/630
f 1516/2563/630 1515/2562/630 1650/2783/630
f 1650/2783/630 1649/2777/630 1516/2563/630
f 1515/2562/630 1514/2561/630 1651/3200/630
f 1651/3200/630 1650/2783/630 1515/2562/630
f 1514/2561/630 1513/2560/630 1632/3181/630
f 1632/3181/630 1651/3200/630 1514/2561/630
f 1634/2751/2311 1749/2750/2311 1747/2746/2311
f 1747/2746/2311 1633/2745/2311 1634/2751/2311
f 1672/2744/2312 1748/2747/2312 1750/2749/2312
f 1750/2749/2312 1674/2748/2312 1672/2744/2312
f 1638/2759/2313 1753/2758/2313 1751/2754/2313
f 1751/2754/2313 1637/2753/2313 1638/2759/2313
f 1677/2752/2314 1752/2755/2314 1754/2757/2314
f 1754/2757/2314 1678/2756/2314 1677/2752/2314
f 1642/2767/2315 1757/2766/2315 1755/2762/2315
f 1755/2762/2315 1641/2761/2315 1642/2767/2315
f 1681/2760/2316 1756/2763/2316 1758/2765/2316
f 1758/2765/2316 1682/2764/2316 1681/2760/2316
f 1646/2775/2317 1761/2774/2317 1759/2770/2317
f 1759/2770/2317 1645/2769/2317 1646/2775/2317
f 1685/2768/2318 1760/2771/2318 1762/2773/2318
f 1762/2773/2319 1686/2772/2319 1685/2768/2319
f 1650/2783/2320 1765/2782/2320 1763/2778/2320
f 1763/2778/2320 1649/2777/2320 1650/2783/2320
f 1689/2776/2321 1764/2779/2321 1766/2781/2321
f 1766/2781/2321 1690/2780/2321 1689/2776/2321
f 1696/3310/612 1695/3311/612 1693/3312/612
f 1698/3313/612 1696/3310/612 1693/3312/612
f 1701/3314/612 1698/3313/612 1693/3312/612
f 1775/2821/630 1776/2823/630 1772/2817/630
f 1774/2819/630 1775/2821/630 1772/2817/630
f 1773/2816/630 1774/2819/630 1772/2817/630
f 1673/3180/630 1672/2744/630 1708/2025/630
f 1708/2025/630 1707/2024/630 1673/3180/630
f 1672/2744/630 1674/2748/630 1709/2026/630
f 1709/2026/630 1708/2025/630 1672/2744/630
f 1674/2748/630 1675/3183/630 1710/2027/630
f 1710/2027/630 1709/2026/630 1674/2748/630
f 1675/3183/630 1676/3185/630 1711/2028/630
f 1711/2028/630 1710/2027/630 1675/3183/630
f 1676/3185/630 1677/2752/630 1712/2029/630
f 1712/2029/630 1711/2028/630 1676/3185/630
f 1677/2752/630 1678/2756/630 1713/2030/630
f 1713/2030/630 1712/2029/630 1677/2752/630
f 1678/2756/630 1679/3187/630 1714/2031/630
f 1714/2031/630 1713/2030/630 1678/2756/630
f 1679/3187/630 1680/3189/630 1715/2032/630
f 1715/2032/630 1714/2031/630 1679/3187/630
f 1680/3189/630 1681/2760/630 1716/2033/630
f 1716/2033/630 1715/2032/630 1680/3189/630
f 1681/2760/630 1682/2764/630 1717/2034/630
f 1717/2034/630 1716/2033/630 1681/2760/630
f 1682/2764/630 1683/3191/630 1718/2035/630
f 1718/2035/630 1717/2034/630 1682/2764/630
f 1683/3191/630 1684/3193/630 1719/2036/630
f 1719/2036/630 1718/2035/630 1683/3191/630
f 1684/3193/630 1685/2768/630 1720/2037/630
f 1720/2037/630 1719/2036/630 1684/3193/630
f 1685/2768/630 1686/2772/630 1721/2038/630
f 1721/2038/630 1720/2037/630 1685/2768/630
f 1686/2772/630 1687/3195/630 1722/2039/630
f 1722/2039/630 1721/2038/630 1686/2772/630
f 1687/3195/630 1688/3197/630 1723/2040/630
f 1723/2040/630 1722/2039/630 1687/3195/630
f 1688/3197/630 1689/3199/630 1724/2041/630
f 1724/2041/630 1723/2040/630 1688/3197/630
f 1689/2776/630 1690/2780/630 1725/2043/630
f 1725/2043/630 1724/2042/630 1689/2776/630
f 1690/2780/630 1691/3201/630 1726/2044/630
f 1726/2044/630 1725/2043/630 1690/2780/630
f 1691/3201/630 1673/3180/630 1707/2024/630
f 1707/2024/630 1726/2044/630 1691/3201/630
f 1692/2797/2322 1700/2794/2322 1747/2746/2322
f 1747/2746/2322 1749/2750/2322 1692/2797/2322
f 1701/2795/2323 1693/2796/2323 1750/2749/2323
f 1750/2749/2323 1748/2747/2323 1701/2795/2323
f 1694/2801/2324 1692/2798/2324 1751/2754/2324
f 1751/2754/2324 1753/2758/2324 1694/2801/2324
f 1693/2799/2325 1695/2800/2325 1754/2757/2325
f 1754/2757/2325 1752/2755/2325 1693/2799/2325
f 1697/2805/2326 1694/2802/2326 1755/2762/2326
f 1755/2762/2326 1757/2766/2326 1697/2805/2326
f 1695/2803/2327 1696/2804/2327 1758/2765/2327
f 1758/2765/2327 1756/2763/2327 1695/2803/2327
f 1699/2809/2328 1697/2806/2328 1759/2770/2328
f 1759/2770/2329 1761/2774/2329 1699/2809/2329
f 1696/2807/2330 1698/2808/2330 1762/2773/2330
f 1762/2773/2330 1760/2771/2330 1696/2807/2330
f 1700/2813/2331 1699/2810/2331 1763/2778/2331
f 1763/2778/2331 1765/2782/2331 1700/2813/2331
f 1698/2811/2332 1701/2812/2332 1766/2781/2332
f 1766/2781/2332 1764/2779/2332 1698/2811/2332
f 1702/2787/630 1703/2786/630 1768/2815/630
f 1768/2815/630 1767/2814/630 1702/2787/630
f 1703/2786/630 1704/2789/630 1769/2818/630
f 1769/2818/630 1768/2815/630 1703/2786/630
f 1704/2789/630 1705/2791/630 1770/2820/630
f 1770/2820/630 1769/2818/630 1704/2789/630
f 1705/2791/630 1706/2793/630 1771/2822/630
f 1771/2822/630 1770/2820/630 1705/2791/630
f 1706/2793/630 1702/2787/630 1767/2814/630
f 1767/2814/630 1771/2822/630 1706/2793/630
f 1846/2597/631 1845/2080/631 1966/2825/631
f 1966/2825/631 1965/3207/631 1846/2597/631
f 1845/2080/631 1864/2078/631 1967/2831/631
f 1967/2831/631 1966/2825/631 1845/2080/631
f 1864/2078/631 1863/2076/631 1968/3208/631
f 1968/3208/631 1967/2831/631 1864/2078/631
f 1863/2076/631 1862/2074/631 1969/3210/631
f 1969/3210/631 1968/3208/631 1863/2076/631
f 1862/2074/631 1861/2072/631 1970/2833/631
f 1970/2833/631 1969/3210/631 1862/2074/631
f 1861/2072/631 1860/2070/631 1971/2839/631
f 1971/2839/631 1970/2833/631 1861/2072/631
f 1860/2070/631 1859/2068/631 1972/3212/631
f 1972/3212/631 1971/2839/631 1860/2070/631
f 1859/2068/631 1858/2066/631 1973/3214/631
f 1973/3214/631 1972/3212/631 1859/2068/631
f 1858/2066/631 1857/2064/631 1974/2841/631
f 1974/2841/631 1973/3214/631 1858/2066/631
f 1857/2064/631 1856/2060/631 1975/2847/631
f 1975/2847/631 1974/2841/631 1857/2064/631
f 1856/2060/631 1855/2063/631 1976/3216/631
f 1976/3216/631 1975/2847/631 1856/2060/631
f 1855/2063/631 1854/2606/631 1977/3218/631
f 1977/3218/631 1976/3216/631 1855/2063/631
f 1854/2606/631 1853/2605/631 1978/2849/631
f 1978/2849/631 1977/3218/631 1854/2606/631
f 1853/2605/631 1852/2604/631 1979/2855/631
f 1979/2855/631 1978/2849/631 1853/2605/631
f 1852/2604/631 1851/2603/631 1980/3220/631
f 1980/3220/631 1979/2855/631 1852/2604/631
f 1851/2603/631 1850/2601/631 1981/3222/631
f 1981/3222/631 1980/3220/631 1851/2603/631
f 1850/2601/631 1849/2602/631 1982/3224/631
f 1982/3224/631 1981/3222/631 1850/2601/631
f 1849/2600/631 1848/2599/631 1983/2863/631
f 1983/2863/631 1982/2857/631 1849/2600/631
f 1848/2599/631 1847/2598/631 1984/3226/631
f 1984/3226/631 1983/2863/631 1848/2599/631
f 1847/2598/631 1846/2597/631 1965/3207/631
f 1965/3207/631 1984/3226/631 1847/2598/631
f 1967/2831/2333 2082/2830/2333 2080/2826/2333
f 2080/2826/2333 1966/2825/2333 1967/2831/2333
f 2005/2824/2334 2081/2827/2334 2083/2829/2334
f 2083/2829/2334 2007/2828/2334 2005/2824/2334
f 1971/2839/2335 2086/2838/2335 2084/2834/2335
f 2084/2834/2335 1970/2833/2335 1971/2839/2335
f 2010/2832/2336 2085/2835/2336 2087/2837/2336
f 2087/2837/2336 2011/2836/2336 2010/2832/2336
f 1975/2847/2337 2090/2846/2337 2088/2842/2337
f 2088/2842/2337 1974/2841/2337 1975/2847/2337
f 2014/2840/2338 2089/2843/2338 2091/2845/2338
f 2091/2845/2338 2015/2844/2338 2014/2840/2338
f 1979/2855/2339 2094/2854/2339 2092/2850/2339
f 2092/2850/2339 1978/2849/2339 1979/2855/2339
f 2018/2848/2340 2093/2851/2340 2095/2853/2340
f 2095/2853/2340 2019/2852/2340 2018/2848/2340
f 1983/2863/2341 2098/2862/2341 2096/2858/2341
f 2096/2858/2341 1982/2857/2341 1983/2863/2341
f 2022/2856/2342 2097/2859/2342 2099/2861/2342
f 2099/2861/2342 2023/2860/2342 2022/2856/2342
f 2029/3315/621 2028/3316/621 2026/3317/621
f 2031/3318/621 2029/3315/621 2026/3317/621
f 2034/3319/621 2031/3318/621 2026/3317/621
f 2108/2901/631 2109/2903/631 2105/2897/631
f 2107/2899/631 2108/2901/631 2105/2897/631
f 2106/2896/631 2107/2899/631 2105/2897/631
f 2006/3206/631 2005/2824/631 2041/2150/631
f 2041/2150/631 2040/2149/631 2006/3206/631
f 2005/2824/631 2007/2828/631 2042/2151/631
f 2042/2151/631 2041/2150/631 2005/2824/631
f 2007/2828/631 2008/3209/631 2043/2152/631
f 2043/2152/631 2042/2151/631 2007/2828/631
f 2008/3209/631 2009/3211/631 2044/2153/631
f 2044/2153/631 2043/2152/631 2008/3209/631
f 2009/3211/631 2010/2832/631 2045/2154/631
f 2045/2154/631 2044/2153/631 2009/3211/631
f 2010/2832/631 2011/2836/631 2046/2155/631
f 2046/2155/631 2045/2154/631 2010/2832/631
f 2011/2836/631 2012/3213/631 2047/2156/631
f 2047/2156/631 2046/2155/631 2011/2836/631
f 2012/3213/631 2013/3215/631 2048/2157/631
f 2048/2157/631 2047/2156/631 2012/3213/631
f 2013/3215/631 2014/2840/631 2049/2158/631
f 2049/2158/631 2048/2157/631 2013/3215/631
f 2014/2840/631 2015/2844/631 2050/2159/631
f 2050/2159/631 2049/2158/631 2014/2840/631
f 2015/2844/631 2016/3217/631 2051/2160/631
f 2051/2160/631 2050/2159/631 2015/2844/631
f 2016/3217/631 2017/3219/631 2052/2161/631
f 2052/2161/631 2051/2160/631 2016/3217/631
f 2017/3219/631 2018/2848/631 2053/2162/631
f 2053/2162/631 2052/2161/631 2017/3219/631
f 2018/2848/631 2019/2852/631 2054/2163/631
f 2054/2163/631 2053/2162/631 2018/2848/631
f 2019/2852/631 2020/3221/631 2055/2164/631
f 2055/2164/631 2054/2163/631 2019/2852/631
f 2020/3221/631 2021/3223/631 2056/2165/631
f 2056/2165/631 2055/2164/631 2020/3221/631
f 2021/3223/631 2022/3225/631 2057/2166/631
f 2057/2166/631 2056/2165/631 2021/3223/631
f 2022/2856/631 2023/2860/631 2058/2168/631
f 2058/2168/631 2057/2167/631 2022/2856/631
f 2023/2860/631 2024/3227/631 2059/2169/631
f 2059/2169/631 2058/2168/631 2023/2860/631
f 2024/3227/631 2006/3206/631 2040/2149/631
f 2040/2149/631 2059/2169/631 2024/3227/631
f 2025/2877/2343 2033/2874/2343 2080/2826/2343
f 2080/2826/2343 2082/2830/2343 2025/2877/2343
f 2034/2875/2344 2026/2876/2344 2083/2829/2344
f 2083/2829/2344 2081/2827/2344 2034/2875/2344
f 2027/2881/2345 2025/2878/2345 2084/2834/2345
f 2084/2834/2345 2086/2838/2345 2027/2881/2345
f 2026/2879/2346 2028/2880/2346 2087/2837/2346
f 2087/2837/2346 2085/2835/2346 2026/2879/2346
f 2030/2885/2347 2027/2882/2347 2088/2842/2347
f 2088/2842/2347 2090/2846/2347 2030/2885/2347
f 2028/2883/2348 2029/2884/2348 2091/2845/2348
f 2091/2845/2348 2089/2843/2348 2028/2883/2348
f 2032/2889/2349 2030/2886/2349 2092/2850/2349
f 2092/2850/2349 2094/2854/2349 2032/2889/2349
f 2029/2887/2350 2031/2888/2350 2095/2853/2350
f 2095/2853/2350 2093/2851/2350 2029/2887/2350
f 2033/2893/2351 2032/2890/2351 2096/2858/2351
f 2096/2858/2351 2098/2862/2351 2033/2893/2351
f 2031/2891/2352 2034/2892/2352 2099/2861/2352
f 2099/2861/2352 2097/2859/2352 2031/2891/2352
f 2035/2867/631 2036/2866/631 2101/2895/631
f 2101/2895/631 2100/2894/631 2035/2867/631
f 2036/2866/631 2037/2869/631 2102/2898/631
f 2102/2898/631 2101/2895/631 2036/2866/631
f 2037/2869/631 2038/2871/631 2103/2900/631
f 2103/2900/631 2102/2898/631 2037/2869/631
f 2038/2871/631 2039/2873/631 2104/2902/631
f 2104/2902/631 2103/2900/631 2038/2871/631
f 2039/2873/631 2035/2867/631 2100/2894/631
f 2100/2894/631 2104/2902/631 2039/2873/631
f 2179/2634/612 2178/2205/612 2299/2905/612
f 2299/2905/612 2298/3233/612 2179/2634/612
f 2178/2205/612 2197/2203/612 2300/2911/612
f 2300/2911/612 2299/2905/612 2178/2205/612
f 2197/2203/612 2196/2201/612 2301/3234/612
f 2301/3234/612 2300/2911/612 2197/2203/612
f 2196/2201/612 2195/2199/612 2302/3236/612
f 2302/3236/612 2301/3234/612 2196/2201/612
f 2195/2199/612 2194/2197/612 2303/2913/612
f 2303/2913/612 2302/3236/612 2195/2199/612
f 2194/2197/612 2193/2195/612 2304/2919/612
f 2304/2919/612 2303/2913/612 2194/2197/612
f 2193/2195/612 2192/2193/612 2305/3238/612
f 2305/3238/612 2304/2919/612 2193/2195/612
f 2192/2193/612 2191/2191/612 2306/3240/612
f 2306/3240/612 2305/3238/612 2192/2193/612
f 2191/2191/612 2190/2189/612 2307/2921/612
f 2307/2921/612 2306/3240/612 2191/2191/612
f 2190/2189/612 2189/2185/612 2308/2927/612
f 2308/2927/612 2307/2921/612 2190/2189/612
f 2189/2185/612 2188/2188/612 2309/3242/612
f 2309/3242/612 2308/2927/612 2189/2185/612
f 2188/2188/612 2187/2643/612 2310/3244/612
f 2310/3244/612 2309/3242/612 2188/2188/612
f 2187/2643/612 2186/2642/612 2311/2929/612
f 2311/2929/612 2310/3244/612 2187/2643/612
f 2186/2642/612 2185/2641/612 2312/2935/612
f 2312/2935/612 2311/2929/612 2186/2642/612
f 2185/2641/612 2184/2640/612 2313/3246/612
f 2313/3246/612 2312/2935/612 2185/2641/612
f 2184/2640/612 2183/2638/612 2314/3248/612
f 2314/3248/612 2313/3246/612 2184/2640/612
f 2183/2638/612 2182/2639/612 2315/3250/612
f 2315/3250/612 2314/3248/612 2183/2638/612
f 2182/2637/612 2181/2636/612 2316/2943/612
f 2316/2943/612 2315/2937/612 2182/2637/612
f 2181/2636/612 2180/2635/612 2317/3252/612
f 2317/3252/612 2316/2943/612 2181/2636/612
f 2180/2635/612 2179/2634/612 2298/3233/612
f 2298/3233/612 2317/3252/612 2180/2635/612
f 2300/2911/2353 2415/2910/2353 2413/2906/2353
f 2413/2906/2353 2299/2905/2353 2300/2911/2353
f 2338/2904/2354 2414/2907/2354 2416/2909/2354
f 2416/2909/2354 2340/2908/2354 2338/2904/2354
f 2304/2919/2355 2419/2918/2355 2417/2914/2355
f 2417/2914/2355 2303/2913/2355 2304/2919/2355
f 2343/2912/2356 2418/2915/2356 2420/2917/2356
f 2420/2917/2356 2344/2916/2356 2343/2912/2356
f 2308/2927/2357 2423/2926/2357 2421/2922/2357
f 2421/2922/2357 2307/2921/2357 2308/2927/2357
f 2347/2920/2358 2422/2923/2358 2424/2925/2358
f 2424/2925/2358 2348/2924/2358 2347/2920/2358
f 2312/2935/2359 2427/2934/2359 2425/2930/2359
f 2425/2930/2359 2311/2929/2359 2312/2935/2359
f 2351/2928/2360 2426/2931/2360 2428/2933/2360
f 2428/2933/2361 2352/2932/2361 2351/2928/2361
f 2316/2943/2362 2431/2942/2362 2429/2938/2362
f 2429/2938/2362 2315/2937/2362 2316/2943/2362
f 2355/2936/2363 2430/2939/2363 2432/2941/2363
f 2432/2941/2363 2356/2940/2363 2355/2936/2363
f 2362/3320/630 2361/3321/630 2359/3322/630
f 2364/3323/630 2362/3320/630 2359/3322/630
f 2367/3324/630 2364/3323/630 2359/3322/630
f 2441/2981/612 2442/2983/612 2438/2977/612
f 2440/2979/612 2441/2981/612 2438/2977/612
f 2439/2976/612 2440/2979/612 2438/2977/612
f 2339/3232/612 2338/2904/612 2374/2275/612
f 2374/2275/612 2373/2274/612 2339/3232/612
f 2338/2904/612 2340/2908/612 2375/2276/612
f 2375/2276/612 2374/2275/612 2338/2904/612
f 2340/2908/612 2341/3235/612 2376/2277/612
f 2376/2277/612 2375/2276/612 2340/2908/612
f 2341/3235/612 2342/3237/612 2377/2278/612
f 2377/2278/612 2376/2277/612 2341/3235/612
f 2342/3237/612 2343/2912/612 2378/2279/612
f 2378/2279/612 2377/2278/612 2342/3237/612
f 2343/2912/612 2344/2916/612 2379/2280/612
f 2379/2280/612 2378/2279/612 2343/2912/612
f 2344/2916/612 2345/3239/612 2380/2281/612
f 2380/2281/612 2379/2280/612 2344/2916/612
f 2345/3239/612 2346/3241/612 2381/2282/612
f 2381/2282/612 2380/2281/612 2345/3239/612
f 2346/3241/612 2347/2920/612 2382/2283/612
f 2382/2283/612 2381/2282/612 2346/3241/612
f 2347/2920/612 2348/2924/612 2383/2284/612
f 2383/2284/612 2382/2283/612 2347/2920/612
f 2348/2924/612 2349/3243/612 2384/2285/612
f 2384/2285/612 2383/2284/612 2348/2924/612
f 2349/3243/612 2350/3245/612 2385/2286/612
f 2385/2286/612 2384/2285/612 2349/3243/612
f 2350/3245/612 2351/2928/612 2386/2287/612
f 2386/2287/612 2385/2286/612 2350/3245/612
f 2351/2928/612 2352/2932/612 2387/2288/612
f 2387/2288/612 2386/2287/612 2351/2928/612
f 2352/2932/612 2353/3247/612 2388/2289/612
f 2388/2289/612 2387/2288/612 2352/2932/612
f 2353/3247/612 2354/3249/612 2389/2290/612
f 2389/2290/612 2388/2289/612 2353/3247/612
f 2354/3249/612 2355/3251/612 2390/2291/612
f 2390/2291/612 2389/2290/612 2354/3249/612
f 2355/2936/612 2356/2940/612 2391/2293/612
f 2391/2293/612 2390/2292/612 2355/2936/612
f 2356/2940/612 2357/3253/612 2392/2294/612
f 2392/2294/612 2391/2293/612 2356/2940/612
f 2357/3253/612 2339/3232/612 2373/2274/612
f 2373/2274/612 2392/2294/612 2357/3253/612
f 2358/2957/2364 2366/2954/2364 2413/2906/2364
f 2413/2906/2364 2415/2910/2364 2358/2957/2364
f 2367/2955/2365 2359/2956/2365 2416/2909/2365
f 2416/2909/2365 2414/2907/2365 2367/2955/2365
f 2360/2961/2366 2358/2958/2366 2417/2914/2366
f 2417/2914/2366 2419/2918/2366 2360/2961/2366
f 2359/2959/2367 2361/2960/2367 2420/2917/2367
f 2420/2917/2367 2418/2915/2367 2359/2959/2367
f 2363/2965/2368 2360/2962/2368 2421/2922/2368
f 2421/2922/2368 2423/2926/2368 2363/2965/2368
f 2361/2963/2369 2362/2964/2369 2424/2925/2369
f 2424/2925/2369 2422/2923/2369 2361/2963/2369
f 2365/2969/2370 2363/2966/2370 2425/2930/2370
f 2425/2930/2370 2427/2934/2370 2365/2969/2370
f 2362/2967/2371 2364/2968/2371 2428/2933/2371
f 2428/2933/2371 2426/2931/2371 2362/2967/2371
f 2366/2973/2372 2365/2970/2372 2429/2938/2372
f 2429/2938/2372 2431/2942/2372 2366/2973/2372
f 2364/2971/2373 2367/2972/2373 2432/2941/2373
f 2432/2941/2373 2430/2939/2373 2364/2971/2373
f 2368/2947/612 2369/2946/612 2434/2975/612
f 2434/2975/612 2433/2974/612 2368/2947/612
f 2369/2946/612 2370/2949/612 2435/2978/612
f 2435/2978/612 2434/2975/612 2369/2946/612
f 2370/2949/612 2371/2951/612 2436/2980/612
f 2436/2980/612 2435/2978/612 2370/2949/612
f 2371/2951/612 2372/2953/612 2437/2982/612
f 2437/2982/612 2436/2980/612 2371/2951/612
f 2372/2953/612 2368/2947/612 2433/2974/612
f 2433/2974/612 2437/2982/612 2372/2953/612
f 2512/2671/621 2511/2330/621 2632/2985/621
f 2632/2985/621 2631/3259/621 2512/2671/621
f 2511/2330/621 2530/2328/621 2633/2991/621
f 2633/2991/621 2632/2985/621 2511/2330/621
f 2530/2328/621 2529/2326/621 2634/3260/621
f 2634/3260/621 2633/2991/621 2530/2328/621
f 2529/2326/621 2528/2324/621 2635/3262/621
f 2635/3262/621 2634/3260/621 2529/2326/621
f 2528/2324/621 2527/2322/621 2636/2993/621
f 2636/2993/621 2635/3262/621 2528/2324/621
f 2527/2322/621 2526/2320/621 2637/2999/621
f 2637/2999/621 2636/2993/621 2527/2322/621
f 2526/2320/621 2525/2318/621 2638/3264/621
f 2638/3264/621 2637/2999/621 2526/2320/621
f 2525/2318/621 2524/2316/621 2639/3266/621
f 2639/3266/621 2638/3264/621 2525/2318/621
f 2524/2316/621 2523/2314/621 2640/3001/621
f 2640/3001/621 2639/3266/621 2524/2316/621
f 2523/2314/621 2522/2310/621 2641/3007/621
f 2641/3007/621 2640/3001/621 2523/2314/621
f 2522/2310/621 2521/2313/621 2642/3268/621
f 2642/3268/621 2641/3007/621 2522/2310/621
f 2521/2313/621 2520/2680/621 2643/3270/621
f 2643/3270/621 2642/3268/621 2521/2313/621
f 2520/2680/621 2519/2679/621 2644/3009/621
f 2644/3009/621 2643/3270/621 2520/2680/621
f 2519/2679/621 2518/2678/621 2645/3015/621
f 2645/3015/621 2644/3009/621 2519/2679/621
f 2518/2678/621 2517/2677/621 2646/3272/621
f 2646/3272/621 2645/3015/621 2518/2678/621
f 2517/2677/621 2516/2675/621 2647/3274/621
f 2647/3274/621 2646/3272/621 2517/2677/621
f 2516/2675/621 2515/2676/621 2648/3276/621
f 2648/3276/621 2647/3274/621 2516/2675/621
f 2515/2674/621 2514/2673/621 2649/3023/621
f 2649/3023/621 2648/3017/621 2515/2674/621
f 2514/2673/621 2513/2672/621 2650/3278/621
f 2650/3278/621 2649/3023/621 2514/2673/621
f 2513/2672/621 2512/2671/621 2631/3259/621
f 2631/3259/621 2650/3278/621 2513/2672/621
f 2633/2991/2374 2748/2990/2374 2746/2986/2374
f 2746/2986/2374 2632/2985/2374 2633/2991/2374
f 2671/2984/2375 2747/2987/2375 2749/2989/2375
f 2749/2989/2375 2673/2988/2375 2671/2984/2375
f 2637/2999/2376 2752/2998/2376 2750/2994/2376
f 2750/2994/2376 2636/2993/2376 2637/2999/2376
f 2676/2992/2377 2751/2995/2377 2753/2997/2377
f 2753/2997/2377 2677/2996/2377 2676/2992/2377
f 2641/3007/2378 2756/3006/2378 2754/3002/2378
f 2754/3002/2378 2640/3001/2378 2641/3007/2378
f 2680/3000/2379 2755/3003/2379 2757/3005/2379
f 2757/3005/2379 2681/3004/2379 2680/3000/2379
f 2645/3015/2380 2760/3014/2380 2758/3010/2380
f 2758/3010/2380 2644/3009/2380 2645/3015/2380
f 2684/3008/2381 2759/3011/2381 2761/3013/2381
f 2761/3013/2381 2685/3012/2381 2684/3008/2381
f 2649/3023/2382 2764/3022/2382 2762/3018/2382
f 2762/3018/2382 2648/3017/2382 2649/3023/2382
f 2688/3016/2383 2763/3019/2383 2765/3021/2383
f 2765/3021/2383 2689/3020/2383 2688/3016/2383
f 2695/3325/631 2694/3326/631 2692/3327/631
f 2697/3328/631 2695/3325/631 2692/3327/631
f 2700/3329/631 2697/3328/631 2692/3327/631
f 2774/3061/621 2775/3063/621 2771/3057/621
f 2773/3059/621 2774/3061/621 2771/3057/621
f 2772/3056/621 2773/3059/621 2771/3057/621
f 2672/3258/621 2671/2984/621 2707/2400/621
f 2707/2400/621 2706/2399/621 2672/3258/621
f 2671/2984/621 2673/2988/621 2708/2401/621
f 2708/2401/621 2707/2400/621 2671/2984/621
f 2673/2988/621 2674/3261/621 2709/2402/621
f 2709/2402/621 2708/2401/621 2673/2988/621
f 2674/3261/621 2675/3263/621 2710/2403/621
f 2710/2403/621 2709/2402/621 2674/3261/621
f 2675/3263/621 2676/2992/621 2711/2404/621
f 2711/2404/621 2710/2403/621 2675/3263/621
f 2676/2992/621 2677/2996/621 2712/2405/621
f 2712/2405/621 2711/2404/621 2676/2992/621
f 2677/2996/621 2678/3265/621 2713/2406/621
f 2713/2406/621 2712/2405/621 2677/2996/621
f 2678/3265/621 2679/3267/621 2714/2407/621
f 2714/2407/621 2713/2406/621 2678/3265/621
f 2679/3267/621 2680/3000/621 2715/2408/621
f 2715/2408/621 2714/2407/621 2679/3267/621
f 2680/3000/621 2681/3004/621 2716/2409/621
f 2716/2409/621 2715/2408/621 2680/3000/621
f 2681/3004/621 2682/3269/621 2717/2410/621
f 2717/2410/621 2716/2409/621 2681/3004/621
f 2682/3269/621 2683/3271/621 2718/2411/621
f 2718/2411/621 2717/2410/621 2682/3269/621
f 2683/3271/621 2684/3008/621 2719/2412/621
f 2719/2412/621 2718/2411/621 2683/3271/621
f 2684/3008/621 2685/3012/621 2720/2413/621
f 2720/2413/621 2719/2412/621 2684/3008/621
f 2685/3012/621 2686/3273/621 2721/2414/621
f 2721/2414/621 2720/2413/621 2685/3012/621
f 2686/3273/621 2687/3275/621 2722/2415/621
f 2722/2415/621 2721/2414/621 2686/3273/621
f 2687/3275/621 2688/3277/621 2723/2416/621
f 2723/2416/621 2722/2415/621 2687/3275/621
f 2688/3016/621 2689/3020/621 2724/2418/621
f 2724/2418/621 2723/2417/621 2688/3016/621
f 2689/3020/621 2690/3279/621 2725/2419/621
f 2725/2419/621 2724/2418/621 2689/3020/621
f 2690/3279/621 2672/3258/621 2706/2399/621
f 2706/2399/621 2725/2419/621 2690/3279/621
f 2691/3037/2384 2699/3034/2384 2746/2986/2384
f 2746/2986/2384 2748/2990/2384 2691/3037/2384
f 2700/3035/2385 2692/3036/2385 2749/2989/2385
f 2749/2989/2385 2747/2987/2385 2700/3035/2385
f 2693/3041/2386 2691/3038/2386 2750/2994/2386
f 2750/2994/2386 2752/2998/2386 2693/3041/2386
f 2692/3039/2387 2694/3040/2387 2753/2997/2387
f 2753/2997/2387 2751/2995/2387 2692/3039/2387
f 2696/3045/2388 2693/3042/2388 2754/3002/2388
f 2754/3002/2388 2756/3006/2388 2696/3045/2388
f 2694/3043/2389 2695/3044/2389 2757/3005/2389
f 2757/3005/2389 2755/3003/2389 2694/3043/2389
f 2698/3049/2390 2696/3046/2390 2758/3010/2390
f 2758/3010/2391 2760/3014/2391 2698/3049/2391
f 2695/3047/2392 2697/3048/2392 2761/3013/2392
f 2761/3013/2392 2759/3011/2392 2695/3047/2392
f 2699/3053/2393 2698/3050/2393 2762/3018/2393
f 2762/3018/2393 2764/3022/2393 2699/3053/2393
f 2697/3051/2394 2700/3052/2394 2765/3021/2394
f 2765/3021/2394 2763/3019/2394 2697/3051/2394
f 2701/3027/621 2702/3026/621 2767/3055/621
f 2767/3055/621 2766/3054/621 2701/3027/621
f 2702/3026/621 2703/3029/621 2768/3058/621
f 2768/3058/621 2767/3055/621 2702/3026/621
f 2703/3029/621 2704/3031/621 2769/3060/621
f 2769/3060/621 2768/3058/621 2703/3029/621
f 2704/3031/621 2705/3033/621 2770/3062/621
f 2770/3062/621 2769/3060/621 2704/3031/621
f 2705/3033/621 2701/3027/621 2766/3054/621
f 2766/3054/621 2770/3062/621 2705/3033/621
s 1
f 375/2482/2395 374/361/295 373/401/338
f 373/401/338 372/3330/2396 375/2482/2395
f 376/3331/2397 379/2491/2398 378/363/297
f 378/363/297 377/362/296 376/3331/2397
f 380/3332/2399 383/3333/2400 382/3334/2401
f 382/3334/2401 381/3335/2402 380/3332/2399
f 401/3336/2403 400/3337/2404 403/3137/2405
f 403/3137/2405 402/3136/2406 401/3336/2403
f 415/1246/2407 414/3338/2408 413/3339/2409
f 413/3339/2409 412/2488/2410 415/1246/2407
f 439/1850/2411 438/367/302 437/92/304
f 437/92/304 436/437/376 439/1850/2411
f 376/2489/2397 377/362/296 444/3340/365
f 442/2490/2412 376/2489/2397 444/3340/365
f 442/2490/2412 444/3340/365 443/2495/2412
f 813/88/2413 814/91/674 819/99/673
f 819/99/673 820/100/2414 813/88/2413
f 382/3334/2401 383/3333/2400 514/3341/2415
f 514/3341/2415 513/3342/2416 382/3334/2401
f 447/296/247 448/295/246 515/2496/2417
f 515/2496/2417 413/3339/2409 447/296/247
f 463/308/254 516/454/386 414/3338/2408
f 414/3338/2408 513/3342/2416 463/308/254
f 520/3124/2418 514/3341/2415 383/3333/2400
f 383/3333/2400 400/3337/2404 520/3124/2418
f 541/3343/2419 540/71/2420 543/69/2421
f 543/69/2421 542/68/2422 541/3343/2419
f 372/1849/2396 373/450/338 438/367/302
f 438/367/302 439/1850/2411 372/1849/2396
f 559/438/377 560/435/374 511/96/2423
f 511/96/2423 512/94/398 559/438/377
f 561/433/372 563/430/369 562/85/401
f 562/85/401 509/98/400 561/433/372
f 575/73/2424 540/71/2420 541/3343/2419
f 541/3343/2419 576/78/2425 575/73/2424
f 578/3121/2426 577/3120/2427 370/3122/2428
f 370/3122/2428 1039/3344/2429 578/3121/2426
f 563/430/369 580/429/368 1041/82/2430
f 1041/82/2430 562/85/401 563/430/369
f 586/2484/2431 585/2498/2432 504/359/293
f 586/2484/2431 504/359/293 374/361/295
f 375/2482/2395 586/2484/2431 374/361/295
f 499/350/286 461/306/253 588/1882/2433
f 403/3137/2405 400/3337/2404 383/3333/2400
f 383/3333/2400 380/3332/2399 403/3137/2405
f 401/3336/2403 402/3136/2406 591/3149/2148
f 591/3149/2148 590/3150/2149 401/3336/2403
f 592/3125/2434 520/3124/2418 400/3337/2404
f 400/3337/2404 401/3336/2403 592/3125/2434
f 560/435/374 561/433/372 509/98/400
f 509/98/400 511/96/2423 560/435/374
f 378/363/297 379/2491/2398 594/3138/2435
f 594/3138/2435 593/3139/2436 378/363/297
f 379/2491/2398 596/1408/2437 595/3143/2438
f 595/3143/2438 594/3138/2435 379/2491/2398
f 596/1408/2437 598/2478/2439 597/3142/2440
f 597/3142/2440 595/3143/2438 596/1408/2437
f 517/365/300 545/390/326 600/3140/2441
f 600/3140/2441 599/3141/2442 517/365/300
f 545/390/326 378/363/297 593/3139/2436
f 593/3139/2436 600/3140/2441 545/390/326
f 517/365/300 599/3141/2442 602/3147/2443
f 602/3147/2443 601/442/381 517/365/300
f 599/3141/2442 597/3142/2440 603/3146/2444
f 603/3146/2444 602/3147/2443 599/3141/2442
f 597/3142/2440 598/2478/2439 604/3145/2445
f 604/3145/2445 603/3146/2444 597/3142/2440
f 1068/2479/2446 1069/3144/2447 604/3145/2445
f 604/3145/2445 598/2478/2439 1068/2479/2446
f 605/440/379 559/438/377 512/94/398
f 1075/3345/2448 608/3123/2449 578/3121/2450
f 578/3121/2450 1039/3344/2451 1075/3345/2448
f 607/1871/1137 608/3123/2449 1075/3345/2448
f 1075/3345/2448 1076/1872/1138 607/1871/1137
f 634/1245/2452 381/3335/2402 414/3338/2408
f 414/3338/2408 415/1246/2407 634/1245/2452
f 447/296/247 413/3339/2409 414/3338/2408
f 414/3338/2408 516/454/386 447/296/247
f 413/3339/2409 515/2496/2417 637/2497/2453
f 412/2488/2410 413/3339/2409 637/2497/2453
f 636/2485/2454 412/2488/2410 637/2497/2453
f 448/295/246 488/340/278 515/2496/2417
f 463/308/254 513/3342/2416 514/3341/2415
f 514/3341/2415 460/301/250 463/308/254
f 460/301/250 514/3341/2415 520/3124/2418
f 520/3124/2418 459/302/251 460/301/250
f 459/302/251 520/3124/2418 646/3126/2455
f 646/3126/2455 462/305/252 459/302/251
f 462/305/252 646/3126/2455 647/3127/2456
f 647/3127/2456 461/306/253 462/305/252
f 461/306/253 649/3130/2457 648/3129/2458
f 648/3129/2458 588/1882/2433 461/306/253
f 588/1882/2433 648/3129/2458 652/3133/2459
f 588/1882/2433 652/3133/2459 651/464/396
f 588/1882/2433 651/464/396 650/463/395
f 652/3133/2459 654/3148/2460 653/465/397
f 653/465/397 651/464/396 652/3133/2459
f 655/1262/2461 657/3135/2462 403/3137/2405
f 403/3137/2405 656/1264/2463 655/1262/2461
f 656/1264/2463 403/3137/2405 380/3332/2399
f 380/3332/2399 658/1266/2464 656/1264/2463
f 634/1245/2452 658/1266/2464 380/3332/2399
f 380/3332/2399 381/3335/2402 634/1245/2452
f 513/3342/2416 414/3338/2408 382/3334/2401
f 414/3338/2408 381/3335/2402 382/3334/2401
f 401/3336/2403 590/3150/2149 659/3128/2150
f 659/3128/2150 592/3125/2434 401/3336/2403
f 657/3135/2462 655/1262/2461 679/462/394
f 654/3148/2460 657/3135/2462 679/462/394
f 653/465/397 654/3148/2460 679/462/394
f 461/306/253 647/3127/2456 649/3130/2457
f 812/79/2465 541/3343/2419 542/68/2422
f 542/68/2422 810/81/2466 812/79/2465
f 576/78/2425 541/3343/2419 812/79/2465
f 812/79/2465 811/75/2467 576/78/2425
f 822/2534/2468 821/3346/2469 824/615/535
f 824/615/535 823/578/495 822/2534/2468
f 825/3347/2470 828/581/498 827/580/497
f 827/580/497 826/2544/2471 825/3347/2470
f 829/3348/2472 832/3349/2473 831/3350/2474
f 831/3350/2474 830/3351/2475 829/3348/2472
f 852/3352/2476 851/3167/2477 850/3166/2478
f 850/3166/2478 849/3353/2479 852/3352/2476
f 862/1268/2480 861/2539/2481 864/3354/2482
f 864/3354/2482 863/3355/2483 862/1268/2480
f 886/1892/2484 885/633/555 888/187/502
f 888/187/502 887/583/501 886/1892/2484
f 891/2542/2485 893/1916/2485 892/3356/547
f 892/3356/547 828/581/498 825/2543/2470
f 891/2542/2485 892/3356/547 825/2543/2470
f 957/181/2486 956/194/2487 955/192/685
f 955/192/685 954/183/684 957/181/2486
f 831/3350/2474 963/3357/2488 962/3358/2489
f 962/3358/2489 830/3351/2475 831/3350/2474
f 896/512/447 864/3354/2482 964/1919/2490
f 964/1919/2490 897/513/448 896/512/447
f 912/525/455 963/3357/2488 863/3355/2483
f 863/3355/2483 965/650/565 912/525/455
f 969/3154/2491 849/3353/2479 830/3351/2475
f 830/3351/2475 962/3358/2489 969/3154/2491
f 994/3359/2492 993/164/2493 992/169/2494
f 992/169/2494 991/168/2495 994/3359/2492
f 821/1893/2469 886/1892/2484 887/583/501
f 887/583/501 824/646/535 821/1893/2469
f 1010/634/556 1013/189/576 1012/191/2496
f 1012/191/2496 1011/631/553 1010/634/556
f 1014/630/552 1017/193/579 1016/178/578
f 1016/178/578 1015/628/550 1014/630/552
f 1033/171/2497 1034/175/2498 994/3359/2492
f 994/3359/2492 991/168/2495 1033/171/2497
f 1040/3151/2499 1039/3344/2429 370/3122/2428
f 370/3122/2428 1038/3152/2500 1040/3151/2499
f 1015/628/550 1016/178/578 1041/82/2430
f 1041/82/2430 580/429/368 1015/628/550
f 952/577/494 1047/2549/2501 1046/2536/2502
f 823/578/495 952/577/494 1046/2536/2502
f 822/2534/2468 823/578/495 1046/2536/2502
f 946/570/489 1050/2548/2503 910/522/453
f 850/3166/2478 829/3348/2472 830/3351/2475
f 830/3351/2475 849/3353/2479 850/3166/2478
f 852/3352/2476 1053/3179/2221 1052/3178/2220
f 1052/3178/2220 851/3167/2477 852/3352/2476
f 1054/3156/2504 852/3352/2476 849/3353/2479
f 849/3353/2479 969/3154/2491 1054/3156/2504
f 1011/631/553 1012/191/2496 1017/193/579
f 1017/193/579 1014/630/552 1011/631/553
f 827/580/497 1057/3169/2505 1056/3168/2506
f 1056/3168/2506 826/2544/2471 827/580/497
f 826/2544/2471 1056/3168/2506 1059/3173/2507
f 1059/3173/2507 1058/1430/2508 826/2544/2471
f 1058/1430/2508 1059/3173/2507 1061/3172/2509
f 1061/3172/2509 1060/2532/2510 1058/1430/2508
f 967/582/499 1063/3171/2511 1062/3170/2512
f 1062/3170/2512 996/606/526 967/582/499
f 996/606/526 1062/3170/2512 1057/3169/2505
f 1057/3169/2505 827/580/497 996/606/526
f 967/582/499 1065/638/560 1064/3176/2513
f 1064/3176/2513 1063/3171/2511 967/582/499
f 1063/3171/2511 1064/3176/2513 1066/3175/2514
f 1066/3175/2514 1061/3172/2509 1063/3171/2511
f 1061/3172/2509 1066/3175/2514 1067/3174/2515
f 1067/3174/2515 1060/2532/2510 1061/3172/2509
f 1068/2479/2446 1060/2532/2510 1067/3174/2515
f 1067/3174/2515 1069/3144/2447 1068/2479/2446
f 1070/637/559 1013/189/576 1010/634/556
f 1075/3345/2448 1039/3344/2451 1040/3151/2516
f 1040/3151/2516 1073/3153/2517 1075/3345/2448
f 1074/1910/1225 1076/1872/1138 1075/3345/2448
f 1075/3345/2448 1073/3153/2517 1074/1910/1225
f 1103/1269/2518 862/1268/2480 863/3355/2483
f 863/3355/2483 832/3349/2473 1103/1269/2518
f 896/512/447 965/650/565 863/3355/2483
f 863/3355/2483 864/3354/2482 896/512/447
f 1106/1920/2519 964/1919/2490 864/3354/2482
f 1106/1920/2519 864/3354/2482 861/2539/2481
f 1105/2538/2520 1106/1920/2519 861/2539/2481
f 897/513/448 964/1919/2490 937/556/478
f 912/525/455 909/519/452 962/3358/2489
f 962/3358/2489 963/3357/2488 912/525/455
f 909/519/452 908/518/451 969/3154/2491
f 969/3154/2491 962/3358/2489 909/519/452
f 908/518/451 911/523/454 1114/3155/2521
f 1114/3155/2521 969/3154/2491 908/518/451
f 911/523/454 910/522/453 1115/3157/2522
f 1115/3157/2522 1114/3155/2521 911/523/454
f 910/522/453 1050/2548/2503 1117/3159/2523
f 1117/3159/2523 1116/3162/2524 910/522/453
f 1050/2548/2503 1120/660/575 1119/659/574
f 1050/2548/2503 1119/659/574 1118/3163/2525
f 1050/2548/2503 1118/3163/2525 1117/3159/2523
f 1118/3163/2525 1119/659/574 1122/658/573
f 1122/658/573 1121/3177/2526 1118/3163/2525
f 1123/1276/2527 1125/1274/2528 850/3166/2478
f 850/3166/2478 1124/3165/2529 1123/1276/2527
f 1125/1274/2528 1126/1272/2530 829/3348/2472
f 829/3348/2472 850/3166/2478 1125/1274/2528
f 1103/1269/2518 832/3349/2473 829/3348/2472
f 829/3348/2472 1126/1272/2530 1103/1269/2518
f 963/3357/2488 831/3350/2474 863/3355/2483
f 863/3355/2483 831/3350/2474 832/3349/2473
f 852/3352/2476 1054/3156/2504 1127/3158/2222
f 1127/3158/2222 1053/3179/2221 852/3352/2476
f 1148/657/572 1123/1276/2527 1124/3165/2529
f 1148/657/572 1124/3165/2529 1121/3177/2526
f 1122/658/573 1148/657/572 1121/3177/2526
f 910/522/453 1116/3162/2524 1115/3157/2522
f 1284/177/2531 1282/165/2532 993/164/2493
f 993/164/2493 994/3359/2492 1284/177/2531
f 1034/175/2498 1283/174/2533 1284/177/2531
f 1284/177/2531 994/3359/2492 1034/175/2498
f 1480/3360/2534 1481/3361/2534 1479/3362/2534
f 1479/3362/2534 1478/3363/2534 1480/3360/2534
f 1472/3364/2535 1473/3365/2536 1477/669/2537
f 1477/669/2537 1476/668/2538 1472/3364/2535
f 1474/3366/2539 1483/3367/2540 1482/3368/2541
f 1482/3368/2541 1475/3369/2542 1474/3366/2539
f 1483/3367/2540 1478/3370/2543 1479/3371/2544
f 1479/3371/2544 1482/3368/2541 1483/3367/2540
f 1496/3372/2534 1499/3373/2534 1498/3374/2534
f 1498/3374/2534 1497/3375/2534 1496/3372/2534
f 1492/3376/2545 1501/682/2546 1500/681/2547
f 1500/681/2547 1495/3377/2548 1492/3376/2545
f 1493/3378/2549 1494/3379/2550 1502/3380/2551
f 1502/3380/2551 1503/3381/2552 1493/3378/2549
f 1503/3381/2552 1502/3380/2551 1498/3382/2553
f 1498/3382/2553 1499/3383/2554 1503/3381/2552
usemtl Material_#14
f 1488/689/2555 1489/688/2555 1490/690/2555
f 1490/690/2555 1491/692/2556 1488/689/2555
f 1504/694/2555 1507/698/2555 1506/697/2555
f 1506/697/2555 1505/695/2555 1504/694/2555
usemtl Material_#17
f 433/3384/2557 435/452/383 434/451/385
f 536/386/320 552/3385/1581 433/3384/2557
f 433/3384/2557 434/451/385 536/386/320
f 556/3386/1579 551/396/333 1003/398/335
f 1003/398/335 555/3387/1580 556/3386/1579
f 557/3388/1578 552/3385/1581 536/386/320
f 536/386/320 537/387/321 557/3388/1578
f 557/3388/1578 537/387/321 551/396/333
f 551/396/333 556/3386/1579 557/3388/1578
f 435/3389/383 433/3390/2557 458/2453/1575
f 458/2453/1575 468/3391/384 435/3389/383
f 433/3390/2557 552/2459/1581 458/2453/1575
f 467/441/380 468/3391/384 458/2453/1575
f 882/3392/2558 884/647/564 883/648/563
f 985/602/519 884/647/564 882/3392/2558
f 882/3392/2558 1004/3393/1678 985/602/519
f 1007/3394/1677 555/3387/1580 1003/398/335
f 1003/398/335 1002/612/532 1007/3394/1677
f 1008/3395/1676 986/603/520 985/602/519
f 985/602/519 1004/3393/1678 1008/3395/1676
f 1008/3395/1676 1007/3394/1677 1002/612/532
f 1002/612/532 986/603/520 1008/3395/1676
f 883/3396/563 1055/3397/562 905/2512/1675
f 905/2512/1675 882/3398/2558 883/3396/563
f 882/3398/2558 905/2512/1675 1004/2515/1678
f 916/636/558 905/2512/1675 1055/3397/562
usemtl Material_#19
s off
f 1822/780/2559 1821/779/2559 1823/783/2559
f 1823/783/2559 1824/782/2559 1822/780/2559
f 1821/3399/2560 1820/3400/2560 1825/3401/2560
f 1825/3401/2560 1823/3402/2560 1821/3399/2560
f 1820/3400/2561 1819/777/2561 1826/785/2561
f 1826/785/2561 1825/3401/2561 1820/3400/2561
f 1819/777/2562 1818/3403/2562 1827/3404/2562
f 1827/3404/2562 1826/785/2562 1819/777/2562
f 1818/3403/2563 1817/808/2563 1828/787/2563
f 1828/787/2563 1827/3404/2563 1818/3403/2563
f 1830/788/2564 1835/798/2564 1836/797/2564
f 1836/797/2564 1831/789/2564 1830/788/2564
f 1831/3405/2565 1836/3406/2565 1837/3407/2565
f 1837/3407/2565 1832/3408/2565 1831/3405/2565
f 1832/3408/2562 1837/3407/2562 1838/3409/2562
f 1838/3409/2566 1833/3410/2566 1832/3408/2566
f 1833/3410/2561 1838/3409/2561 1839/3411/2561
f 1839/3411/2561 1834/3412/2561 1833/3410/2561
f 1834/3412/2567 1839/3411/2567 1840/3413/2567
f 1840/3413/2567 1829/3414/2567 1834/3412/2567
f 1840/803/2568 1828/787/2568 1817/808/2568
f 1817/808/2569 1829/3415/2569 1840/803/2569
f 1830/806/2570 1841/805/2570 1842/3416/2570
f 1842/3416/2570 1835/3417/2570 1830/806/2570
f 1822/780/2571 1824/782/2571 1843/3418/2571
f 1843/3418/2571 1844/804/2571 1822/780/2571
f 1841/805/2572 1844/804/2572 1843/3418/2572
f 1843/3418/2572 1842/3416/2572 1841/805/2572
f 2151/813/2573 2152/812/2573 2157/816/2573
f 2157/816/2573 2156/815/2573 2151/813/2573
f 2152/3419/2574 2153/3420/2574 2158/3421/2574
f 2158/3421/2574 2157/3422/2574 2152/3419/2574
f 2153/3420/2575 2154/810/2575 2159/818/2575
f 2159/818/2575 2158/3421/2575 2153/3420/2575
f 2154/810/2576 2155/3423/2576 2160/3424/2576
f 2160/3424/2576 2159/818/2576 2154/810/2576
f 2155/3423/2577 2150/841/2577 2161/820/2577
f 2161/820/2577 2160/3424/2577 2155/3423/2577
f 2167/821/2578 2169/831/2578 2168/830/2578
f 2168/830/2578 2166/822/2578 2167/821/2578
f 2166/3425/2579 2168/3426/2579 2170/3427/2579
f 2170/3427/2579 2165/3428/2579 2166/3425/2579
f 2165/3428/2576 2170/3427/2576 2171/3429/2576
f 2171/3429/2576 2164/3430/2576 2165/3428/2576
f 2164/3430/2575 2171/3429/2575 2172/3431/2575
f 2172/3431/2575 2163/3432/2575 2164/3430/2575
f 2163/3432/2580 2172/3431/2580 2173/3433/2580
f 2173/3433/2580 2162/3434/2580 2163/3432/2580
f 2173/836/2581 2161/820/2581 2150/841/2581
f 2150/841/2581 2162/3435/2581 2173/836/2581
f 2167/839/2582 2175/838/2582 2174/3436/2582
f 2174/3436/2582 2169/3437/2582 2167/839/2582
f 2151/813/2583 2156/815/2583 2176/3438/2583
f 2176/3438/2583 2177/837/2583 2151/813/2583
f 2175/838/2584 2177/837/2584 2176/3438/2584
f 2176/3438/2584 2174/3436/2584 2175/838/2584
f 2483/842/2585 2489/852/2585 2490/851/2585
f 2490/851/2559 2484/843/2559 2483/842/2559
f 2484/3439/2586 2490/3440/2586 2491/3441/2586
f 2491/3441/2560 2485/3442/2560 2484/3439/2560
f 2485/3442/2561 2491/3441/2561 2492/849/2561
f 2492/849/2561 2486/845/2561 2485/3442/2561
f 2486/845/2562 2492/849/2562 2493/3443/2562
f 2493/3443/2566 2487/3444/2566 2486/845/2566
f 2487/3444/2563 2493/3443/2563 2494/853/2563
f 2494/853/2563 2488/870/2563 2487/3444/2563
f 2500/858/2564 2499/857/2564 2501/861/2564
f 2501/861/2564 2502/860/2564 2500/858/2564
f 2499/3445/2565 2498/3446/2565 2503/3447/2565
f 2503/3447/2565 2501/3448/2565 2499/3445/2565
f 2498/3446/2562 2497/3449/2562 2504/3450/2562
f 2504/3450/2562 2503/3447/2562 2498/3446/2562
f 2497/3449/2561 2496/3451/2561 2505/3452/2561
f 2505/3452/2561 2504/3450/2561 2497/3449/2561
f 2496/3451/2567 2495/3453/2567 2506/3454/2567
f 2506/3454/2567 2505/3452/2567 2496/3451/2567
f 2506/869/2568 2495/3455/2568 2488/870/2568
f 2488/870/2568 2494/853/2568 2506/869/2568
f 2500/872/2570 2502/3456/2570 2510/3457/2570
f 2510/3457/2570 2509/873/2570 2500/872/2570
f 2483/842/2571 2507/874/2571 2508/3458/2571
f 2508/3458/2571 2489/852/2571 2483/842/2571
f 2509/873/2572 2510/3457/2572 2508/3458/2572
f 2508/3458/2572 2507/874/2572 2509/873/2572
f 2821/875/2587 2823/885/2587 2822/884/2587
f 2822/884/2573 2820/876/2573 2821/875/2573
f 2820/3459/2574 2822/3460/2574 2824/3461/2574
f 2824/3461/2574 2819/3462/2574 2820/3459/2574
f 2819/3462/2575 2824/3461/2575 2825/882/2575
f 2825/882/2575 2818/878/2575 2819/3462/2575
f 2818/878/2576 2825/882/2576 2826/3463/2576
f 2826/3463/2576 2817/3464/2576 2818/878/2576
f 2817/3464/2577 2826/3463/2577 2827/886/2577
f 2827/886/2577 2816/903/2577 2817/3464/2577
f 2829/891/2578 2830/890/2578 2835/894/2578
f 2835/894/2578 2834/893/2578 2829/891/2578
f 2830/3465/2579 2831/3466/2579 2836/3467/2579
f 2836/3467/2579 2835/3468/2579 2830/3465/2579
f 2831/3466/2576 2832/3469/2576 2837/3470/2576
f 2837/3470/2576 2836/3467/2576 2831/3466/2576
f 2832/3469/2575 2833/3471/2575 2838/3472/2575
f 2838/3472/2575 2837/3470/2575 2832/3469/2575
f 2833/3471/2580 2828/3473/2580 2839/3474/2580
f 2839/3474/2580 2838/3472/2580 2833/3471/2580
f 2839/902/2581 2828/3475/2581 2816/903/2581
f 2816/903/2581 2827/886/2581 2839/902/2581
f 2829/905/2582 2834/3476/2582 2841/3477/2582
f 2841/3477/2582 2840/906/2582 2829/905/2582
f 2821/875/2583 2843/907/2583 2842/3478/2583
f 2842/3478/2583 2823/885/2583 2821/875/2583
f 2840/906/2584 2841/3477/2584 2842/3478/2584
f 2842/3478/2584 2843/907/2584 2840/906/2584
o Floor_Mesh.001
v -2.897275 0.000000 0.474988
v 2.262242 0.000000 1.227980
v -2.446069 -0.000000 -1.155387
v 2.864535 -0.000000 -0.718582
v -1.497622 0.000000 1.420994
v -1.845359 0.000000 1.294525
v -1.379823 0.000000 1.294525
v -2.020573 -0.000000 -1.419335
v -1.717082 -0.000000 -1.313022
v -2.191879 -0.000000 -1.220710
v 2.866946 0.000000 0.657788
v 2.619525 -0.000000 -1.083479
v 2.658870 0.000000 1.048335
v 2.206587 -0.000000 -1.208944
v -1.253729 0.000000 1.204489
v -1.615505 -0.000000 -1.228152
v -2.162710 0.000000 1.226830
v -2.670246 -0.000000 -1.001224
v -2.468415 0.000000 1.146473
v -2.671701 0.000000 1.008977
v -2.789763 0.000000 0.804342
v -2.816666 -0.000000 -0.741780
v -2.878104 -0.000000 -0.556958
v -2.924000 -0.000000 -0.040985
v -2.018619 0.000000 0.036908
v -1.548452 -0.000000 -0.009249
v 2.932793 -0.000000 -0.009249
v -1.668242 -0.000000 -0.004218
v -1.434617 -0.000000 -0.011832
v 1.827090 0.000000 1.265091
v 1.051687 0.000000 1.214345
v 1.935763 0.000000 1.222990
v 1.827129 -0.000000 -0.010651
v 1.051683 -0.000000 -0.010735
v 1.935814 -0.000000 -0.010144
v 1.160361 -0.000000 -1.261257
v 1.935774 -0.000000 -1.212592
v 1.051685 -0.000000 -1.219913
v 1.160361 0.000000 1.258343
v 1.160369 -0.000000 -0.011132
v 1.827099 -0.000000 -1.255543
v -1.636750 0.000000 1.436575
v -1.885610 -0.000000 -1.435081
v -1.851716 0.000000 0.012826
vt 0.407618 0.964493
vt 0.362134 0.987339
vt 0.330087 0.996299
vt 0.241655 0.999873
vt 0.235834 0.844723
vt 0.449022 0.884669
vt 0.435776 0.927509
vt 0.247591 0.764869
vt 0.248971 0.745463
vt 0.455048 0.786370
vt 0.468693 0.804405
vt 0.241321 0.816439
vt 0.484331 0.857074
vt 0.026489 0.725332
vt 0.245744 0.785270
vt 0.003934 0.744391
vt 0.042894 0.704557
vt 0.060238 0.311047
vt 0.269302 0.321158
vt 0.153823 0.991054
vt 0.098505 0.969989
vt 0.064557 0.948152
vt 0.042771 0.912326
vt 0.031580 0.859493
vt 0.022647 0.804778
vt 0.000127 0.768005
vt 0.488132 0.834172
vt 0.405059 0.017629
vt 0.465309 0.062452
vt 0.483312 0.133957
vt 0.481700 0.180202
vt 0.276497 0.170273
vt 0.284572 0.000127
vt 0.067901 0.104349
vt 0.101831 0.038145
vt 0.170197 0.005859
vt 0.066058 0.160105
vt 0.475653 0.331136
vt 0.053626 0.292139
vt 0.270267 0.302614
vt 0.488132 0.199103
vt 0.275687 0.188824
vt 0.057976 0.178303
vt 0.483605 0.312931
vn 0.0000 1.0000 -0.0000
usemtl Material_#7
s 1
f 2928/3479/2588 2932/3480/2588 2933/3481/2588
f 2933/3481/2588 2934/3482/2588 2935/3483/2588
f 2933/3481/2588 2935/3483/2588 2920/3484/2588
f 2928/3479/2588 2933/3481/2588 2920/3484/2588
f 2913/3485/2588 2928/3479/2588 2920/3484/2588
f 2936/3486/2588 2939/3487/2588 2926/3488/2588
f 2926/3488/2588 2919/3489/2588 2936/3486/2588
f 2920/3484/2588 2935/3483/2588 2954/3490/2588
f 2954/3490/2588 2918/3491/2588 2920/3484/2588
f 2917/3492/2588 2936/3486/2588 2938/3493/2588
f 2938/3493/2588 2915/3494/2588 2917/3492/2588
f 2925/3495/2588 2941/3496/2588 2944/3497/2588
f 2944/3497/2588 2939/3487/2588 2925/3495/2588
f 2911/3498/2588 2931/3499/2588 2930/3500/2588
f 2930/3500/2588 2929/3501/2588 2927/3502/2588
f 2911/3498/2588 2930/3500/2588 2927/3502/2588
f 2927/3502/2588 2916/3503/2588 2935/3483/2588
f 2911/3498/2588 2927/3502/2588 2935/3483/2588
f 2934/3482/2588 2911/3498/2588 2935/3483/2588
f 2936/3486/2588 2917/3492/2588 2925/3495/2588
f 2925/3495/2588 2939/3487/2588 2936/3486/2588
f 2916/3503/2588 2952/3504/2588 2954/3490/2588
f 2954/3490/2588 2935/3483/2588 2916/3503/2588
f 2919/3489/2588 2953/3505/2588 2938/3493/2588
f 2938/3493/2588 2936/3486/2588 2919/3489/2588
f 2914/3506/2588 2922/3507/2588 2924/3508/2588
f 2914/3506/2588 2924/3508/2588 2947/3509/2588
f 2914/3506/2588 2947/3509/2588 2945/3510/2588
f 2937/3511/2588 2914/3506/2588 2945/3510/2588
f 2912/3512/2588 2923/3513/2588 2921/3514/2588
f 2921/3514/2588 2937/3511/2588 2945/3510/2588
f 2912/3512/2588 2921/3514/2588 2945/3510/2588
f 2942/3515/2588 2912/3512/2588 2945/3510/2588
f 2948/3516/2588 2926/3488/2588 2939/3487/2588
f 2939/3487/2588 2944/3497/2588 2948/3516/2588
f 2944/3497/2588 2941/3496/2588 2949/3517/2588
f 2949/3517/2588 2950/3518/2588 2944/3497/2588
f 2945/3510/2588 2947/3509/2588 2951/3519/2588
f 2951/3519/2588 2943/3520/2588 2945/3510/2588
f 2942/3515/2588 2945/3510/2588 2943/3520/2588
f 2943/3520/2588 2940/3521/2588 2942/3515/2588
f 2948/3516/2588 2944/3497/2588 2950/3518/2588
f 2950/3518/2588 2946/3522/2588 2948/3516/2588
f 2949/3517/2588 2940/3521/2588 2943/3520/2588
f 2943/3520/2588 2950/3518/2588 2949/3517/2588
f 2951/3519/2588 2946/3522/2588 2950/3518/2588
f 2950/3518/2588 2943/3520/2588 2951/3519/2588
f 2954/3490/2588 2938/3493/2588 2953/3505/2588
f 2953/3505/2588 2918/3491/2588 2954/3490/2588
f 2938/3493/2588 2954/3490/2588 2952/3504/2588
f 2952/3504/2588 2915/3494/2588 2938/3493/2588
